audio_filepath,duration,sample_rate,text_dialect,text_central,region,speaker_id,utterance_id,is_augmented
audio_data/south/voice_1/voice_1_1.wav,3.2,16000,พันพรือบ้างช่วงนี้,เป็นอย่างไรบ้างช่วงนี้,south,voice_1,voice_1_1,False
audio_data/south/voice_1/voice_1_1_aug_1.wav,3.2,16000,พันพรือบ้างช่วงนี้,เป็นอย่างไรบ้างช่วงนี้,south,voice_1,voice_1_1,True
audio_data/south/voice_1/voice_1_1_aug_10.wav,3.2,16000,พันพรือบ้างช่วงนี้,เป็นอย่างไรบ้างช่วงนี้,south,voice_1,voice_1_1,True
audio_data/south/voice_1/voice_1_1_aug_100.wav,3.2,16000,พันพรือบ้างช่วงนี้,เป็นอย่างไรบ้างช่วงนี้,south,voice_1,voice_1_1,True
audio_data/south/voice_1/voice_1_1_aug_11.wav,3.2,16000,พันพรือบ้างช่วงนี้,เป็นอย่างไรบ้างช่วงนี้,south,voice_1,voice_1_1,True
audio_data/south/voice_1/voice_1_1_aug_12.wav,3.2,16000,พันพรือบ้างช่วงนี้,เป็นอย่างไรบ้างช่วงนี้,south,voice_1,voice_1_1,True
audio_data/south/voice_1/voice_1_1_aug_13.wav,3.2,16000,พันพรือบ้างช่วงนี้,เป็นอย่างไรบ้างช่วงนี้,south,voice_1,voice_1_1,True
audio_data/south/voice_1/voice_1_1_aug_14.wav,3.2,16000,พันพรือบ้างช่วงนี้,เป็นอย่างไรบ้างช่วงนี้,south,voice_1,voice_1_1,True
audio_data/south/voice_1/voice_1_1_aug_15.wav,3.2,16000,พันพรือบ้างช่วงนี้,เป็นอย่างไรบ้างช่วงนี้,south,voice_1,voice_1_1,True
audio_data/south/voice_1/voice_1_1_aug_16.wav,3.2,16000,พันพรือบ้างช่วงนี้,เป็นอย่างไรบ้างช่วงนี้,south,voice_1,voice_1_1,True
audio_data/south/voice_1/voice_1_1_aug_17.wav,3.2,16000,พันพรือบ้างช่วงนี้,เป็นอย่างไรบ้างช่วงนี้,south,voice_1,voice_1_1,True
audio_data/south/voice_1/voice_1_1_aug_18.wav,3.2,16000,พันพรือบ้างช่วงนี้,เป็นอย่างไรบ้างช่วงนี้,south,voice_1,voice_1_1,True
audio_data/south/voice_1/voice_1_1_aug_19.wav,3.2,16000,พันพรือบ้างช่วงนี้,เป็นอย่างไรบ้างช่วงนี้,south,voice_1,voice_1_1,True
audio_data/south/voice_1/voice_1_1_aug_2.wav,3.2,16000,พันพรือบ้างช่วงนี้,เป็นอย่างไรบ้างช่วงนี้,south,voice_1,voice_1_1,True
audio_data/south/voice_1/voice_1_1_aug_20.wav,3.2,16000,พันพรือบ้างช่วงนี้,เป็นอย่างไรบ้างช่วงนี้,south,voice_1,voice_1_1,True
audio_data/south/voice_1/voice_1_1_aug_21.wav,3.2,16000,พันพรือบ้างช่วงนี้,เป็นอย่างไรบ้างช่วงนี้,south,voice_1,voice_1_1,True
audio_data/south/voice_1/voice_1_1_aug_22.wav,3.2,16000,พันพรือบ้างช่วงนี้,เป็นอย่างไรบ้างช่วงนี้,south,voice_1,voice_1_1,True
audio_data/south/voice_1/voice_1_1_aug_23.wav,3.2,16000,พันพรือบ้างช่วงนี้,เป็นอย่างไรบ้างช่วงนี้,south,voice_1,voice_1_1,True
audio_data/south/voice_1/voice_1_1_aug_24.wav,3.2,16000,พันพรือบ้างช่วงนี้,เป็นอย่างไรบ้างช่วงนี้,south,voice_1,voice_1_1,True
audio_data/south/voice_1/voice_1_1_aug_25.wav,3.2,16000,พันพรือบ้างช่วงนี้,เป็นอย่างไรบ้างช่วงนี้,south,voice_1,voice_1_1,True
audio_data/south/voice_1/voice_1_1_aug_26.wav,3.2,16000,พันพรือบ้างช่วงนี้,เป็นอย่างไรบ้างช่วงนี้,south,voice_1,voice_1_1,True
audio_data/south/voice_1/voice_1_1_aug_27.wav,3.2,16000,พันพรือบ้างช่วงนี้,เป็นอย่างไรบ้างช่วงนี้,south,voice_1,voice_1_1,True
audio_data/south/voice_1/voice_1_1_aug_28.wav,3.2,16000,พันพรือบ้างช่วงนี้,เป็นอย่างไรบ้างช่วงนี้,south,voice_1,voice_1_1,True
audio_data/south/voice_1/voice_1_1_aug_29.wav,3.2,16000,พันพรือบ้างช่วงนี้,เป็นอย่างไรบ้างช่วงนี้,south,voice_1,voice_1_1,True
audio_data/south/voice_1/voice_1_1_aug_3.wav,3.2,16000,พันพรือบ้างช่วงนี้,เป็นอย่างไรบ้างช่วงนี้,south,voice_1,voice_1_1,True
audio_data/south/voice_1/voice_1_1_aug_30.wav,3.2,16000,พันพรือบ้างช่วงนี้,เป็นอย่างไรบ้างช่วงนี้,south,voice_1,voice_1_1,True
audio_data/south/voice_1/voice_1_1_aug_31.wav,3.2,16000,พันพรือบ้างช่วงนี้,เป็นอย่างไรบ้างช่วงนี้,south,voice_1,voice_1_1,True
audio_data/south/voice_1/voice_1_1_aug_32.wav,3.2,16000,พันพรือบ้างช่วงนี้,เป็นอย่างไรบ้างช่วงนี้,south,voice_1,voice_1_1,True
audio_data/south/voice_1/voice_1_1_aug_33.wav,3.2,16000,พันพรือบ้างช่วงนี้,เป็นอย่างไรบ้างช่วงนี้,south,voice_1,voice_1_1,True
audio_data/south/voice_1/voice_1_1_aug_34.wav,3.2,16000,พันพรือบ้างช่วงนี้,เป็นอย่างไรบ้างช่วงนี้,south,voice_1,voice_1_1,True
audio_data/south/voice_1/voice_1_1_aug_35.wav,3.2,16000,พันพรือบ้างช่วงนี้,เป็นอย่างไรบ้างช่วงนี้,south,voice_1,voice_1_1,True
audio_data/south/voice_1/voice_1_1_aug_36.wav,3.2,16000,พันพรือบ้างช่วงนี้,เป็นอย่างไรบ้างช่วงนี้,south,voice_1,voice_1_1,True
audio_data/south/voice_1/voice_1_1_aug_37.wav,3.2,16000,พันพรือบ้างช่วงนี้,เป็นอย่างไรบ้างช่วงนี้,south,voice_1,voice_1_1,True
audio_data/south/voice_1/voice_1_1_aug_38.wav,3.2,16000,พันพรือบ้างช่วงนี้,เป็นอย่างไรบ้างช่วงนี้,south,voice_1,voice_1_1,True
audio_data/south/voice_1/voice_1_1_aug_39.wav,3.2,16000,พันพรือบ้างช่วงนี้,เป็นอย่างไรบ้างช่วงนี้,south,voice_1,voice_1_1,True
audio_data/south/voice_1/voice_1_1_aug_4.wav,3.2,16000,พันพรือบ้างช่วงนี้,เป็นอย่างไรบ้างช่วงนี้,south,voice_1,voice_1_1,True
audio_data/south/voice_1/voice_1_1_aug_40.wav,3.2,16000,พันพรือบ้างช่วงนี้,เป็นอย่างไรบ้างช่วงนี้,south,voice_1,voice_1_1,True
audio_data/south/voice_1/voice_1_1_aug_41.wav,3.2,16000,พันพรือบ้างช่วงนี้,เป็นอย่างไรบ้างช่วงนี้,south,voice_1,voice_1_1,True
audio_data/south/voice_1/voice_1_1_aug_42.wav,3.2,16000,พันพรือบ้างช่วงนี้,เป็นอย่างไรบ้างช่วงนี้,south,voice_1,voice_1_1,True
audio_data/south/voice_1/voice_1_1_aug_43.wav,3.2,16000,พันพรือบ้างช่วงนี้,เป็นอย่างไรบ้างช่วงนี้,south,voice_1,voice_1_1,True
audio_data/south/voice_1/voice_1_1_aug_44.wav,3.2,16000,พันพรือบ้างช่วงนี้,เป็นอย่างไรบ้างช่วงนี้,south,voice_1,voice_1_1,True
audio_data/south/voice_1/voice_1_1_aug_45.wav,3.2,16000,พันพรือบ้างช่วงนี้,เป็นอย่างไรบ้างช่วงนี้,south,voice_1,voice_1_1,True
audio_data/south/voice_1/voice_1_1_aug_46.wav,3.2,16000,พันพรือบ้างช่วงนี้,เป็นอย่างไรบ้างช่วงนี้,south,voice_1,voice_1_1,True
audio_data/south/voice_1/voice_1_1_aug_47.wav,3.2,16000,พันพรือบ้างช่วงนี้,เป็นอย่างไรบ้างช่วงนี้,south,voice_1,voice_1_1,True
audio_data/south/voice_1/voice_1_1_aug_48.wav,3.2,16000,พันพรือบ้างช่วงนี้,เป็นอย่างไรบ้างช่วงนี้,south,voice_1,voice_1_1,True
audio_data/south/voice_1/voice_1_1_aug_49.wav,3.2,16000,พันพรือบ้างช่วงนี้,เป็นอย่างไรบ้างช่วงนี้,south,voice_1,voice_1_1,True
audio_data/south/voice_1/voice_1_1_aug_5.wav,3.2,16000,พันพรือบ้างช่วงนี้,เป็นอย่างไรบ้างช่วงนี้,south,voice_1,voice_1_1,True
audio_data/south/voice_1/voice_1_1_aug_50.wav,3.2,16000,พันพรือบ้างช่วงนี้,เป็นอย่างไรบ้างช่วงนี้,south,voice_1,voice_1_1,True
audio_data/south/voice_1/voice_1_1_aug_51.wav,3.2,16000,พันพรือบ้างช่วงนี้,เป็นอย่างไรบ้างช่วงนี้,south,voice_1,voice_1_1,True
audio_data/south/voice_1/voice_1_1_aug_52.wav,3.2,16000,พันพรือบ้างช่วงนี้,เป็นอย่างไรบ้างช่วงนี้,south,voice_1,voice_1_1,True
audio_data/south/voice_1/voice_1_1_aug_53.wav,3.2,16000,พันพรือบ้างช่วงนี้,เป็นอย่างไรบ้างช่วงนี้,south,voice_1,voice_1_1,True
audio_data/south/voice_1/voice_1_1_aug_54.wav,3.2,16000,พันพรือบ้างช่วงนี้,เป็นอย่างไรบ้างช่วงนี้,south,voice_1,voice_1_1,True
audio_data/south/voice_1/voice_1_1_aug_55.wav,3.2,16000,พันพรือบ้างช่วงนี้,เป็นอย่างไรบ้างช่วงนี้,south,voice_1,voice_1_1,True
audio_data/south/voice_1/voice_1_1_aug_56.wav,3.2,16000,พันพรือบ้างช่วงนี้,เป็นอย่างไรบ้างช่วงนี้,south,voice_1,voice_1_1,True
audio_data/south/voice_1/voice_1_1_aug_57.wav,3.2,16000,พันพรือบ้างช่วงนี้,เป็นอย่างไรบ้างช่วงนี้,south,voice_1,voice_1_1,True
audio_data/south/voice_1/voice_1_1_aug_58.wav,3.2,16000,พันพรือบ้างช่วงนี้,เป็นอย่างไรบ้างช่วงนี้,south,voice_1,voice_1_1,True
audio_data/south/voice_1/voice_1_1_aug_59.wav,3.2,16000,พันพรือบ้างช่วงนี้,เป็นอย่างไรบ้างช่วงนี้,south,voice_1,voice_1_1,True
audio_data/south/voice_1/voice_1_1_aug_6.wav,3.2,16000,พันพรือบ้างช่วงนี้,เป็นอย่างไรบ้างช่วงนี้,south,voice_1,voice_1_1,True
audio_data/south/voice_1/voice_1_1_aug_60.wav,3.2,16000,พันพรือบ้างช่วงนี้,เป็นอย่างไรบ้างช่วงนี้,south,voice_1,voice_1_1,True
audio_data/south/voice_1/voice_1_1_aug_61.wav,3.2,16000,พันพรือบ้างช่วงนี้,เป็นอย่างไรบ้างช่วงนี้,south,voice_1,voice_1_1,True
audio_data/south/voice_1/voice_1_1_aug_62.wav,3.2,16000,พันพรือบ้างช่วงนี้,เป็นอย่างไรบ้างช่วงนี้,south,voice_1,voice_1_1,True
audio_data/south/voice_1/voice_1_1_aug_63.wav,3.2,16000,พันพรือบ้างช่วงนี้,เป็นอย่างไรบ้างช่วงนี้,south,voice_1,voice_1_1,True
audio_data/south/voice_1/voice_1_1_aug_64.wav,3.2,16000,พันพรือบ้างช่วงนี้,เป็นอย่างไรบ้างช่วงนี้,south,voice_1,voice_1_1,True
audio_data/south/voice_1/voice_1_1_aug_65.wav,3.2,16000,พันพรือบ้างช่วงนี้,เป็นอย่างไรบ้างช่วงนี้,south,voice_1,voice_1_1,True
audio_data/south/voice_1/voice_1_1_aug_66.wav,3.2,16000,พันพรือบ้างช่วงนี้,เป็นอย่างไรบ้างช่วงนี้,south,voice_1,voice_1_1,True
audio_data/south/voice_1/voice_1_1_aug_67.wav,3.2,16000,พันพรือบ้างช่วงนี้,เป็นอย่างไรบ้างช่วงนี้,south,voice_1,voice_1_1,True
audio_data/south/voice_1/voice_1_1_aug_68.wav,3.2,16000,พันพรือบ้างช่วงนี้,เป็นอย่างไรบ้างช่วงนี้,south,voice_1,voice_1_1,True
audio_data/south/voice_1/voice_1_1_aug_69.wav,3.2,16000,พันพรือบ้างช่วงนี้,เป็นอย่างไรบ้างช่วงนี้,south,voice_1,voice_1_1,True
audio_data/south/voice_1/voice_1_1_aug_7.wav,3.2,16000,พันพรือบ้างช่วงนี้,เป็นอย่างไรบ้างช่วงนี้,south,voice_1,voice_1_1,True
audio_data/south/voice_1/voice_1_1_aug_70.wav,3.2,16000,พันพรือบ้างช่วงนี้,เป็นอย่างไรบ้างช่วงนี้,south,voice_1,voice_1_1,True
audio_data/south/voice_1/voice_1_1_aug_71.wav,3.2,16000,พันพรือบ้างช่วงนี้,เป็นอย่างไรบ้างช่วงนี้,south,voice_1,voice_1_1,True
audio_data/south/voice_1/voice_1_1_aug_72.wav,3.2,16000,พันพรือบ้างช่วงนี้,เป็นอย่างไรบ้างช่วงนี้,south,voice_1,voice_1_1,True
audio_data/south/voice_1/voice_1_1_aug_73.wav,3.2,16000,พันพรือบ้างช่วงนี้,เป็นอย่างไรบ้างช่วงนี้,south,voice_1,voice_1_1,True
audio_data/south/voice_1/voice_1_1_aug_74.wav,3.2,16000,พันพรือบ้างช่วงนี้,เป็นอย่างไรบ้างช่วงนี้,south,voice_1,voice_1_1,True
audio_data/south/voice_1/voice_1_1_aug_75.wav,3.2,16000,พันพรือบ้างช่วงนี้,เป็นอย่างไรบ้างช่วงนี้,south,voice_1,voice_1_1,True
audio_data/south/voice_1/voice_1_1_aug_76.wav,3.2,16000,พันพรือบ้างช่วงนี้,เป็นอย่างไรบ้างช่วงนี้,south,voice_1,voice_1_1,True
audio_data/south/voice_1/voice_1_1_aug_77.wav,3.2,16000,พันพรือบ้างช่วงนี้,เป็นอย่างไรบ้างช่วงนี้,south,voice_1,voice_1_1,True
audio_data/south/voice_1/voice_1_1_aug_78.wav,3.2,16000,พันพรือบ้างช่วงนี้,เป็นอย่างไรบ้างช่วงนี้,south,voice_1,voice_1_1,True
audio_data/south/voice_1/voice_1_1_aug_79.wav,3.2,16000,พันพรือบ้างช่วงนี้,เป็นอย่างไรบ้างช่วงนี้,south,voice_1,voice_1_1,True
audio_data/south/voice_1/voice_1_1_aug_8.wav,3.2,16000,พันพรือบ้างช่วงนี้,เป็นอย่างไรบ้างช่วงนี้,south,voice_1,voice_1_1,True
audio_data/south/voice_1/voice_1_1_aug_80.wav,3.2,16000,พันพรือบ้างช่วงนี้,เป็นอย่างไรบ้างช่วงนี้,south,voice_1,voice_1_1,True
audio_data/south/voice_1/voice_1_1_aug_81.wav,3.2,16000,พันพรือบ้างช่วงนี้,เป็นอย่างไรบ้างช่วงนี้,south,voice_1,voice_1_1,True
audio_data/south/voice_1/voice_1_1_aug_82.wav,3.2,16000,พันพรือบ้างช่วงนี้,เป็นอย่างไรบ้างช่วงนี้,south,voice_1,voice_1_1,True
audio_data/south/voice_1/voice_1_1_aug_83.wav,3.2,16000,พันพรือบ้างช่วงนี้,เป็นอย่างไรบ้างช่วงนี้,south,voice_1,voice_1_1,True
audio_data/south/voice_1/voice_1_1_aug_84.wav,3.2,16000,พันพรือบ้างช่วงนี้,เป็นอย่างไรบ้างช่วงนี้,south,voice_1,voice_1_1,True
audio_data/south/voice_1/voice_1_1_aug_85.wav,3.2,16000,พันพรือบ้างช่วงนี้,เป็นอย่างไรบ้างช่วงนี้,south,voice_1,voice_1_1,True
audio_data/south/voice_1/voice_1_1_aug_86.wav,3.2,16000,พันพรือบ้างช่วงนี้,เป็นอย่างไรบ้างช่วงนี้,south,voice_1,voice_1_1,True
audio_data/south/voice_1/voice_1_1_aug_87.wav,3.2,16000,พันพรือบ้างช่วงนี้,เป็นอย่างไรบ้างช่วงนี้,south,voice_1,voice_1_1,True
audio_data/south/voice_1/voice_1_1_aug_88.wav,3.2,16000,พันพรือบ้างช่วงนี้,เป็นอย่างไรบ้างช่วงนี้,south,voice_1,voice_1_1,True
audio_data/south/voice_1/voice_1_1_aug_89.wav,3.2,16000,พันพรือบ้างช่วงนี้,เป็นอย่างไรบ้างช่วงนี้,south,voice_1,voice_1_1,True
audio_data/south/voice_1/voice_1_1_aug_9.wav,3.2,16000,พันพรือบ้างช่วงนี้,เป็นอย่างไรบ้างช่วงนี้,south,voice_1,voice_1_1,True
audio_data/south/voice_1/voice_1_1_aug_90.wav,3.2,16000,พันพรือบ้างช่วงนี้,เป็นอย่างไรบ้างช่วงนี้,south,voice_1,voice_1_1,True
audio_data/south/voice_1/voice_1_1_aug_91.wav,3.2,16000,พันพรือบ้างช่วงนี้,เป็นอย่างไรบ้างช่วงนี้,south,voice_1,voice_1_1,True
audio_data/south/voice_1/voice_1_1_aug_92.wav,3.2,16000,พันพรือบ้างช่วงนี้,เป็นอย่างไรบ้างช่วงนี้,south,voice_1,voice_1_1,True
audio_data/south/voice_1/voice_1_1_aug_93.wav,3.2,16000,พันพรือบ้างช่วงนี้,เป็นอย่างไรบ้างช่วงนี้,south,voice_1,voice_1_1,True
audio_data/south/voice_1/voice_1_1_aug_94.wav,3.2,16000,พันพรือบ้างช่วงนี้,เป็นอย่างไรบ้างช่วงนี้,south,voice_1,voice_1_1,True
audio_data/south/voice_1/voice_1_1_aug_95.wav,3.2,16000,พันพรือบ้างช่วงนี้,เป็นอย่างไรบ้างช่วงนี้,south,voice_1,voice_1_1,True
audio_data/south/voice_1/voice_1_1_aug_96.wav,3.2,16000,พันพรือบ้างช่วงนี้,เป็นอย่างไรบ้างช่วงนี้,south,voice_1,voice_1_1,True
audio_data/south/voice_1/voice_1_1_aug_97.wav,3.2,16000,พันพรือบ้างช่วงนี้,เป็นอย่างไรบ้างช่วงนี้,south,voice_1,voice_1_1,True
audio_data/south/voice_1/voice_1_1_aug_98.wav,3.2,16000,พันพรือบ้างช่วงนี้,เป็นอย่างไรบ้างช่วงนี้,south,voice_1,voice_1_1,True
audio_data/south/voice_1/voice_1_1_aug_99.wav,3.2,16000,พันพรือบ้างช่วงนี้,เป็นอย่างไรบ้างช่วงนี้,south,voice_1,voice_1_1,True
audio_data/south/voice_10/voice_10_1.wav,2.24,16000,หรอยแรง,อร่อยมาก,south,voice_10,voice_10_1,False
audio_data/south/voice_10/voice_10_aug_1.wav,2.24,16000,หรอยแรง,อร่อยมาก,south,voice_10,voice_10,True
audio_data/south/voice_10/voice_10_aug_10.wav,2.24,16000,หรอยแรง,อร่อยมาก,south,voice_10,voice_10,True
audio_data/south/voice_10/voice_10_aug_100.wav,2.24,16000,หรอยแรง,อร่อยมาก,south,voice_10,voice_10,True
audio_data/south/voice_10/voice_10_aug_11.wav,2.24,16000,หรอยแรง,อร่อยมาก,south,voice_10,voice_10,True
audio_data/south/voice_10/voice_10_aug_12.wav,2.24,16000,หรอยแรง,อร่อยมาก,south,voice_10,voice_10,True
audio_data/south/voice_10/voice_10_aug_13.wav,2.24,16000,หรอยแรง,อร่อยมาก,south,voice_10,voice_10,True
audio_data/south/voice_10/voice_10_aug_14.wav,2.24,16000,หรอยแรง,อร่อยมาก,south,voice_10,voice_10,True
audio_data/south/voice_10/voice_10_aug_15.wav,2.24,16000,หรอยแรง,อร่อยมาก,south,voice_10,voice_10,True
audio_data/south/voice_10/voice_10_aug_16.wav,2.24,16000,หรอยแรง,อร่อยมาก,south,voice_10,voice_10,True
audio_data/south/voice_10/voice_10_aug_17.wav,2.24,16000,หรอยแรง,อร่อยมาก,south,voice_10,voice_10,True
audio_data/south/voice_10/voice_10_aug_18.wav,2.24,16000,หรอยแรง,อร่อยมาก,south,voice_10,voice_10,True
audio_data/south/voice_10/voice_10_aug_19.wav,2.24,16000,หรอยแรง,อร่อยมาก,south,voice_10,voice_10,True
audio_data/south/voice_10/voice_10_aug_2.wav,2.24,16000,หรอยแรง,อร่อยมาก,south,voice_10,voice_10,True
audio_data/south/voice_10/voice_10_aug_20.wav,2.24,16000,หรอยแรง,อร่อยมาก,south,voice_10,voice_10,True
audio_data/south/voice_10/voice_10_aug_21.wav,2.24,16000,หรอยแรง,อร่อยมาก,south,voice_10,voice_10,True
audio_data/south/voice_10/voice_10_aug_22.wav,2.24,16000,หรอยแรง,อร่อยมาก,south,voice_10,voice_10,True
audio_data/south/voice_10/voice_10_aug_23.wav,2.24,16000,หรอยแรง,อร่อยมาก,south,voice_10,voice_10,True
audio_data/south/voice_10/voice_10_aug_24.wav,2.24,16000,หรอยแรง,อร่อยมาก,south,voice_10,voice_10,True
audio_data/south/voice_10/voice_10_aug_25.wav,2.24,16000,หรอยแรง,อร่อยมาก,south,voice_10,voice_10,True
audio_data/south/voice_10/voice_10_aug_26.wav,2.24,16000,หรอยแรง,อร่อยมาก,south,voice_10,voice_10,True
audio_data/south/voice_10/voice_10_aug_27.wav,2.24,16000,หรอยแรง,อร่อยมาก,south,voice_10,voice_10,True
audio_data/south/voice_10/voice_10_aug_28.wav,2.24,16000,หรอยแรง,อร่อยมาก,south,voice_10,voice_10,True
audio_data/south/voice_10/voice_10_aug_29.wav,2.24,16000,หรอยแรง,อร่อยมาก,south,voice_10,voice_10,True
audio_data/south/voice_10/voice_10_aug_3.wav,2.24,16000,หรอยแรง,อร่อยมาก,south,voice_10,voice_10,True
audio_data/south/voice_10/voice_10_aug_30.wav,2.24,16000,หรอยแรง,อร่อยมาก,south,voice_10,voice_10,True
audio_data/south/voice_10/voice_10_aug_31.wav,2.24,16000,หรอยแรง,อร่อยมาก,south,voice_10,voice_10,True
audio_data/south/voice_10/voice_10_aug_32.wav,2.24,16000,หรอยแรง,อร่อยมาก,south,voice_10,voice_10,True
audio_data/south/voice_10/voice_10_aug_33.wav,2.24,16000,หรอยแรง,อร่อยมาก,south,voice_10,voice_10,True
audio_data/south/voice_10/voice_10_aug_34.wav,2.24,16000,หรอยแรง,อร่อยมาก,south,voice_10,voice_10,True
audio_data/south/voice_10/voice_10_aug_35.wav,2.24,16000,หรอยแรง,อร่อยมาก,south,voice_10,voice_10,True
audio_data/south/voice_10/voice_10_aug_36.wav,2.24,16000,หรอยแรง,อร่อยมาก,south,voice_10,voice_10,True
audio_data/south/voice_10/voice_10_aug_37.wav,2.24,16000,หรอยแรง,อร่อยมาก,south,voice_10,voice_10,True
audio_data/south/voice_10/voice_10_aug_38.wav,2.24,16000,หรอยแรง,อร่อยมาก,south,voice_10,voice_10,True
audio_data/south/voice_10/voice_10_aug_39.wav,2.24,16000,หรอยแรง,อร่อยมาก,south,voice_10,voice_10,True
audio_data/south/voice_10/voice_10_aug_4.wav,2.24,16000,หรอยแรง,อร่อยมาก,south,voice_10,voice_10,True
audio_data/south/voice_10/voice_10_aug_40.wav,2.24,16000,หรอยแรง,อร่อยมาก,south,voice_10,voice_10,True
audio_data/south/voice_10/voice_10_aug_41.wav,2.24,16000,หรอยแรง,อร่อยมาก,south,voice_10,voice_10,True
audio_data/south/voice_10/voice_10_aug_42.wav,2.24,16000,หรอยแรง,อร่อยมาก,south,voice_10,voice_10,True
audio_data/south/voice_10/voice_10_aug_43.wav,2.24,16000,หรอยแรง,อร่อยมาก,south,voice_10,voice_10,True
audio_data/south/voice_10/voice_10_aug_44.wav,2.24,16000,หรอยแรง,อร่อยมาก,south,voice_10,voice_10,True
audio_data/south/voice_10/voice_10_aug_45.wav,2.24,16000,หรอยแรง,อร่อยมาก,south,voice_10,voice_10,True
audio_data/south/voice_10/voice_10_aug_46.wav,2.24,16000,หรอยแรง,อร่อยมาก,south,voice_10,voice_10,True
audio_data/south/voice_10/voice_10_aug_47.wav,2.24,16000,หรอยแรง,อร่อยมาก,south,voice_10,voice_10,True
audio_data/south/voice_10/voice_10_aug_48.wav,2.24,16000,หรอยแรง,อร่อยมาก,south,voice_10,voice_10,True
audio_data/south/voice_10/voice_10_aug_49.wav,2.24,16000,หรอยแรง,อร่อยมาก,south,voice_10,voice_10,True
audio_data/south/voice_10/voice_10_aug_5.wav,2.24,16000,หรอยแรง,อร่อยมาก,south,voice_10,voice_10,True
audio_data/south/voice_10/voice_10_aug_50.wav,2.24,16000,หรอยแรง,อร่อยมาก,south,voice_10,voice_10,True
audio_data/south/voice_10/voice_10_aug_51.wav,2.24,16000,หรอยแรง,อร่อยมาก,south,voice_10,voice_10,True
audio_data/south/voice_10/voice_10_aug_52.wav,2.24,16000,หรอยแรง,อร่อยมาก,south,voice_10,voice_10,True
audio_data/south/voice_10/voice_10_aug_53.wav,2.24,16000,หรอยแรง,อร่อยมาก,south,voice_10,voice_10,True
audio_data/south/voice_10/voice_10_aug_54.wav,2.24,16000,หรอยแรง,อร่อยมาก,south,voice_10,voice_10,True
audio_data/south/voice_10/voice_10_aug_55.wav,2.24,16000,หรอยแรง,อร่อยมาก,south,voice_10,voice_10,True
audio_data/south/voice_10/voice_10_aug_56.wav,2.24,16000,หรอยแรง,อร่อยมาก,south,voice_10,voice_10,True
audio_data/south/voice_10/voice_10_aug_57.wav,2.24,16000,หรอยแรง,อร่อยมาก,south,voice_10,voice_10,True
audio_data/south/voice_10/voice_10_aug_58.wav,2.24,16000,หรอยแรง,อร่อยมาก,south,voice_10,voice_10,True
audio_data/south/voice_10/voice_10_aug_59.wav,2.24,16000,หรอยแรง,อร่อยมาก,south,voice_10,voice_10,True
audio_data/south/voice_10/voice_10_aug_6.wav,2.24,16000,หรอยแรง,อร่อยมาก,south,voice_10,voice_10,True
audio_data/south/voice_10/voice_10_aug_60.wav,2.24,16000,หรอยแรง,อร่อยมาก,south,voice_10,voice_10,True
audio_data/south/voice_10/voice_10_aug_61.wav,2.24,16000,หรอยแรง,อร่อยมาก,south,voice_10,voice_10,True
audio_data/south/voice_10/voice_10_aug_62.wav,2.24,16000,หรอยแรง,อร่อยมาก,south,voice_10,voice_10,True
audio_data/south/voice_10/voice_10_aug_63.wav,2.24,16000,หรอยแรง,อร่อยมาก,south,voice_10,voice_10,True
audio_data/south/voice_10/voice_10_aug_64.wav,2.24,16000,หรอยแรง,อร่อยมาก,south,voice_10,voice_10,True
audio_data/south/voice_10/voice_10_aug_65.wav,2.24,16000,หรอยแรง,อร่อยมาก,south,voice_10,voice_10,True
audio_data/south/voice_10/voice_10_aug_66.wav,2.24,16000,หรอยแรง,อร่อยมาก,south,voice_10,voice_10,True
audio_data/south/voice_10/voice_10_aug_67.wav,2.24,16000,หรอยแรง,อร่อยมาก,south,voice_10,voice_10,True
audio_data/south/voice_10/voice_10_aug_68.wav,2.24,16000,หรอยแรง,อร่อยมาก,south,voice_10,voice_10,True
audio_data/south/voice_10/voice_10_aug_69.wav,2.24,16000,หรอยแรง,อร่อยมาก,south,voice_10,voice_10,True
audio_data/south/voice_10/voice_10_aug_7.wav,2.24,16000,หรอยแรง,อร่อยมาก,south,voice_10,voice_10,True
audio_data/south/voice_10/voice_10_aug_70.wav,2.24,16000,หรอยแรง,อร่อยมาก,south,voice_10,voice_10,True
audio_data/south/voice_10/voice_10_aug_71.wav,2.24,16000,หรอยแรง,อร่อยมาก,south,voice_10,voice_10,True
audio_data/south/voice_10/voice_10_aug_72.wav,2.24,16000,หรอยแรง,อร่อยมาก,south,voice_10,voice_10,True
audio_data/south/voice_10/voice_10_aug_73.wav,2.24,16000,หรอยแรง,อร่อยมาก,south,voice_10,voice_10,True
audio_data/south/voice_10/voice_10_aug_74.wav,2.24,16000,หรอยแรง,อร่อยมาก,south,voice_10,voice_10,True
audio_data/south/voice_10/voice_10_aug_75.wav,2.24,16000,หรอยแรง,อร่อยมาก,south,voice_10,voice_10,True
audio_data/south/voice_10/voice_10_aug_76.wav,2.24,16000,หรอยแรง,อร่อยมาก,south,voice_10,voice_10,True
audio_data/south/voice_10/voice_10_aug_77.wav,2.24,16000,หรอยแรง,อร่อยมาก,south,voice_10,voice_10,True
audio_data/south/voice_10/voice_10_aug_78.wav,2.24,16000,หรอยแรง,อร่อยมาก,south,voice_10,voice_10,True
audio_data/south/voice_10/voice_10_aug_79.wav,2.24,16000,หรอยแรง,อร่อยมาก,south,voice_10,voice_10,True
audio_data/south/voice_10/voice_10_aug_8.wav,2.24,16000,หรอยแรง,อร่อยมาก,south,voice_10,voice_10,True
audio_data/south/voice_10/voice_10_aug_80.wav,2.24,16000,หรอยแรง,อร่อยมาก,south,voice_10,voice_10,True
audio_data/south/voice_10/voice_10_aug_81.wav,2.24,16000,หรอยแรง,อร่อยมาก,south,voice_10,voice_10,True
audio_data/south/voice_10/voice_10_aug_82.wav,2.24,16000,หรอยแรง,อร่อยมาก,south,voice_10,voice_10,True
audio_data/south/voice_10/voice_10_aug_83.wav,2.24,16000,หรอยแรง,อร่อยมาก,south,voice_10,voice_10,True
audio_data/south/voice_10/voice_10_aug_84.wav,2.24,16000,หรอยแรง,อร่อยมาก,south,voice_10,voice_10,True
audio_data/south/voice_10/voice_10_aug_85.wav,2.24,16000,หรอยแรง,อร่อยมาก,south,voice_10,voice_10,True
audio_data/south/voice_10/voice_10_aug_86.wav,2.24,16000,หรอยแรง,อร่อยมาก,south,voice_10,voice_10,True
audio_data/south/voice_10/voice_10_aug_87.wav,2.24,16000,หรอยแรง,อร่อยมาก,south,voice_10,voice_10,True
audio_data/south/voice_10/voice_10_aug_88.wav,2.24,16000,หรอยแรง,อร่อยมาก,south,voice_10,voice_10,True
audio_data/south/voice_10/voice_10_aug_89.wav,2.24,16000,หรอยแรง,อร่อยมาก,south,voice_10,voice_10,True
audio_data/south/voice_10/voice_10_aug_9.wav,2.24,16000,หรอยแรง,อร่อยมาก,south,voice_10,voice_10,True
audio_data/south/voice_10/voice_10_aug_90.wav,2.24,16000,หรอยแรง,อร่อยมาก,south,voice_10,voice_10,True
audio_data/south/voice_10/voice_10_aug_91.wav,2.24,16000,หรอยแรง,อร่อยมาก,south,voice_10,voice_10,True
audio_data/south/voice_10/voice_10_aug_92.wav,2.24,16000,หรอยแรง,อร่อยมาก,south,voice_10,voice_10,True
audio_data/south/voice_10/voice_10_aug_93.wav,2.24,16000,หรอยแรง,อร่อยมาก,south,voice_10,voice_10,True
audio_data/south/voice_10/voice_10_aug_94.wav,2.24,16000,หรอยแรง,อร่อยมาก,south,voice_10,voice_10,True
audio_data/south/voice_10/voice_10_aug_95.wav,2.24,16000,หรอยแรง,อร่อยมาก,south,voice_10,voice_10,True
audio_data/south/voice_10/voice_10_aug_96.wav,2.24,16000,หรอยแรง,อร่อยมาก,south,voice_10,voice_10,True
audio_data/south/voice_10/voice_10_aug_97.wav,2.24,16000,หรอยแรง,อร่อยมาก,south,voice_10,voice_10,True
audio_data/south/voice_10/voice_10_aug_98.wav,2.24,16000,หรอยแรง,อร่อยมาก,south,voice_10,voice_10,True
audio_data/south/voice_10/voice_10_aug_99.wav,2.24,16000,หรอยแรง,อร่อยมาก,south,voice_10,voice_10,True
audio_data/south/voice_11/voice_11_1.wav,2.176,16000,หมาค็อบ,สุนัขกัด,south,voice_11,voice_11_1,False
audio_data/south/voice_11/voice_11_aug_1.wav,2.176,16000,หมาค็อบ,สุนัขกัด,south,voice_11,voice_11,True
audio_data/south/voice_11/voice_11_aug_10.wav,2.176,16000,หมาค็อบ,สุนัขกัด,south,voice_11,voice_11,True
audio_data/south/voice_11/voice_11_aug_100.wav,2.176,16000,หมาค็อบ,สุนัขกัด,south,voice_11,voice_11,True
audio_data/south/voice_11/voice_11_aug_11.wav,2.176,16000,หมาค็อบ,สุนัขกัด,south,voice_11,voice_11,True
audio_data/south/voice_11/voice_11_aug_12.wav,2.176,16000,หมาค็อบ,สุนัขกัด,south,voice_11,voice_11,True
audio_data/south/voice_11/voice_11_aug_13.wav,2.176,16000,หมาค็อบ,สุนัขกัด,south,voice_11,voice_11,True
audio_data/south/voice_11/voice_11_aug_14.wav,2.176,16000,หมาค็อบ,สุนัขกัด,south,voice_11,voice_11,True
audio_data/south/voice_11/voice_11_aug_15.wav,2.176,16000,หมาค็อบ,สุนัขกัด,south,voice_11,voice_11,True
audio_data/south/voice_11/voice_11_aug_16.wav,2.176,16000,หมาค็อบ,สุนัขกัด,south,voice_11,voice_11,True
audio_data/south/voice_11/voice_11_aug_17.wav,2.176,16000,หมาค็อบ,สุนัขกัด,south,voice_11,voice_11,True
audio_data/south/voice_11/voice_11_aug_18.wav,2.176,16000,หมาค็อบ,สุนัขกัด,south,voice_11,voice_11,True
audio_data/south/voice_11/voice_11_aug_19.wav,2.176,16000,หมาค็อบ,สุนัขกัด,south,voice_11,voice_11,True
audio_data/south/voice_11/voice_11_aug_2.wav,2.176,16000,หมาค็อบ,สุนัขกัด,south,voice_11,voice_11,True
audio_data/south/voice_11/voice_11_aug_20.wav,2.176,16000,หมาค็อบ,สุนัขกัด,south,voice_11,voice_11,True
audio_data/south/voice_11/voice_11_aug_21.wav,2.176,16000,หมาค็อบ,สุนัขกัด,south,voice_11,voice_11,True
audio_data/south/voice_11/voice_11_aug_22.wav,2.176,16000,หมาค็อบ,สุนัขกัด,south,voice_11,voice_11,True
audio_data/south/voice_11/voice_11_aug_23.wav,2.176,16000,หมาค็อบ,สุนัขกัด,south,voice_11,voice_11,True
audio_data/south/voice_11/voice_11_aug_24.wav,2.176,16000,หมาค็อบ,สุนัขกัด,south,voice_11,voice_11,True
audio_data/south/voice_11/voice_11_aug_25.wav,2.176,16000,หมาค็อบ,สุนัขกัด,south,voice_11,voice_11,True
audio_data/south/voice_11/voice_11_aug_26.wav,2.176,16000,หมาค็อบ,สุนัขกัด,south,voice_11,voice_11,True
audio_data/south/voice_11/voice_11_aug_27.wav,2.176,16000,หมาค็อบ,สุนัขกัด,south,voice_11,voice_11,True
audio_data/south/voice_11/voice_11_aug_28.wav,2.176,16000,หมาค็อบ,สุนัขกัด,south,voice_11,voice_11,True
audio_data/south/voice_11/voice_11_aug_29.wav,2.176,16000,หมาค็อบ,สุนัขกัด,south,voice_11,voice_11,True
audio_data/south/voice_11/voice_11_aug_3.wav,2.176,16000,หมาค็อบ,สุนัขกัด,south,voice_11,voice_11,True
audio_data/south/voice_11/voice_11_aug_30.wav,2.176,16000,หมาค็อบ,สุนัขกัด,south,voice_11,voice_11,True
audio_data/south/voice_11/voice_11_aug_31.wav,2.176,16000,หมาค็อบ,สุนัขกัด,south,voice_11,voice_11,True
audio_data/south/voice_11/voice_11_aug_32.wav,2.176,16000,หมาค็อบ,สุนัขกัด,south,voice_11,voice_11,True
audio_data/south/voice_11/voice_11_aug_33.wav,2.176,16000,หมาค็อบ,สุนัขกัด,south,voice_11,voice_11,True
audio_data/south/voice_11/voice_11_aug_34.wav,2.176,16000,หมาค็อบ,สุนัขกัด,south,voice_11,voice_11,True
audio_data/south/voice_11/voice_11_aug_35.wav,2.176,16000,หมาค็อบ,สุนัขกัด,south,voice_11,voice_11,True
audio_data/south/voice_11/voice_11_aug_36.wav,2.176,16000,หมาค็อบ,สุนัขกัด,south,voice_11,voice_11,True
audio_data/south/voice_11/voice_11_aug_37.wav,2.176,16000,หมาค็อบ,สุนัขกัด,south,voice_11,voice_11,True
audio_data/south/voice_11/voice_11_aug_38.wav,2.176,16000,หมาค็อบ,สุนัขกัด,south,voice_11,voice_11,True
audio_data/south/voice_11/voice_11_aug_39.wav,2.176,16000,หมาค็อบ,สุนัขกัด,south,voice_11,voice_11,True
audio_data/south/voice_11/voice_11_aug_4.wav,2.176,16000,หมาค็อบ,สุนัขกัด,south,voice_11,voice_11,True
audio_data/south/voice_11/voice_11_aug_40.wav,2.176,16000,หมาค็อบ,สุนัขกัด,south,voice_11,voice_11,True
audio_data/south/voice_11/voice_11_aug_41.wav,2.176,16000,หมาค็อบ,สุนัขกัด,south,voice_11,voice_11,True
audio_data/south/voice_11/voice_11_aug_42.wav,2.176,16000,หมาค็อบ,สุนัขกัด,south,voice_11,voice_11,True
audio_data/south/voice_11/voice_11_aug_43.wav,2.176,16000,หมาค็อบ,สุนัขกัด,south,voice_11,voice_11,True
audio_data/south/voice_11/voice_11_aug_44.wav,2.176,16000,หมาค็อบ,สุนัขกัด,south,voice_11,voice_11,True
audio_data/south/voice_11/voice_11_aug_45.wav,2.176,16000,หมาค็อบ,สุนัขกัด,south,voice_11,voice_11,True
audio_data/south/voice_11/voice_11_aug_46.wav,2.176,16000,หมาค็อบ,สุนัขกัด,south,voice_11,voice_11,True
audio_data/south/voice_11/voice_11_aug_47.wav,2.176,16000,หมาค็อบ,สุนัขกัด,south,voice_11,voice_11,True
audio_data/south/voice_11/voice_11_aug_48.wav,2.176,16000,หมาค็อบ,สุนัขกัด,south,voice_11,voice_11,True
audio_data/south/voice_11/voice_11_aug_49.wav,2.176,16000,หมาค็อบ,สุนัขกัด,south,voice_11,voice_11,True
audio_data/south/voice_11/voice_11_aug_5.wav,2.176,16000,หมาค็อบ,สุนัขกัด,south,voice_11,voice_11,True
audio_data/south/voice_11/voice_11_aug_50.wav,2.176,16000,หมาค็อบ,สุนัขกัด,south,voice_11,voice_11,True
audio_data/south/voice_11/voice_11_aug_51.wav,2.176,16000,หมาค็อบ,สุนัขกัด,south,voice_11,voice_11,True
audio_data/south/voice_11/voice_11_aug_52.wav,2.176,16000,หมาค็อบ,สุนัขกัด,south,voice_11,voice_11,True
audio_data/south/voice_11/voice_11_aug_53.wav,2.176,16000,หมาค็อบ,สุนัขกัด,south,voice_11,voice_11,True
audio_data/south/voice_11/voice_11_aug_54.wav,2.176,16000,หมาค็อบ,สุนัขกัด,south,voice_11,voice_11,True
audio_data/south/voice_11/voice_11_aug_55.wav,2.176,16000,หมาค็อบ,สุนัขกัด,south,voice_11,voice_11,True
audio_data/south/voice_11/voice_11_aug_56.wav,2.176,16000,หมาค็อบ,สุนัขกัด,south,voice_11,voice_11,True
audio_data/south/voice_11/voice_11_aug_57.wav,2.176,16000,หมาค็อบ,สุนัขกัด,south,voice_11,voice_11,True
audio_data/south/voice_11/voice_11_aug_58.wav,2.176,16000,หมาค็อบ,สุนัขกัด,south,voice_11,voice_11,True
audio_data/south/voice_11/voice_11_aug_59.wav,2.176,16000,หมาค็อบ,สุนัขกัด,south,voice_11,voice_11,True
audio_data/south/voice_11/voice_11_aug_6.wav,2.176,16000,หมาค็อบ,สุนัขกัด,south,voice_11,voice_11,True
audio_data/south/voice_11/voice_11_aug_60.wav,2.176,16000,หมาค็อบ,สุนัขกัด,south,voice_11,voice_11,True
audio_data/south/voice_11/voice_11_aug_61.wav,2.176,16000,หมาค็อบ,สุนัขกัด,south,voice_11,voice_11,True
audio_data/south/voice_11/voice_11_aug_62.wav,2.176,16000,หมาค็อบ,สุนัขกัด,south,voice_11,voice_11,True
audio_data/south/voice_11/voice_11_aug_63.wav,2.176,16000,หมาค็อบ,สุนัขกัด,south,voice_11,voice_11,True
audio_data/south/voice_11/voice_11_aug_64.wav,2.176,16000,หมาค็อบ,สุนัขกัด,south,voice_11,voice_11,True
audio_data/south/voice_11/voice_11_aug_65.wav,2.176,16000,หมาค็อบ,สุนัขกัด,south,voice_11,voice_11,True
audio_data/south/voice_11/voice_11_aug_66.wav,2.176,16000,หมาค็อบ,สุนัขกัด,south,voice_11,voice_11,True
audio_data/south/voice_11/voice_11_aug_67.wav,2.176,16000,หมาค็อบ,สุนัขกัด,south,voice_11,voice_11,True
audio_data/south/voice_11/voice_11_aug_68.wav,2.176,16000,หมาค็อบ,สุนัขกัด,south,voice_11,voice_11,True
audio_data/south/voice_11/voice_11_aug_69.wav,2.176,16000,หมาค็อบ,สุนัขกัด,south,voice_11,voice_11,True
audio_data/south/voice_11/voice_11_aug_7.wav,2.176,16000,หมาค็อบ,สุนัขกัด,south,voice_11,voice_11,True
audio_data/south/voice_11/voice_11_aug_70.wav,2.176,16000,หมาค็อบ,สุนัขกัด,south,voice_11,voice_11,True
audio_data/south/voice_11/voice_11_aug_71.wav,2.176,16000,หมาค็อบ,สุนัขกัด,south,voice_11,voice_11,True
audio_data/south/voice_11/voice_11_aug_72.wav,2.176,16000,หมาค็อบ,สุนัขกัด,south,voice_11,voice_11,True
audio_data/south/voice_11/voice_11_aug_73.wav,2.176,16000,หมาค็อบ,สุนัขกัด,south,voice_11,voice_11,True
audio_data/south/voice_11/voice_11_aug_74.wav,2.176,16000,หมาค็อบ,สุนัขกัด,south,voice_11,voice_11,True
audio_data/south/voice_11/voice_11_aug_75.wav,2.176,16000,หมาค็อบ,สุนัขกัด,south,voice_11,voice_11,True
audio_data/south/voice_11/voice_11_aug_76.wav,2.176,16000,หมาค็อบ,สุนัขกัด,south,voice_11,voice_11,True
audio_data/south/voice_11/voice_11_aug_77.wav,2.176,16000,หมาค็อบ,สุนัขกัด,south,voice_11,voice_11,True
audio_data/south/voice_11/voice_11_aug_78.wav,2.176,16000,หมาค็อบ,สุนัขกัด,south,voice_11,voice_11,True
audio_data/south/voice_11/voice_11_aug_79.wav,2.176,16000,หมาค็อบ,สุนัขกัด,south,voice_11,voice_11,True
audio_data/south/voice_11/voice_11_aug_8.wav,2.176,16000,หมาค็อบ,สุนัขกัด,south,voice_11,voice_11,True
audio_data/south/voice_11/voice_11_aug_80.wav,2.176,16000,หมาค็อบ,สุนัขกัด,south,voice_11,voice_11,True
audio_data/south/voice_11/voice_11_aug_81.wav,2.176,16000,หมาค็อบ,สุนัขกัด,south,voice_11,voice_11,True
audio_data/south/voice_11/voice_11_aug_82.wav,2.176,16000,หมาค็อบ,สุนัขกัด,south,voice_11,voice_11,True
audio_data/south/voice_11/voice_11_aug_83.wav,2.176,16000,หมาค็อบ,สุนัขกัด,south,voice_11,voice_11,True
audio_data/south/voice_11/voice_11_aug_84.wav,2.176,16000,หมาค็อบ,สุนัขกัด,south,voice_11,voice_11,True
audio_data/south/voice_11/voice_11_aug_85.wav,2.176,16000,หมาค็อบ,สุนัขกัด,south,voice_11,voice_11,True
audio_data/south/voice_11/voice_11_aug_86.wav,2.176,16000,หมาค็อบ,สุนัขกัด,south,voice_11,voice_11,True
audio_data/south/voice_11/voice_11_aug_87.wav,2.176,16000,หมาค็อบ,สุนัขกัด,south,voice_11,voice_11,True
audio_data/south/voice_11/voice_11_aug_88.wav,2.176,16000,หมาค็อบ,สุนัขกัด,south,voice_11,voice_11,True
audio_data/south/voice_11/voice_11_aug_89.wav,2.176,16000,หมาค็อบ,สุนัขกัด,south,voice_11,voice_11,True
audio_data/south/voice_11/voice_11_aug_9.wav,2.176,16000,หมาค็อบ,สุนัขกัด,south,voice_11,voice_11,True
audio_data/south/voice_11/voice_11_aug_90.wav,2.176,16000,หมาค็อบ,สุนัขกัด,south,voice_11,voice_11,True
audio_data/south/voice_11/voice_11_aug_91.wav,2.176,16000,หมาค็อบ,สุนัขกัด,south,voice_11,voice_11,True
audio_data/south/voice_11/voice_11_aug_92.wav,2.176,16000,หมาค็อบ,สุนัขกัด,south,voice_11,voice_11,True
audio_data/south/voice_11/voice_11_aug_93.wav,2.176,16000,หมาค็อบ,สุนัขกัด,south,voice_11,voice_11,True
audio_data/south/voice_11/voice_11_aug_94.wav,2.176,16000,หมาค็อบ,สุนัขกัด,south,voice_11,voice_11,True
audio_data/south/voice_11/voice_11_aug_95.wav,2.176,16000,หมาค็อบ,สุนัขกัด,south,voice_11,voice_11,True
audio_data/south/voice_11/voice_11_aug_96.wav,2.176,16000,หมาค็อบ,สุนัขกัด,south,voice_11,voice_11,True
audio_data/south/voice_11/voice_11_aug_97.wav,2.176,16000,หมาค็อบ,สุนัขกัด,south,voice_11,voice_11,True
audio_data/south/voice_11/voice_11_aug_98.wav,2.176,16000,หมาค็อบ,สุนัขกัด,south,voice_11,voice_11,True
audio_data/south/voice_11/voice_11_aug_99.wav,2.176,16000,หมาค็อบ,สุนัขกัด,south,voice_11,voice_11,True
audio_data/south/voice_12/voice_12_1.wav,1.92,16000,หลบบ้าน,กลับบ้าน,south,voice_12,voice_12_1,False
audio_data/south/voice_12/voice_12_aug_1.wav,1.92,16000,หลบบ้าน,กลับบ้าน,south,voice_12,voice_12,True
audio_data/south/voice_12/voice_12_aug_10.wav,1.92,16000,หลบบ้าน,กลับบ้าน,south,voice_12,voice_12,True
audio_data/south/voice_12/voice_12_aug_100.wav,1.92,16000,หลบบ้าน,กลับบ้าน,south,voice_12,voice_12,True
audio_data/south/voice_12/voice_12_aug_11.wav,1.92,16000,หลบบ้าน,กลับบ้าน,south,voice_12,voice_12,True
audio_data/south/voice_12/voice_12_aug_12.wav,1.92,16000,หลบบ้าน,กลับบ้าน,south,voice_12,voice_12,True
audio_data/south/voice_12/voice_12_aug_13.wav,1.92,16000,หลบบ้าน,กลับบ้าน,south,voice_12,voice_12,True
audio_data/south/voice_12/voice_12_aug_14.wav,1.92,16000,หลบบ้าน,กลับบ้าน,south,voice_12,voice_12,True
audio_data/south/voice_12/voice_12_aug_15.wav,1.92,16000,หลบบ้าน,กลับบ้าน,south,voice_12,voice_12,True
audio_data/south/voice_12/voice_12_aug_16.wav,1.92,16000,หลบบ้าน,กลับบ้าน,south,voice_12,voice_12,True
audio_data/south/voice_12/voice_12_aug_17.wav,1.92,16000,หลบบ้าน,กลับบ้าน,south,voice_12,voice_12,True
audio_data/south/voice_12/voice_12_aug_18.wav,1.92,16000,หลบบ้าน,กลับบ้าน,south,voice_12,voice_12,True
audio_data/south/voice_12/voice_12_aug_19.wav,1.92,16000,หลบบ้าน,กลับบ้าน,south,voice_12,voice_12,True
audio_data/south/voice_12/voice_12_aug_2.wav,1.92,16000,หลบบ้าน,กลับบ้าน,south,voice_12,voice_12,True
audio_data/south/voice_12/voice_12_aug_20.wav,1.92,16000,หลบบ้าน,กลับบ้าน,south,voice_12,voice_12,True
audio_data/south/voice_12/voice_12_aug_21.wav,1.92,16000,หลบบ้าน,กลับบ้าน,south,voice_12,voice_12,True
audio_data/south/voice_12/voice_12_aug_22.wav,1.92,16000,หลบบ้าน,กลับบ้าน,south,voice_12,voice_12,True
audio_data/south/voice_12/voice_12_aug_23.wav,1.92,16000,หลบบ้าน,กลับบ้าน,south,voice_12,voice_12,True
audio_data/south/voice_12/voice_12_aug_24.wav,1.92,16000,หลบบ้าน,กลับบ้าน,south,voice_12,voice_12,True
audio_data/south/voice_12/voice_12_aug_25.wav,1.92,16000,หลบบ้าน,กลับบ้าน,south,voice_12,voice_12,True
audio_data/south/voice_12/voice_12_aug_26.wav,1.92,16000,หลบบ้าน,กลับบ้าน,south,voice_12,voice_12,True
audio_data/south/voice_12/voice_12_aug_27.wav,1.92,16000,หลบบ้าน,กลับบ้าน,south,voice_12,voice_12,True
audio_data/south/voice_12/voice_12_aug_28.wav,1.92,16000,หลบบ้าน,กลับบ้าน,south,voice_12,voice_12,True
audio_data/south/voice_12/voice_12_aug_29.wav,1.92,16000,หลบบ้าน,กลับบ้าน,south,voice_12,voice_12,True
audio_data/south/voice_12/voice_12_aug_3.wav,1.92,16000,หลบบ้าน,กลับบ้าน,south,voice_12,voice_12,True
audio_data/south/voice_12/voice_12_aug_30.wav,1.92,16000,หลบบ้าน,กลับบ้าน,south,voice_12,voice_12,True
audio_data/south/voice_12/voice_12_aug_31.wav,1.92,16000,หลบบ้าน,กลับบ้าน,south,voice_12,voice_12,True
audio_data/south/voice_12/voice_12_aug_32.wav,1.92,16000,หลบบ้าน,กลับบ้าน,south,voice_12,voice_12,True
audio_data/south/voice_12/voice_12_aug_33.wav,1.92,16000,หลบบ้าน,กลับบ้าน,south,voice_12,voice_12,True
audio_data/south/voice_12/voice_12_aug_34.wav,1.92,16000,หลบบ้าน,กลับบ้าน,south,voice_12,voice_12,True
audio_data/south/voice_12/voice_12_aug_35.wav,1.92,16000,หลบบ้าน,กลับบ้าน,south,voice_12,voice_12,True
audio_data/south/voice_12/voice_12_aug_36.wav,1.92,16000,หลบบ้าน,กลับบ้าน,south,voice_12,voice_12,True
audio_data/south/voice_12/voice_12_aug_37.wav,1.92,16000,หลบบ้าน,กลับบ้าน,south,voice_12,voice_12,True
audio_data/south/voice_12/voice_12_aug_38.wav,1.92,16000,หลบบ้าน,กลับบ้าน,south,voice_12,voice_12,True
audio_data/south/voice_12/voice_12_aug_39.wav,1.92,16000,หลบบ้าน,กลับบ้าน,south,voice_12,voice_12,True
audio_data/south/voice_12/voice_12_aug_4.wav,1.92,16000,หลบบ้าน,กลับบ้าน,south,voice_12,voice_12,True
audio_data/south/voice_12/voice_12_aug_40.wav,1.92,16000,หลบบ้าน,กลับบ้าน,south,voice_12,voice_12,True
audio_data/south/voice_12/voice_12_aug_41.wav,1.92,16000,หลบบ้าน,กลับบ้าน,south,voice_12,voice_12,True
audio_data/south/voice_12/voice_12_aug_42.wav,1.92,16000,หลบบ้าน,กลับบ้าน,south,voice_12,voice_12,True
audio_data/south/voice_12/voice_12_aug_43.wav,1.92,16000,หลบบ้าน,กลับบ้าน,south,voice_12,voice_12,True
audio_data/south/voice_12/voice_12_aug_44.wav,1.92,16000,หลบบ้าน,กลับบ้าน,south,voice_12,voice_12,True
audio_data/south/voice_12/voice_12_aug_45.wav,1.92,16000,หลบบ้าน,กลับบ้าน,south,voice_12,voice_12,True
audio_data/south/voice_12/voice_12_aug_46.wav,1.92,16000,หลบบ้าน,กลับบ้าน,south,voice_12,voice_12,True
audio_data/south/voice_12/voice_12_aug_47.wav,1.92,16000,หลบบ้าน,กลับบ้าน,south,voice_12,voice_12,True
audio_data/south/voice_12/voice_12_aug_48.wav,1.92,16000,หลบบ้าน,กลับบ้าน,south,voice_12,voice_12,True
audio_data/south/voice_12/voice_12_aug_49.wav,1.92,16000,หลบบ้าน,กลับบ้าน,south,voice_12,voice_12,True
audio_data/south/voice_12/voice_12_aug_5.wav,1.92,16000,หลบบ้าน,กลับบ้าน,south,voice_12,voice_12,True
audio_data/south/voice_12/voice_12_aug_50.wav,1.92,16000,หลบบ้าน,กลับบ้าน,south,voice_12,voice_12,True
audio_data/south/voice_12/voice_12_aug_51.wav,1.92,16000,หลบบ้าน,กลับบ้าน,south,voice_12,voice_12,True
audio_data/south/voice_12/voice_12_aug_52.wav,1.92,16000,หลบบ้าน,กลับบ้าน,south,voice_12,voice_12,True
audio_data/south/voice_12/voice_12_aug_53.wav,1.92,16000,หลบบ้าน,กลับบ้าน,south,voice_12,voice_12,True
audio_data/south/voice_12/voice_12_aug_54.wav,1.92,16000,หลบบ้าน,กลับบ้าน,south,voice_12,voice_12,True
audio_data/south/voice_12/voice_12_aug_55.wav,1.92,16000,หลบบ้าน,กลับบ้าน,south,voice_12,voice_12,True
audio_data/south/voice_12/voice_12_aug_56.wav,1.92,16000,หลบบ้าน,กลับบ้าน,south,voice_12,voice_12,True
audio_data/south/voice_12/voice_12_aug_57.wav,1.92,16000,หลบบ้าน,กลับบ้าน,south,voice_12,voice_12,True
audio_data/south/voice_12/voice_12_aug_58.wav,1.92,16000,หลบบ้าน,กลับบ้าน,south,voice_12,voice_12,True
audio_data/south/voice_12/voice_12_aug_59.wav,1.92,16000,หลบบ้าน,กลับบ้าน,south,voice_12,voice_12,True
audio_data/south/voice_12/voice_12_aug_6.wav,1.92,16000,หลบบ้าน,กลับบ้าน,south,voice_12,voice_12,True
audio_data/south/voice_12/voice_12_aug_60.wav,1.92,16000,หลบบ้าน,กลับบ้าน,south,voice_12,voice_12,True
audio_data/south/voice_12/voice_12_aug_61.wav,1.92,16000,หลบบ้าน,กลับบ้าน,south,voice_12,voice_12,True
audio_data/south/voice_12/voice_12_aug_62.wav,1.92,16000,หลบบ้าน,กลับบ้าน,south,voice_12,voice_12,True
audio_data/south/voice_12/voice_12_aug_63.wav,1.92,16000,หลบบ้าน,กลับบ้าน,south,voice_12,voice_12,True
audio_data/south/voice_12/voice_12_aug_64.wav,1.92,16000,หลบบ้าน,กลับบ้าน,south,voice_12,voice_12,True
audio_data/south/voice_12/voice_12_aug_65.wav,1.92,16000,หลบบ้าน,กลับบ้าน,south,voice_12,voice_12,True
audio_data/south/voice_12/voice_12_aug_66.wav,1.92,16000,หลบบ้าน,กลับบ้าน,south,voice_12,voice_12,True
audio_data/south/voice_12/voice_12_aug_67.wav,1.92,16000,หลบบ้าน,กลับบ้าน,south,voice_12,voice_12,True
audio_data/south/voice_12/voice_12_aug_68.wav,1.92,16000,หลบบ้าน,กลับบ้าน,south,voice_12,voice_12,True
audio_data/south/voice_12/voice_12_aug_69.wav,1.92,16000,หลบบ้าน,กลับบ้าน,south,voice_12,voice_12,True
audio_data/south/voice_12/voice_12_aug_7.wav,1.92,16000,หลบบ้าน,กลับบ้าน,south,voice_12,voice_12,True
audio_data/south/voice_12/voice_12_aug_70.wav,1.92,16000,หลบบ้าน,กลับบ้าน,south,voice_12,voice_12,True
audio_data/south/voice_12/voice_12_aug_71.wav,1.92,16000,หลบบ้าน,กลับบ้าน,south,voice_12,voice_12,True
audio_data/south/voice_12/voice_12_aug_72.wav,1.92,16000,หลบบ้าน,กลับบ้าน,south,voice_12,voice_12,True
audio_data/south/voice_12/voice_12_aug_73.wav,1.92,16000,หลบบ้าน,กลับบ้าน,south,voice_12,voice_12,True
audio_data/south/voice_12/voice_12_aug_74.wav,1.92,16000,หลบบ้าน,กลับบ้าน,south,voice_12,voice_12,True
audio_data/south/voice_12/voice_12_aug_75.wav,1.92,16000,หลบบ้าน,กลับบ้าน,south,voice_12,voice_12,True
audio_data/south/voice_12/voice_12_aug_76.wav,1.92,16000,หลบบ้าน,กลับบ้าน,south,voice_12,voice_12,True
audio_data/south/voice_12/voice_12_aug_77.wav,1.92,16000,หลบบ้าน,กลับบ้าน,south,voice_12,voice_12,True
audio_data/south/voice_12/voice_12_aug_78.wav,1.92,16000,หลบบ้าน,กลับบ้าน,south,voice_12,voice_12,True
audio_data/south/voice_12/voice_12_aug_79.wav,1.92,16000,หลบบ้าน,กลับบ้าน,south,voice_12,voice_12,True
audio_data/south/voice_12/voice_12_aug_8.wav,1.92,16000,หลบบ้าน,กลับบ้าน,south,voice_12,voice_12,True
audio_data/south/voice_12/voice_12_aug_80.wav,1.92,16000,หลบบ้าน,กลับบ้าน,south,voice_12,voice_12,True
audio_data/south/voice_12/voice_12_aug_81.wav,1.92,16000,หลบบ้าน,กลับบ้าน,south,voice_12,voice_12,True
audio_data/south/voice_12/voice_12_aug_82.wav,1.92,16000,หลบบ้าน,กลับบ้าน,south,voice_12,voice_12,True
audio_data/south/voice_12/voice_12_aug_83.wav,1.92,16000,หลบบ้าน,กลับบ้าน,south,voice_12,voice_12,True
audio_data/south/voice_12/voice_12_aug_84.wav,1.92,16000,หลบบ้าน,กลับบ้าน,south,voice_12,voice_12,True
audio_data/south/voice_12/voice_12_aug_85.wav,1.92,16000,หลบบ้าน,กลับบ้าน,south,voice_12,voice_12,True
audio_data/south/voice_12/voice_12_aug_86.wav,1.92,16000,หลบบ้าน,กลับบ้าน,south,voice_12,voice_12,True
audio_data/south/voice_12/voice_12_aug_87.wav,1.92,16000,หลบบ้าน,กลับบ้าน,south,voice_12,voice_12,True
audio_data/south/voice_12/voice_12_aug_88.wav,1.92,16000,หลบบ้าน,กลับบ้าน,south,voice_12,voice_12,True
audio_data/south/voice_12/voice_12_aug_89.wav,1.92,16000,หลบบ้าน,กลับบ้าน,south,voice_12,voice_12,True
audio_data/south/voice_12/voice_12_aug_9.wav,1.92,16000,หลบบ้าน,กลับบ้าน,south,voice_12,voice_12,True
audio_data/south/voice_12/voice_12_aug_90.wav,1.92,16000,หลบบ้าน,กลับบ้าน,south,voice_12,voice_12,True
audio_data/south/voice_12/voice_12_aug_91.wav,1.92,16000,หลบบ้าน,กลับบ้าน,south,voice_12,voice_12,True
audio_data/south/voice_12/voice_12_aug_92.wav,1.92,16000,หลบบ้าน,กลับบ้าน,south,voice_12,voice_12,True
audio_data/south/voice_12/voice_12_aug_93.wav,1.92,16000,หลบบ้าน,กลับบ้าน,south,voice_12,voice_12,True
audio_data/south/voice_12/voice_12_aug_94.wav,1.92,16000,หลบบ้าน,กลับบ้าน,south,voice_12,voice_12,True
audio_data/south/voice_12/voice_12_aug_95.wav,1.92,16000,หลบบ้าน,กลับบ้าน,south,voice_12,voice_12,True
audio_data/south/voice_12/voice_12_aug_96.wav,1.92,16000,หลบบ้าน,กลับบ้าน,south,voice_12,voice_12,True
audio_data/south/voice_12/voice_12_aug_97.wav,1.92,16000,หลบบ้าน,กลับบ้าน,south,voice_12,voice_12,True
audio_data/south/voice_12/voice_12_aug_98.wav,1.92,16000,หลบบ้าน,กลับบ้าน,south,voice_12,voice_12,True
audio_data/south/voice_12/voice_12_aug_99.wav,1.92,16000,หลบบ้าน,กลับบ้าน,south,voice_12,voice_12,True
audio_data/south/voice_13/voice_13_1.wav,2.667,16000,แหลงไม่รู้เรื่อง,พูดไม่รู้เรื่อง,south,voice_13,voice_13_1,False
audio_data/south/voice_13/voice_13_aug_1.wav,2.667,16000,แหลงไม่รู้เรื่อง,พูดไม่รู้เรื่อง,south,voice_13,voice_13,True
audio_data/south/voice_13/voice_13_aug_10.wav,2.667,16000,แหลงไม่รู้เรื่อง,พูดไม่รู้เรื่อง,south,voice_13,voice_13,True
audio_data/south/voice_13/voice_13_aug_100.wav,2.667,16000,แหลงไม่รู้เรื่อง,พูดไม่รู้เรื่อง,south,voice_13,voice_13,True
audio_data/south/voice_13/voice_13_aug_11.wav,2.667,16000,แหลงไม่รู้เรื่อง,พูดไม่รู้เรื่อง,south,voice_13,voice_13,True
audio_data/south/voice_13/voice_13_aug_12.wav,2.667,16000,แหลงไม่รู้เรื่อง,พูดไม่รู้เรื่อง,south,voice_13,voice_13,True
audio_data/south/voice_13/voice_13_aug_13.wav,2.667,16000,แหลงไม่รู้เรื่อง,พูดไม่รู้เรื่อง,south,voice_13,voice_13,True
audio_data/south/voice_13/voice_13_aug_14.wav,2.667,16000,แหลงไม่รู้เรื่อง,พูดไม่รู้เรื่อง,south,voice_13,voice_13,True
audio_data/south/voice_13/voice_13_aug_15.wav,2.667,16000,แหลงไม่รู้เรื่อง,พูดไม่รู้เรื่อง,south,voice_13,voice_13,True
audio_data/south/voice_13/voice_13_aug_16.wav,2.667,16000,แหลงไม่รู้เรื่อง,พูดไม่รู้เรื่อง,south,voice_13,voice_13,True
audio_data/south/voice_13/voice_13_aug_17.wav,2.667,16000,แหลงไม่รู้เรื่อง,พูดไม่รู้เรื่อง,south,voice_13,voice_13,True
audio_data/south/voice_13/voice_13_aug_18.wav,2.667,16000,แหลงไม่รู้เรื่อง,พูดไม่รู้เรื่อง,south,voice_13,voice_13,True
audio_data/south/voice_13/voice_13_aug_19.wav,2.667,16000,แหลงไม่รู้เรื่อง,พูดไม่รู้เรื่อง,south,voice_13,voice_13,True
audio_data/south/voice_13/voice_13_aug_2.wav,2.667,16000,แหลงไม่รู้เรื่อง,พูดไม่รู้เรื่อง,south,voice_13,voice_13,True
audio_data/south/voice_13/voice_13_aug_20.wav,2.667,16000,แหลงไม่รู้เรื่อง,พูดไม่รู้เรื่อง,south,voice_13,voice_13,True
audio_data/south/voice_13/voice_13_aug_21.wav,2.667,16000,แหลงไม่รู้เรื่อง,พูดไม่รู้เรื่อง,south,voice_13,voice_13,True
audio_data/south/voice_13/voice_13_aug_22.wav,2.667,16000,แหลงไม่รู้เรื่อง,พูดไม่รู้เรื่อง,south,voice_13,voice_13,True
audio_data/south/voice_13/voice_13_aug_23.wav,2.667,16000,แหลงไม่รู้เรื่อง,พูดไม่รู้เรื่อง,south,voice_13,voice_13,True
audio_data/south/voice_13/voice_13_aug_24.wav,2.667,16000,แหลงไม่รู้เรื่อง,พูดไม่รู้เรื่อง,south,voice_13,voice_13,True
audio_data/south/voice_13/voice_13_aug_25.wav,2.667,16000,แหลงไม่รู้เรื่อง,พูดไม่รู้เรื่อง,south,voice_13,voice_13,True
audio_data/south/voice_13/voice_13_aug_26.wav,2.667,16000,แหลงไม่รู้เรื่อง,พูดไม่รู้เรื่อง,south,voice_13,voice_13,True
audio_data/south/voice_13/voice_13_aug_27.wav,2.667,16000,แหลงไม่รู้เรื่อง,พูดไม่รู้เรื่อง,south,voice_13,voice_13,True
audio_data/south/voice_13/voice_13_aug_28.wav,2.667,16000,แหลงไม่รู้เรื่อง,พูดไม่รู้เรื่อง,south,voice_13,voice_13,True
audio_data/south/voice_13/voice_13_aug_29.wav,2.667,16000,แหลงไม่รู้เรื่อง,พูดไม่รู้เรื่อง,south,voice_13,voice_13,True
audio_data/south/voice_13/voice_13_aug_3.wav,2.667,16000,แหลงไม่รู้เรื่อง,พูดไม่รู้เรื่อง,south,voice_13,voice_13,True
audio_data/south/voice_13/voice_13_aug_30.wav,2.667,16000,แหลงไม่รู้เรื่อง,พูดไม่รู้เรื่อง,south,voice_13,voice_13,True
audio_data/south/voice_13/voice_13_aug_31.wav,2.667,16000,แหลงไม่รู้เรื่อง,พูดไม่รู้เรื่อง,south,voice_13,voice_13,True
audio_data/south/voice_13/voice_13_aug_32.wav,2.667,16000,แหลงไม่รู้เรื่อง,พูดไม่รู้เรื่อง,south,voice_13,voice_13,True
audio_data/south/voice_13/voice_13_aug_33.wav,2.667,16000,แหลงไม่รู้เรื่อง,พูดไม่รู้เรื่อง,south,voice_13,voice_13,True
audio_data/south/voice_13/voice_13_aug_34.wav,2.667,16000,แหลงไม่รู้เรื่อง,พูดไม่รู้เรื่อง,south,voice_13,voice_13,True
audio_data/south/voice_13/voice_13_aug_35.wav,2.667,16000,แหลงไม่รู้เรื่อง,พูดไม่รู้เรื่อง,south,voice_13,voice_13,True
audio_data/south/voice_13/voice_13_aug_36.wav,2.667,16000,แหลงไม่รู้เรื่อง,พูดไม่รู้เรื่อง,south,voice_13,voice_13,True
audio_data/south/voice_13/voice_13_aug_37.wav,2.667,16000,แหลงไม่รู้เรื่อง,พูดไม่รู้เรื่อง,south,voice_13,voice_13,True
audio_data/south/voice_13/voice_13_aug_38.wav,2.667,16000,แหลงไม่รู้เรื่อง,พูดไม่รู้เรื่อง,south,voice_13,voice_13,True
audio_data/south/voice_13/voice_13_aug_39.wav,2.667,16000,แหลงไม่รู้เรื่อง,พูดไม่รู้เรื่อง,south,voice_13,voice_13,True
audio_data/south/voice_13/voice_13_aug_4.wav,2.667,16000,แหลงไม่รู้เรื่อง,พูดไม่รู้เรื่อง,south,voice_13,voice_13,True
audio_data/south/voice_13/voice_13_aug_40.wav,2.667,16000,แหลงไม่รู้เรื่อง,พูดไม่รู้เรื่อง,south,voice_13,voice_13,True
audio_data/south/voice_13/voice_13_aug_41.wav,2.667,16000,แหลงไม่รู้เรื่อง,พูดไม่รู้เรื่อง,south,voice_13,voice_13,True
audio_data/south/voice_13/voice_13_aug_42.wav,2.667,16000,แหลงไม่รู้เรื่อง,พูดไม่รู้เรื่อง,south,voice_13,voice_13,True
audio_data/south/voice_13/voice_13_aug_43.wav,2.667,16000,แหลงไม่รู้เรื่อง,พูดไม่รู้เรื่อง,south,voice_13,voice_13,True
audio_data/south/voice_13/voice_13_aug_44.wav,2.667,16000,แหลงไม่รู้เรื่อง,พูดไม่รู้เรื่อง,south,voice_13,voice_13,True
audio_data/south/voice_13/voice_13_aug_45.wav,2.667,16000,แหลงไม่รู้เรื่อง,พูดไม่รู้เรื่อง,south,voice_13,voice_13,True
audio_data/south/voice_13/voice_13_aug_46.wav,2.667,16000,แหลงไม่รู้เรื่อง,พูดไม่รู้เรื่อง,south,voice_13,voice_13,True
audio_data/south/voice_13/voice_13_aug_47.wav,2.667,16000,แหลงไม่รู้เรื่อง,พูดไม่รู้เรื่อง,south,voice_13,voice_13,True
audio_data/south/voice_13/voice_13_aug_48.wav,2.667,16000,แหลงไม่รู้เรื่อง,พูดไม่รู้เรื่อง,south,voice_13,voice_13,True
audio_data/south/voice_13/voice_13_aug_49.wav,2.667,16000,แหลงไม่รู้เรื่อง,พูดไม่รู้เรื่อง,south,voice_13,voice_13,True
audio_data/south/voice_13/voice_13_aug_5.wav,2.667,16000,แหลงไม่รู้เรื่อง,พูดไม่รู้เรื่อง,south,voice_13,voice_13,True
audio_data/south/voice_13/voice_13_aug_50.wav,2.667,16000,แหลงไม่รู้เรื่อง,พูดไม่รู้เรื่อง,south,voice_13,voice_13,True
audio_data/south/voice_13/voice_13_aug_51.wav,2.667,16000,แหลงไม่รู้เรื่อง,พูดไม่รู้เรื่อง,south,voice_13,voice_13,True
audio_data/south/voice_13/voice_13_aug_52.wav,2.667,16000,แหลงไม่รู้เรื่อง,พูดไม่รู้เรื่อง,south,voice_13,voice_13,True
audio_data/south/voice_13/voice_13_aug_53.wav,2.667,16000,แหลงไม่รู้เรื่อง,พูดไม่รู้เรื่อง,south,voice_13,voice_13,True
audio_data/south/voice_13/voice_13_aug_54.wav,2.667,16000,แหลงไม่รู้เรื่อง,พูดไม่รู้เรื่อง,south,voice_13,voice_13,True
audio_data/south/voice_13/voice_13_aug_55.wav,2.667,16000,แหลงไม่รู้เรื่อง,พูดไม่รู้เรื่อง,south,voice_13,voice_13,True
audio_data/south/voice_13/voice_13_aug_56.wav,2.667,16000,แหลงไม่รู้เรื่อง,พูดไม่รู้เรื่อง,south,voice_13,voice_13,True
audio_data/south/voice_13/voice_13_aug_57.wav,2.667,16000,แหลงไม่รู้เรื่อง,พูดไม่รู้เรื่อง,south,voice_13,voice_13,True
audio_data/south/voice_13/voice_13_aug_58.wav,2.667,16000,แหลงไม่รู้เรื่อง,พูดไม่รู้เรื่อง,south,voice_13,voice_13,True
audio_data/south/voice_13/voice_13_aug_59.wav,2.667,16000,แหลงไม่รู้เรื่อง,พูดไม่รู้เรื่อง,south,voice_13,voice_13,True
audio_data/south/voice_13/voice_13_aug_6.wav,2.667,16000,แหลงไม่รู้เรื่อง,พูดไม่รู้เรื่อง,south,voice_13,voice_13,True
audio_data/south/voice_13/voice_13_aug_60.wav,2.667,16000,แหลงไม่รู้เรื่อง,พูดไม่รู้เรื่อง,south,voice_13,voice_13,True
audio_data/south/voice_13/voice_13_aug_61.wav,2.667,16000,แหลงไม่รู้เรื่อง,พูดไม่รู้เรื่อง,south,voice_13,voice_13,True
audio_data/south/voice_13/voice_13_aug_62.wav,2.667,16000,แหลงไม่รู้เรื่อง,พูดไม่รู้เรื่อง,south,voice_13,voice_13,True
audio_data/south/voice_13/voice_13_aug_63.wav,2.667,16000,แหลงไม่รู้เรื่อง,พูดไม่รู้เรื่อง,south,voice_13,voice_13,True
audio_data/south/voice_13/voice_13_aug_64.wav,2.667,16000,แหลงไม่รู้เรื่อง,พูดไม่รู้เรื่อง,south,voice_13,voice_13,True
audio_data/south/voice_13/voice_13_aug_65.wav,2.667,16000,แหลงไม่รู้เรื่อง,พูดไม่รู้เรื่อง,south,voice_13,voice_13,True
audio_data/south/voice_13/voice_13_aug_66.wav,2.667,16000,แหลงไม่รู้เรื่อง,พูดไม่รู้เรื่อง,south,voice_13,voice_13,True
audio_data/south/voice_13/voice_13_aug_67.wav,2.667,16000,แหลงไม่รู้เรื่อง,พูดไม่รู้เรื่อง,south,voice_13,voice_13,True
audio_data/south/voice_13/voice_13_aug_68.wav,2.667,16000,แหลงไม่รู้เรื่อง,พูดไม่รู้เรื่อง,south,voice_13,voice_13,True
audio_data/south/voice_13/voice_13_aug_69.wav,2.667,16000,แหลงไม่รู้เรื่อง,พูดไม่รู้เรื่อง,south,voice_13,voice_13,True
audio_data/south/voice_13/voice_13_aug_7.wav,2.667,16000,แหลงไม่รู้เรื่อง,พูดไม่รู้เรื่อง,south,voice_13,voice_13,True
audio_data/south/voice_13/voice_13_aug_70.wav,2.667,16000,แหลงไม่รู้เรื่อง,พูดไม่รู้เรื่อง,south,voice_13,voice_13,True
audio_data/south/voice_13/voice_13_aug_71.wav,2.667,16000,แหลงไม่รู้เรื่อง,พูดไม่รู้เรื่อง,south,voice_13,voice_13,True
audio_data/south/voice_13/voice_13_aug_72.wav,2.667,16000,แหลงไม่รู้เรื่อง,พูดไม่รู้เรื่อง,south,voice_13,voice_13,True
audio_data/south/voice_13/voice_13_aug_73.wav,2.667,16000,แหลงไม่รู้เรื่อง,พูดไม่รู้เรื่อง,south,voice_13,voice_13,True
audio_data/south/voice_13/voice_13_aug_74.wav,2.667,16000,แหลงไม่รู้เรื่อง,พูดไม่รู้เรื่อง,south,voice_13,voice_13,True
audio_data/south/voice_13/voice_13_aug_75.wav,2.667,16000,แหลงไม่รู้เรื่อง,พูดไม่รู้เรื่อง,south,voice_13,voice_13,True
audio_data/south/voice_13/voice_13_aug_76.wav,2.667,16000,แหลงไม่รู้เรื่อง,พูดไม่รู้เรื่อง,south,voice_13,voice_13,True
audio_data/south/voice_13/voice_13_aug_77.wav,2.667,16000,แหลงไม่รู้เรื่อง,พูดไม่รู้เรื่อง,south,voice_13,voice_13,True
audio_data/south/voice_13/voice_13_aug_78.wav,2.667,16000,แหลงไม่รู้เรื่อง,พูดไม่รู้เรื่อง,south,voice_13,voice_13,True
audio_data/south/voice_13/voice_13_aug_79.wav,2.667,16000,แหลงไม่รู้เรื่อง,พูดไม่รู้เรื่อง,south,voice_13,voice_13,True
audio_data/south/voice_13/voice_13_aug_8.wav,2.667,16000,แหลงไม่รู้เรื่อง,พูดไม่รู้เรื่อง,south,voice_13,voice_13,True
audio_data/south/voice_13/voice_13_aug_80.wav,2.667,16000,แหลงไม่รู้เรื่อง,พูดไม่รู้เรื่อง,south,voice_13,voice_13,True
audio_data/south/voice_13/voice_13_aug_81.wav,2.667,16000,แหลงไม่รู้เรื่อง,พูดไม่รู้เรื่อง,south,voice_13,voice_13,True
audio_data/south/voice_13/voice_13_aug_82.wav,2.667,16000,แหลงไม่รู้เรื่อง,พูดไม่รู้เรื่อง,south,voice_13,voice_13,True
audio_data/south/voice_13/voice_13_aug_83.wav,2.667,16000,แหลงไม่รู้เรื่อง,พูดไม่รู้เรื่อง,south,voice_13,voice_13,True
audio_data/south/voice_13/voice_13_aug_84.wav,2.667,16000,แหลงไม่รู้เรื่อง,พูดไม่รู้เรื่อง,south,voice_13,voice_13,True
audio_data/south/voice_13/voice_13_aug_85.wav,2.667,16000,แหลงไม่รู้เรื่อง,พูดไม่รู้เรื่อง,south,voice_13,voice_13,True
audio_data/south/voice_13/voice_13_aug_86.wav,2.667,16000,แหลงไม่รู้เรื่อง,พูดไม่รู้เรื่อง,south,voice_13,voice_13,True
audio_data/south/voice_13/voice_13_aug_87.wav,2.667,16000,แหลงไม่รู้เรื่อง,พูดไม่รู้เรื่อง,south,voice_13,voice_13,True
audio_data/south/voice_13/voice_13_aug_88.wav,2.667,16000,แหลงไม่รู้เรื่อง,พูดไม่รู้เรื่อง,south,voice_13,voice_13,True
audio_data/south/voice_13/voice_13_aug_89.wav,2.667,16000,แหลงไม่รู้เรื่อง,พูดไม่รู้เรื่อง,south,voice_13,voice_13,True
audio_data/south/voice_13/voice_13_aug_9.wav,2.667,16000,แหลงไม่รู้เรื่อง,พูดไม่รู้เรื่อง,south,voice_13,voice_13,True
audio_data/south/voice_13/voice_13_aug_90.wav,2.667,16000,แหลงไม่รู้เรื่อง,พูดไม่รู้เรื่อง,south,voice_13,voice_13,True
audio_data/south/voice_13/voice_13_aug_91.wav,2.667,16000,แหลงไม่รู้เรื่อง,พูดไม่รู้เรื่อง,south,voice_13,voice_13,True
audio_data/south/voice_13/voice_13_aug_92.wav,2.667,16000,แหลงไม่รู้เรื่อง,พูดไม่รู้เรื่อง,south,voice_13,voice_13,True
audio_data/south/voice_13/voice_13_aug_93.wav,2.667,16000,แหลงไม่รู้เรื่อง,พูดไม่รู้เรื่อง,south,voice_13,voice_13,True
audio_data/south/voice_13/voice_13_aug_94.wav,2.667,16000,แหลงไม่รู้เรื่อง,พูดไม่รู้เรื่อง,south,voice_13,voice_13,True
audio_data/south/voice_13/voice_13_aug_95.wav,2.667,16000,แหลงไม่รู้เรื่อง,พูดไม่รู้เรื่อง,south,voice_13,voice_13,True
audio_data/south/voice_13/voice_13_aug_96.wav,2.667,16000,แหลงไม่รู้เรื่อง,พูดไม่รู้เรื่อง,south,voice_13,voice_13,True
audio_data/south/voice_13/voice_13_aug_97.wav,2.667,16000,แหลงไม่รู้เรื่อง,พูดไม่รู้เรื่อง,south,voice_13,voice_13,True
audio_data/south/voice_13/voice_13_aug_98.wav,2.667,16000,แหลงไม่รู้เรื่อง,พูดไม่รู้เรื่อง,south,voice_13,voice_13,True
audio_data/south/voice_13/voice_13_aug_99.wav,2.667,16000,แหลงไม่รู้เรื่อง,พูดไม่รู้เรื่อง,south,voice_13,voice_13,True
audio_data/south/voice_14/voice_14_1.wav,2.944,16000,ไซร้ทำพันนั้น,ทำไมทำอย่างนั้น,south,voice_14,voice_14_1,False
audio_data/south/voice_14/voice_14_aug_1.wav,2.944,16000,ไซร้ทำพันนั้น,ทำไมทำอย่างนั้น,south,voice_14,voice_14,True
audio_data/south/voice_14/voice_14_aug_10.wav,2.944,16000,ไซร้ทำพันนั้น,ทำไมทำอย่างนั้น,south,voice_14,voice_14,True
audio_data/south/voice_14/voice_14_aug_100.wav,2.944,16000,ไซร้ทำพันนั้น,ทำไมทำอย่างนั้น,south,voice_14,voice_14,True
audio_data/south/voice_14/voice_14_aug_11.wav,2.944,16000,ไซร้ทำพันนั้น,ทำไมทำอย่างนั้น,south,voice_14,voice_14,True
audio_data/south/voice_14/voice_14_aug_12.wav,2.944,16000,ไซร้ทำพันนั้น,ทำไมทำอย่างนั้น,south,voice_14,voice_14,True
audio_data/south/voice_14/voice_14_aug_13.wav,2.944,16000,ไซร้ทำพันนั้น,ทำไมทำอย่างนั้น,south,voice_14,voice_14,True
audio_data/south/voice_14/voice_14_aug_14.wav,2.944,16000,ไซร้ทำพันนั้น,ทำไมทำอย่างนั้น,south,voice_14,voice_14,True
audio_data/south/voice_14/voice_14_aug_15.wav,2.944,16000,ไซร้ทำพันนั้น,ทำไมทำอย่างนั้น,south,voice_14,voice_14,True
audio_data/south/voice_14/voice_14_aug_16.wav,2.944,16000,ไซร้ทำพันนั้น,ทำไมทำอย่างนั้น,south,voice_14,voice_14,True
audio_data/south/voice_14/voice_14_aug_17.wav,2.944,16000,ไซร้ทำพันนั้น,ทำไมทำอย่างนั้น,south,voice_14,voice_14,True
audio_data/south/voice_14/voice_14_aug_18.wav,2.944,16000,ไซร้ทำพันนั้น,ทำไมทำอย่างนั้น,south,voice_14,voice_14,True
audio_data/south/voice_14/voice_14_aug_19.wav,2.944,16000,ไซร้ทำพันนั้น,ทำไมทำอย่างนั้น,south,voice_14,voice_14,True
audio_data/south/voice_14/voice_14_aug_2.wav,2.944,16000,ไซร้ทำพันนั้น,ทำไมทำอย่างนั้น,south,voice_14,voice_14,True
audio_data/south/voice_14/voice_14_aug_20.wav,2.944,16000,ไซร้ทำพันนั้น,ทำไมทำอย่างนั้น,south,voice_14,voice_14,True
audio_data/south/voice_14/voice_14_aug_21.wav,2.944,16000,ไซร้ทำพันนั้น,ทำไมทำอย่างนั้น,south,voice_14,voice_14,True
audio_data/south/voice_14/voice_14_aug_22.wav,2.944,16000,ไซร้ทำพันนั้น,ทำไมทำอย่างนั้น,south,voice_14,voice_14,True
audio_data/south/voice_14/voice_14_aug_23.wav,2.944,16000,ไซร้ทำพันนั้น,ทำไมทำอย่างนั้น,south,voice_14,voice_14,True
audio_data/south/voice_14/voice_14_aug_24.wav,2.944,16000,ไซร้ทำพันนั้น,ทำไมทำอย่างนั้น,south,voice_14,voice_14,True
audio_data/south/voice_14/voice_14_aug_25.wav,2.944,16000,ไซร้ทำพันนั้น,ทำไมทำอย่างนั้น,south,voice_14,voice_14,True
audio_data/south/voice_14/voice_14_aug_26.wav,2.944,16000,ไซร้ทำพันนั้น,ทำไมทำอย่างนั้น,south,voice_14,voice_14,True
audio_data/south/voice_14/voice_14_aug_27.wav,2.944,16000,ไซร้ทำพันนั้น,ทำไมทำอย่างนั้น,south,voice_14,voice_14,True
audio_data/south/voice_14/voice_14_aug_28.wav,2.944,16000,ไซร้ทำพันนั้น,ทำไมทำอย่างนั้น,south,voice_14,voice_14,True
audio_data/south/voice_14/voice_14_aug_29.wav,2.944,16000,ไซร้ทำพันนั้น,ทำไมทำอย่างนั้น,south,voice_14,voice_14,True
audio_data/south/voice_14/voice_14_aug_3.wav,2.944,16000,ไซร้ทำพันนั้น,ทำไมทำอย่างนั้น,south,voice_14,voice_14,True
audio_data/south/voice_14/voice_14_aug_30.wav,2.944,16000,ไซร้ทำพันนั้น,ทำไมทำอย่างนั้น,south,voice_14,voice_14,True
audio_data/south/voice_14/voice_14_aug_31.wav,2.944,16000,ไซร้ทำพันนั้น,ทำไมทำอย่างนั้น,south,voice_14,voice_14,True
audio_data/south/voice_14/voice_14_aug_32.wav,2.944,16000,ไซร้ทำพันนั้น,ทำไมทำอย่างนั้น,south,voice_14,voice_14,True
audio_data/south/voice_14/voice_14_aug_33.wav,2.944,16000,ไซร้ทำพันนั้น,ทำไมทำอย่างนั้น,south,voice_14,voice_14,True
audio_data/south/voice_14/voice_14_aug_34.wav,2.944,16000,ไซร้ทำพันนั้น,ทำไมทำอย่างนั้น,south,voice_14,voice_14,True
audio_data/south/voice_14/voice_14_aug_35.wav,2.944,16000,ไซร้ทำพันนั้น,ทำไมทำอย่างนั้น,south,voice_14,voice_14,True
audio_data/south/voice_14/voice_14_aug_36.wav,2.944,16000,ไซร้ทำพันนั้น,ทำไมทำอย่างนั้น,south,voice_14,voice_14,True
audio_data/south/voice_14/voice_14_aug_37.wav,2.944,16000,ไซร้ทำพันนั้น,ทำไมทำอย่างนั้น,south,voice_14,voice_14,True
audio_data/south/voice_14/voice_14_aug_38.wav,2.944,16000,ไซร้ทำพันนั้น,ทำไมทำอย่างนั้น,south,voice_14,voice_14,True
audio_data/south/voice_14/voice_14_aug_39.wav,2.944,16000,ไซร้ทำพันนั้น,ทำไมทำอย่างนั้น,south,voice_14,voice_14,True
audio_data/south/voice_14/voice_14_aug_4.wav,2.944,16000,ไซร้ทำพันนั้น,ทำไมทำอย่างนั้น,south,voice_14,voice_14,True
audio_data/south/voice_14/voice_14_aug_40.wav,2.944,16000,ไซร้ทำพันนั้น,ทำไมทำอย่างนั้น,south,voice_14,voice_14,True
audio_data/south/voice_14/voice_14_aug_41.wav,2.944,16000,ไซร้ทำพันนั้น,ทำไมทำอย่างนั้น,south,voice_14,voice_14,True
audio_data/south/voice_14/voice_14_aug_42.wav,2.944,16000,ไซร้ทำพันนั้น,ทำไมทำอย่างนั้น,south,voice_14,voice_14,True
audio_data/south/voice_14/voice_14_aug_43.wav,2.944,16000,ไซร้ทำพันนั้น,ทำไมทำอย่างนั้น,south,voice_14,voice_14,True
audio_data/south/voice_14/voice_14_aug_44.wav,2.944,16000,ไซร้ทำพันนั้น,ทำไมทำอย่างนั้น,south,voice_14,voice_14,True
audio_data/south/voice_14/voice_14_aug_45.wav,2.944,16000,ไซร้ทำพันนั้น,ทำไมทำอย่างนั้น,south,voice_14,voice_14,True
audio_data/south/voice_14/voice_14_aug_46.wav,2.944,16000,ไซร้ทำพันนั้น,ทำไมทำอย่างนั้น,south,voice_14,voice_14,True
audio_data/south/voice_14/voice_14_aug_47.wav,2.944,16000,ไซร้ทำพันนั้น,ทำไมทำอย่างนั้น,south,voice_14,voice_14,True
audio_data/south/voice_14/voice_14_aug_48.wav,2.944,16000,ไซร้ทำพันนั้น,ทำไมทำอย่างนั้น,south,voice_14,voice_14,True
audio_data/south/voice_14/voice_14_aug_49.wav,2.944,16000,ไซร้ทำพันนั้น,ทำไมทำอย่างนั้น,south,voice_14,voice_14,True
audio_data/south/voice_14/voice_14_aug_5.wav,2.944,16000,ไซร้ทำพันนั้น,ทำไมทำอย่างนั้น,south,voice_14,voice_14,True
audio_data/south/voice_14/voice_14_aug_50.wav,2.944,16000,ไซร้ทำพันนั้น,ทำไมทำอย่างนั้น,south,voice_14,voice_14,True
audio_data/south/voice_14/voice_14_aug_51.wav,2.944,16000,ไซร้ทำพันนั้น,ทำไมทำอย่างนั้น,south,voice_14,voice_14,True
audio_data/south/voice_14/voice_14_aug_52.wav,2.944,16000,ไซร้ทำพันนั้น,ทำไมทำอย่างนั้น,south,voice_14,voice_14,True
audio_data/south/voice_14/voice_14_aug_53.wav,2.944,16000,ไซร้ทำพันนั้น,ทำไมทำอย่างนั้น,south,voice_14,voice_14,True
audio_data/south/voice_14/voice_14_aug_54.wav,2.944,16000,ไซร้ทำพันนั้น,ทำไมทำอย่างนั้น,south,voice_14,voice_14,True
audio_data/south/voice_14/voice_14_aug_55.wav,2.944,16000,ไซร้ทำพันนั้น,ทำไมทำอย่างนั้น,south,voice_14,voice_14,True
audio_data/south/voice_14/voice_14_aug_56.wav,2.944,16000,ไซร้ทำพันนั้น,ทำไมทำอย่างนั้น,south,voice_14,voice_14,True
audio_data/south/voice_14/voice_14_aug_57.wav,2.944,16000,ไซร้ทำพันนั้น,ทำไมทำอย่างนั้น,south,voice_14,voice_14,True
audio_data/south/voice_14/voice_14_aug_58.wav,2.944,16000,ไซร้ทำพันนั้น,ทำไมทำอย่างนั้น,south,voice_14,voice_14,True
audio_data/south/voice_14/voice_14_aug_59.wav,2.944,16000,ไซร้ทำพันนั้น,ทำไมทำอย่างนั้น,south,voice_14,voice_14,True
audio_data/south/voice_14/voice_14_aug_6.wav,2.944,16000,ไซร้ทำพันนั้น,ทำไมทำอย่างนั้น,south,voice_14,voice_14,True
audio_data/south/voice_14/voice_14_aug_60.wav,2.944,16000,ไซร้ทำพันนั้น,ทำไมทำอย่างนั้น,south,voice_14,voice_14,True
audio_data/south/voice_14/voice_14_aug_61.wav,2.944,16000,ไซร้ทำพันนั้น,ทำไมทำอย่างนั้น,south,voice_14,voice_14,True
audio_data/south/voice_14/voice_14_aug_62.wav,2.944,16000,ไซร้ทำพันนั้น,ทำไมทำอย่างนั้น,south,voice_14,voice_14,True
audio_data/south/voice_14/voice_14_aug_63.wav,2.944,16000,ไซร้ทำพันนั้น,ทำไมทำอย่างนั้น,south,voice_14,voice_14,True
audio_data/south/voice_14/voice_14_aug_64.wav,2.944,16000,ไซร้ทำพันนั้น,ทำไมทำอย่างนั้น,south,voice_14,voice_14,True
audio_data/south/voice_14/voice_14_aug_65.wav,2.944,16000,ไซร้ทำพันนั้น,ทำไมทำอย่างนั้น,south,voice_14,voice_14,True
audio_data/south/voice_14/voice_14_aug_66.wav,2.944,16000,ไซร้ทำพันนั้น,ทำไมทำอย่างนั้น,south,voice_14,voice_14,True
audio_data/south/voice_14/voice_14_aug_67.wav,2.944,16000,ไซร้ทำพันนั้น,ทำไมทำอย่างนั้น,south,voice_14,voice_14,True
audio_data/south/voice_14/voice_14_aug_68.wav,2.944,16000,ไซร้ทำพันนั้น,ทำไมทำอย่างนั้น,south,voice_14,voice_14,True
audio_data/south/voice_14/voice_14_aug_69.wav,2.944,16000,ไซร้ทำพันนั้น,ทำไมทำอย่างนั้น,south,voice_14,voice_14,True
audio_data/south/voice_14/voice_14_aug_7.wav,2.944,16000,ไซร้ทำพันนั้น,ทำไมทำอย่างนั้น,south,voice_14,voice_14,True
audio_data/south/voice_14/voice_14_aug_70.wav,2.944,16000,ไซร้ทำพันนั้น,ทำไมทำอย่างนั้น,south,voice_14,voice_14,True
audio_data/south/voice_14/voice_14_aug_71.wav,2.944,16000,ไซร้ทำพันนั้น,ทำไมทำอย่างนั้น,south,voice_14,voice_14,True
audio_data/south/voice_14/voice_14_aug_72.wav,2.944,16000,ไซร้ทำพันนั้น,ทำไมทำอย่างนั้น,south,voice_14,voice_14,True
audio_data/south/voice_14/voice_14_aug_73.wav,2.944,16000,ไซร้ทำพันนั้น,ทำไมทำอย่างนั้น,south,voice_14,voice_14,True
audio_data/south/voice_14/voice_14_aug_74.wav,2.944,16000,ไซร้ทำพันนั้น,ทำไมทำอย่างนั้น,south,voice_14,voice_14,True
audio_data/south/voice_14/voice_14_aug_75.wav,2.944,16000,ไซร้ทำพันนั้น,ทำไมทำอย่างนั้น,south,voice_14,voice_14,True
audio_data/south/voice_14/voice_14_aug_76.wav,2.944,16000,ไซร้ทำพันนั้น,ทำไมทำอย่างนั้น,south,voice_14,voice_14,True
audio_data/south/voice_14/voice_14_aug_77.wav,2.944,16000,ไซร้ทำพันนั้น,ทำไมทำอย่างนั้น,south,voice_14,voice_14,True
audio_data/south/voice_14/voice_14_aug_78.wav,2.944,16000,ไซร้ทำพันนั้น,ทำไมทำอย่างนั้น,south,voice_14,voice_14,True
audio_data/south/voice_14/voice_14_aug_79.wav,2.944,16000,ไซร้ทำพันนั้น,ทำไมทำอย่างนั้น,south,voice_14,voice_14,True
audio_data/south/voice_14/voice_14_aug_8.wav,2.944,16000,ไซร้ทำพันนั้น,ทำไมทำอย่างนั้น,south,voice_14,voice_14,True
audio_data/south/voice_14/voice_14_aug_80.wav,2.944,16000,ไซร้ทำพันนั้น,ทำไมทำอย่างนั้น,south,voice_14,voice_14,True
audio_data/south/voice_14/voice_14_aug_81.wav,2.944,16000,ไซร้ทำพันนั้น,ทำไมทำอย่างนั้น,south,voice_14,voice_14,True
audio_data/south/voice_14/voice_14_aug_82.wav,2.944,16000,ไซร้ทำพันนั้น,ทำไมทำอย่างนั้น,south,voice_14,voice_14,True
audio_data/south/voice_14/voice_14_aug_83.wav,2.944,16000,ไซร้ทำพันนั้น,ทำไมทำอย่างนั้น,south,voice_14,voice_14,True
audio_data/south/voice_14/voice_14_aug_84.wav,2.944,16000,ไซร้ทำพันนั้น,ทำไมทำอย่างนั้น,south,voice_14,voice_14,True
audio_data/south/voice_14/voice_14_aug_85.wav,2.944,16000,ไซร้ทำพันนั้น,ทำไมทำอย่างนั้น,south,voice_14,voice_14,True
audio_data/south/voice_14/voice_14_aug_86.wav,2.944,16000,ไซร้ทำพันนั้น,ทำไมทำอย่างนั้น,south,voice_14,voice_14,True
audio_data/south/voice_14/voice_14_aug_87.wav,2.944,16000,ไซร้ทำพันนั้น,ทำไมทำอย่างนั้น,south,voice_14,voice_14,True
audio_data/south/voice_14/voice_14_aug_88.wav,2.944,16000,ไซร้ทำพันนั้น,ทำไมทำอย่างนั้น,south,voice_14,voice_14,True
audio_data/south/voice_14/voice_14_aug_89.wav,2.944,16000,ไซร้ทำพันนั้น,ทำไมทำอย่างนั้น,south,voice_14,voice_14,True
audio_data/south/voice_14/voice_14_aug_9.wav,2.944,16000,ไซร้ทำพันนั้น,ทำไมทำอย่างนั้น,south,voice_14,voice_14,True
audio_data/south/voice_14/voice_14_aug_90.wav,2.944,16000,ไซร้ทำพันนั้น,ทำไมทำอย่างนั้น,south,voice_14,voice_14,True
audio_data/south/voice_14/voice_14_aug_91.wav,2.944,16000,ไซร้ทำพันนั้น,ทำไมทำอย่างนั้น,south,voice_14,voice_14,True
audio_data/south/voice_14/voice_14_aug_92.wav,2.944,16000,ไซร้ทำพันนั้น,ทำไมทำอย่างนั้น,south,voice_14,voice_14,True
audio_data/south/voice_14/voice_14_aug_93.wav,2.944,16000,ไซร้ทำพันนั้น,ทำไมทำอย่างนั้น,south,voice_14,voice_14,True
audio_data/south/voice_14/voice_14_aug_94.wav,2.944,16000,ไซร้ทำพันนั้น,ทำไมทำอย่างนั้น,south,voice_14,voice_14,True
audio_data/south/voice_14/voice_14_aug_95.wav,2.944,16000,ไซร้ทำพันนั้น,ทำไมทำอย่างนั้น,south,voice_14,voice_14,True
audio_data/south/voice_14/voice_14_aug_96.wav,2.944,16000,ไซร้ทำพันนั้น,ทำไมทำอย่างนั้น,south,voice_14,voice_14,True
audio_data/south/voice_14/voice_14_aug_97.wav,2.944,16000,ไซร้ทำพันนั้น,ทำไมทำอย่างนั้น,south,voice_14,voice_14,True
audio_data/south/voice_14/voice_14_aug_98.wav,2.944,16000,ไซร้ทำพันนั้น,ทำไมทำอย่างนั้น,south,voice_14,voice_14,True
audio_data/south/voice_14/voice_14_aug_99.wav,2.944,16000,ไซร้ทำพันนั้น,ทำไมทำอย่างนั้น,south,voice_14,voice_14,True
audio_data/south/voice_15/voice_15_1.wav,2.944,16000,พรือโฉ้ล่ะทีนี้,แย่แล้วล่ะทีนี้,south,voice_15,voice_15_1,False
audio_data/south/voice_15/voice_15_aug_1.wav,2.944,16000,พรือโฉ้ล่ะทีนี้,แย่แล้วล่ะทีนี้,south,voice_15,voice_15,True
audio_data/south/voice_15/voice_15_aug_10.wav,2.944,16000,พรือโฉ้ล่ะทีนี้,แย่แล้วล่ะทีนี้,south,voice_15,voice_15,True
audio_data/south/voice_15/voice_15_aug_100.wav,2.944,16000,พรือโฉ้ล่ะทีนี้,แย่แล้วล่ะทีนี้,south,voice_15,voice_15,True
audio_data/south/voice_15/voice_15_aug_11.wav,2.944,16000,พรือโฉ้ล่ะทีนี้,แย่แล้วล่ะทีนี้,south,voice_15,voice_15,True
audio_data/south/voice_15/voice_15_aug_12.wav,2.944,16000,พรือโฉ้ล่ะทีนี้,แย่แล้วล่ะทีนี้,south,voice_15,voice_15,True
audio_data/south/voice_15/voice_15_aug_13.wav,2.944,16000,พรือโฉ้ล่ะทีนี้,แย่แล้วล่ะทีนี้,south,voice_15,voice_15,True
audio_data/south/voice_15/voice_15_aug_14.wav,2.944,16000,พรือโฉ้ล่ะทีนี้,แย่แล้วล่ะทีนี้,south,voice_15,voice_15,True
audio_data/south/voice_15/voice_15_aug_15.wav,2.944,16000,พรือโฉ้ล่ะทีนี้,แย่แล้วล่ะทีนี้,south,voice_15,voice_15,True
audio_data/south/voice_15/voice_15_aug_16.wav,2.944,16000,พรือโฉ้ล่ะทีนี้,แย่แล้วล่ะทีนี้,south,voice_15,voice_15,True
audio_data/south/voice_15/voice_15_aug_17.wav,2.944,16000,พรือโฉ้ล่ะทีนี้,แย่แล้วล่ะทีนี้,south,voice_15,voice_15,True
audio_data/south/voice_15/voice_15_aug_18.wav,2.944,16000,พรือโฉ้ล่ะทีนี้,แย่แล้วล่ะทีนี้,south,voice_15,voice_15,True
audio_data/south/voice_15/voice_15_aug_19.wav,2.944,16000,พรือโฉ้ล่ะทีนี้,แย่แล้วล่ะทีนี้,south,voice_15,voice_15,True
audio_data/south/voice_15/voice_15_aug_2.wav,2.944,16000,พรือโฉ้ล่ะทีนี้,แย่แล้วล่ะทีนี้,south,voice_15,voice_15,True
audio_data/south/voice_15/voice_15_aug_20.wav,2.944,16000,พรือโฉ้ล่ะทีนี้,แย่แล้วล่ะทีนี้,south,voice_15,voice_15,True
audio_data/south/voice_15/voice_15_aug_21.wav,2.944,16000,พรือโฉ้ล่ะทีนี้,แย่แล้วล่ะทีนี้,south,voice_15,voice_15,True
audio_data/south/voice_15/voice_15_aug_22.wav,2.944,16000,พรือโฉ้ล่ะทีนี้,แย่แล้วล่ะทีนี้,south,voice_15,voice_15,True
audio_data/south/voice_15/voice_15_aug_23.wav,2.944,16000,พรือโฉ้ล่ะทีนี้,แย่แล้วล่ะทีนี้,south,voice_15,voice_15,True
audio_data/south/voice_15/voice_15_aug_24.wav,2.944,16000,พรือโฉ้ล่ะทีนี้,แย่แล้วล่ะทีนี้,south,voice_15,voice_15,True
audio_data/south/voice_15/voice_15_aug_25.wav,2.944,16000,พรือโฉ้ล่ะทีนี้,แย่แล้วล่ะทีนี้,south,voice_15,voice_15,True
audio_data/south/voice_15/voice_15_aug_26.wav,2.944,16000,พรือโฉ้ล่ะทีนี้,แย่แล้วล่ะทีนี้,south,voice_15,voice_15,True
audio_data/south/voice_15/voice_15_aug_27.wav,2.944,16000,พรือโฉ้ล่ะทีนี้,แย่แล้วล่ะทีนี้,south,voice_15,voice_15,True
audio_data/south/voice_15/voice_15_aug_28.wav,2.944,16000,พรือโฉ้ล่ะทีนี้,แย่แล้วล่ะทีนี้,south,voice_15,voice_15,True
audio_data/south/voice_15/voice_15_aug_29.wav,2.944,16000,พรือโฉ้ล่ะทีนี้,แย่แล้วล่ะทีนี้,south,voice_15,voice_15,True
audio_data/south/voice_15/voice_15_aug_3.wav,2.944,16000,พรือโฉ้ล่ะทีนี้,แย่แล้วล่ะทีนี้,south,voice_15,voice_15,True
audio_data/south/voice_15/voice_15_aug_30.wav,2.944,16000,พรือโฉ้ล่ะทีนี้,แย่แล้วล่ะทีนี้,south,voice_15,voice_15,True
audio_data/south/voice_15/voice_15_aug_31.wav,2.944,16000,พรือโฉ้ล่ะทีนี้,แย่แล้วล่ะทีนี้,south,voice_15,voice_15,True
audio_data/south/voice_15/voice_15_aug_32.wav,2.944,16000,พรือโฉ้ล่ะทีนี้,แย่แล้วล่ะทีนี้,south,voice_15,voice_15,True
audio_data/south/voice_15/voice_15_aug_33.wav,2.944,16000,พรือโฉ้ล่ะทีนี้,แย่แล้วล่ะทีนี้,south,voice_15,voice_15,True
audio_data/south/voice_15/voice_15_aug_34.wav,2.944,16000,พรือโฉ้ล่ะทีนี้,แย่แล้วล่ะทีนี้,south,voice_15,voice_15,True
audio_data/south/voice_15/voice_15_aug_35.wav,2.944,16000,พรือโฉ้ล่ะทีนี้,แย่แล้วล่ะทีนี้,south,voice_15,voice_15,True
audio_data/south/voice_15/voice_15_aug_36.wav,2.944,16000,พรือโฉ้ล่ะทีนี้,แย่แล้วล่ะทีนี้,south,voice_15,voice_15,True
audio_data/south/voice_15/voice_15_aug_37.wav,2.944,16000,พรือโฉ้ล่ะทีนี้,แย่แล้วล่ะทีนี้,south,voice_15,voice_15,True
audio_data/south/voice_15/voice_15_aug_38.wav,2.944,16000,พรือโฉ้ล่ะทีนี้,แย่แล้วล่ะทีนี้,south,voice_15,voice_15,True
audio_data/south/voice_15/voice_15_aug_39.wav,2.944,16000,พรือโฉ้ล่ะทีนี้,แย่แล้วล่ะทีนี้,south,voice_15,voice_15,True
audio_data/south/voice_15/voice_15_aug_4.wav,2.944,16000,พรือโฉ้ล่ะทีนี้,แย่แล้วล่ะทีนี้,south,voice_15,voice_15,True
audio_data/south/voice_15/voice_15_aug_40.wav,2.944,16000,พรือโฉ้ล่ะทีนี้,แย่แล้วล่ะทีนี้,south,voice_15,voice_15,True
audio_data/south/voice_15/voice_15_aug_41.wav,2.944,16000,พรือโฉ้ล่ะทีนี้,แย่แล้วล่ะทีนี้,south,voice_15,voice_15,True
audio_data/south/voice_15/voice_15_aug_42.wav,2.944,16000,พรือโฉ้ล่ะทีนี้,แย่แล้วล่ะทีนี้,south,voice_15,voice_15,True
audio_data/south/voice_15/voice_15_aug_43.wav,2.944,16000,พรือโฉ้ล่ะทีนี้,แย่แล้วล่ะทีนี้,south,voice_15,voice_15,True
audio_data/south/voice_15/voice_15_aug_44.wav,2.944,16000,พรือโฉ้ล่ะทีนี้,แย่แล้วล่ะทีนี้,south,voice_15,voice_15,True
audio_data/south/voice_15/voice_15_aug_45.wav,2.944,16000,พรือโฉ้ล่ะทีนี้,แย่แล้วล่ะทีนี้,south,voice_15,voice_15,True
audio_data/south/voice_15/voice_15_aug_46.wav,2.944,16000,พรือโฉ้ล่ะทีนี้,แย่แล้วล่ะทีนี้,south,voice_15,voice_15,True
audio_data/south/voice_15/voice_15_aug_47.wav,2.944,16000,พรือโฉ้ล่ะทีนี้,แย่แล้วล่ะทีนี้,south,voice_15,voice_15,True
audio_data/south/voice_15/voice_15_aug_48.wav,2.944,16000,พรือโฉ้ล่ะทีนี้,แย่แล้วล่ะทีนี้,south,voice_15,voice_15,True
audio_data/south/voice_15/voice_15_aug_49.wav,2.944,16000,พรือโฉ้ล่ะทีนี้,แย่แล้วล่ะทีนี้,south,voice_15,voice_15,True
audio_data/south/voice_15/voice_15_aug_5.wav,2.944,16000,พรือโฉ้ล่ะทีนี้,แย่แล้วล่ะทีนี้,south,voice_15,voice_15,True
audio_data/south/voice_15/voice_15_aug_50.wav,2.944,16000,พรือโฉ้ล่ะทีนี้,แย่แล้วล่ะทีนี้,south,voice_15,voice_15,True
audio_data/south/voice_15/voice_15_aug_51.wav,2.944,16000,พรือโฉ้ล่ะทีนี้,แย่แล้วล่ะทีนี้,south,voice_15,voice_15,True
audio_data/south/voice_15/voice_15_aug_52.wav,2.944,16000,พรือโฉ้ล่ะทีนี้,แย่แล้วล่ะทีนี้,south,voice_15,voice_15,True
audio_data/south/voice_15/voice_15_aug_53.wav,2.944,16000,พรือโฉ้ล่ะทีนี้,แย่แล้วล่ะทีนี้,south,voice_15,voice_15,True
audio_data/south/voice_15/voice_15_aug_54.wav,2.944,16000,พรือโฉ้ล่ะทีนี้,แย่แล้วล่ะทีนี้,south,voice_15,voice_15,True
audio_data/south/voice_15/voice_15_aug_55.wav,2.944,16000,พรือโฉ้ล่ะทีนี้,แย่แล้วล่ะทีนี้,south,voice_15,voice_15,True
audio_data/south/voice_15/voice_15_aug_56.wav,2.944,16000,พรือโฉ้ล่ะทีนี้,แย่แล้วล่ะทีนี้,south,voice_15,voice_15,True
audio_data/south/voice_15/voice_15_aug_57.wav,2.944,16000,พรือโฉ้ล่ะทีนี้,แย่แล้วล่ะทีนี้,south,voice_15,voice_15,True
audio_data/south/voice_15/voice_15_aug_58.wav,2.944,16000,พรือโฉ้ล่ะทีนี้,แย่แล้วล่ะทีนี้,south,voice_15,voice_15,True
audio_data/south/voice_15/voice_15_aug_59.wav,2.944,16000,พรือโฉ้ล่ะทีนี้,แย่แล้วล่ะทีนี้,south,voice_15,voice_15,True
audio_data/south/voice_15/voice_15_aug_6.wav,2.944,16000,พรือโฉ้ล่ะทีนี้,แย่แล้วล่ะทีนี้,south,voice_15,voice_15,True
audio_data/south/voice_15/voice_15_aug_60.wav,2.944,16000,พรือโฉ้ล่ะทีนี้,แย่แล้วล่ะทีนี้,south,voice_15,voice_15,True
audio_data/south/voice_15/voice_15_aug_61.wav,2.944,16000,พรือโฉ้ล่ะทีนี้,แย่แล้วล่ะทีนี้,south,voice_15,voice_15,True
audio_data/south/voice_15/voice_15_aug_62.wav,2.944,16000,พรือโฉ้ล่ะทีนี้,แย่แล้วล่ะทีนี้,south,voice_15,voice_15,True
audio_data/south/voice_15/voice_15_aug_63.wav,2.944,16000,พรือโฉ้ล่ะทีนี้,แย่แล้วล่ะทีนี้,south,voice_15,voice_15,True
audio_data/south/voice_15/voice_15_aug_64.wav,2.944,16000,พรือโฉ้ล่ะทีนี้,แย่แล้วล่ะทีนี้,south,voice_15,voice_15,True
audio_data/south/voice_15/voice_15_aug_65.wav,2.944,16000,พรือโฉ้ล่ะทีนี้,แย่แล้วล่ะทีนี้,south,voice_15,voice_15,True
audio_data/south/voice_15/voice_15_aug_66.wav,2.944,16000,พรือโฉ้ล่ะทีนี้,แย่แล้วล่ะทีนี้,south,voice_15,voice_15,True
audio_data/south/voice_15/voice_15_aug_67.wav,2.944,16000,พรือโฉ้ล่ะทีนี้,แย่แล้วล่ะทีนี้,south,voice_15,voice_15,True
audio_data/south/voice_15/voice_15_aug_68.wav,2.944,16000,พรือโฉ้ล่ะทีนี้,แย่แล้วล่ะทีนี้,south,voice_15,voice_15,True
audio_data/south/voice_15/voice_15_aug_69.wav,2.944,16000,พรือโฉ้ล่ะทีนี้,แย่แล้วล่ะทีนี้,south,voice_15,voice_15,True
audio_data/south/voice_15/voice_15_aug_7.wav,2.944,16000,พรือโฉ้ล่ะทีนี้,แย่แล้วล่ะทีนี้,south,voice_15,voice_15,True
audio_data/south/voice_15/voice_15_aug_70.wav,2.944,16000,พรือโฉ้ล่ะทีนี้,แย่แล้วล่ะทีนี้,south,voice_15,voice_15,True
audio_data/south/voice_15/voice_15_aug_71.wav,2.944,16000,พรือโฉ้ล่ะทีนี้,แย่แล้วล่ะทีนี้,south,voice_15,voice_15,True
audio_data/south/voice_15/voice_15_aug_72.wav,2.944,16000,พรือโฉ้ล่ะทีนี้,แย่แล้วล่ะทีนี้,south,voice_15,voice_15,True
audio_data/south/voice_15/voice_15_aug_73.wav,2.944,16000,พรือโฉ้ล่ะทีนี้,แย่แล้วล่ะทีนี้,south,voice_15,voice_15,True
audio_data/south/voice_15/voice_15_aug_74.wav,2.944,16000,พรือโฉ้ล่ะทีนี้,แย่แล้วล่ะทีนี้,south,voice_15,voice_15,True
audio_data/south/voice_15/voice_15_aug_75.wav,2.944,16000,พรือโฉ้ล่ะทีนี้,แย่แล้วล่ะทีนี้,south,voice_15,voice_15,True
audio_data/south/voice_15/voice_15_aug_76.wav,2.944,16000,พรือโฉ้ล่ะทีนี้,แย่แล้วล่ะทีนี้,south,voice_15,voice_15,True
audio_data/south/voice_15/voice_15_aug_77.wav,2.944,16000,พรือโฉ้ล่ะทีนี้,แย่แล้วล่ะทีนี้,south,voice_15,voice_15,True
audio_data/south/voice_15/voice_15_aug_78.wav,2.944,16000,พรือโฉ้ล่ะทีนี้,แย่แล้วล่ะทีนี้,south,voice_15,voice_15,True
audio_data/south/voice_15/voice_15_aug_79.wav,2.944,16000,พรือโฉ้ล่ะทีนี้,แย่แล้วล่ะทีนี้,south,voice_15,voice_15,True
audio_data/south/voice_15/voice_15_aug_8.wav,2.944,16000,พรือโฉ้ล่ะทีนี้,แย่แล้วล่ะทีนี้,south,voice_15,voice_15,True
audio_data/south/voice_15/voice_15_aug_80.wav,2.944,16000,พรือโฉ้ล่ะทีนี้,แย่แล้วล่ะทีนี้,south,voice_15,voice_15,True
audio_data/south/voice_15/voice_15_aug_81.wav,2.944,16000,พรือโฉ้ล่ะทีนี้,แย่แล้วล่ะทีนี้,south,voice_15,voice_15,True
audio_data/south/voice_15/voice_15_aug_82.wav,2.944,16000,พรือโฉ้ล่ะทีนี้,แย่แล้วล่ะทีนี้,south,voice_15,voice_15,True
audio_data/south/voice_15/voice_15_aug_83.wav,2.944,16000,พรือโฉ้ล่ะทีนี้,แย่แล้วล่ะทีนี้,south,voice_15,voice_15,True
audio_data/south/voice_15/voice_15_aug_84.wav,2.944,16000,พรือโฉ้ล่ะทีนี้,แย่แล้วล่ะทีนี้,south,voice_15,voice_15,True
audio_data/south/voice_15/voice_15_aug_85.wav,2.944,16000,พรือโฉ้ล่ะทีนี้,แย่แล้วล่ะทีนี้,south,voice_15,voice_15,True
audio_data/south/voice_15/voice_15_aug_86.wav,2.944,16000,พรือโฉ้ล่ะทีนี้,แย่แล้วล่ะทีนี้,south,voice_15,voice_15,True
audio_data/south/voice_15/voice_15_aug_87.wav,2.944,16000,พรือโฉ้ล่ะทีนี้,แย่แล้วล่ะทีนี้,south,voice_15,voice_15,True
audio_data/south/voice_15/voice_15_aug_88.wav,2.944,16000,พรือโฉ้ล่ะทีนี้,แย่แล้วล่ะทีนี้,south,voice_15,voice_15,True
audio_data/south/voice_15/voice_15_aug_89.wav,2.944,16000,พรือโฉ้ล่ะทีนี้,แย่แล้วล่ะทีนี้,south,voice_15,voice_15,True
audio_data/south/voice_15/voice_15_aug_9.wav,2.944,16000,พรือโฉ้ล่ะทีนี้,แย่แล้วล่ะทีนี้,south,voice_15,voice_15,True
audio_data/south/voice_15/voice_15_aug_90.wav,2.944,16000,พรือโฉ้ล่ะทีนี้,แย่แล้วล่ะทีนี้,south,voice_15,voice_15,True
audio_data/south/voice_15/voice_15_aug_91.wav,2.944,16000,พรือโฉ้ล่ะทีนี้,แย่แล้วล่ะทีนี้,south,voice_15,voice_15,True
audio_data/south/voice_15/voice_15_aug_92.wav,2.944,16000,พรือโฉ้ล่ะทีนี้,แย่แล้วล่ะทีนี้,south,voice_15,voice_15,True
audio_data/south/voice_15/voice_15_aug_93.wav,2.944,16000,พรือโฉ้ล่ะทีนี้,แย่แล้วล่ะทีนี้,south,voice_15,voice_15,True
audio_data/south/voice_15/voice_15_aug_94.wav,2.944,16000,พรือโฉ้ล่ะทีนี้,แย่แล้วล่ะทีนี้,south,voice_15,voice_15,True
audio_data/south/voice_15/voice_15_aug_95.wav,2.944,16000,พรือโฉ้ล่ะทีนี้,แย่แล้วล่ะทีนี้,south,voice_15,voice_15,True
audio_data/south/voice_15/voice_15_aug_96.wav,2.944,16000,พรือโฉ้ล่ะทีนี้,แย่แล้วล่ะทีนี้,south,voice_15,voice_15,True
audio_data/south/voice_15/voice_15_aug_97.wav,2.944,16000,พรือโฉ้ล่ะทีนี้,แย่แล้วล่ะทีนี้,south,voice_15,voice_15,True
audio_data/south/voice_15/voice_15_aug_98.wav,2.944,16000,พรือโฉ้ล่ะทีนี้,แย่แล้วล่ะทีนี้,south,voice_15,voice_15,True
audio_data/south/voice_15/voice_15_aug_99.wav,2.944,16000,พรือโฉ้ล่ะทีนี้,แย่แล้วล่ะทีนี้,south,voice_15,voice_15,True
audio_data/south/voice_16/voice_16_1.wav,3.328,16000,กินข้าวแล้วเมื่อหวันเที่ยง,กินข้าวแล้วเมื่อตอนเที่ยง,south,voice_16,voice_16_1,False
audio_data/south/voice_16/voice_16_aug_1.wav,3.328,16000,กินข้าวแล้วเมื่อหวันเที่ยง,กินข้าวแล้วเมื่อตอนเที่ยง,south,voice_16,voice_16,True
audio_data/south/voice_16/voice_16_aug_10.wav,3.328,16000,กินข้าวแล้วเมื่อหวันเที่ยง,กินข้าวแล้วเมื่อตอนเที่ยง,south,voice_16,voice_16,True
audio_data/south/voice_16/voice_16_aug_100.wav,3.328,16000,กินข้าวแล้วเมื่อหวันเที่ยง,กินข้าวแล้วเมื่อตอนเที่ยง,south,voice_16,voice_16,True
audio_data/south/voice_16/voice_16_aug_11.wav,3.328,16000,กินข้าวแล้วเมื่อหวันเที่ยง,กินข้าวแล้วเมื่อตอนเที่ยง,south,voice_16,voice_16,True
audio_data/south/voice_16/voice_16_aug_12.wav,3.328,16000,กินข้าวแล้วเมื่อหวันเที่ยง,กินข้าวแล้วเมื่อตอนเที่ยง,south,voice_16,voice_16,True
audio_data/south/voice_16/voice_16_aug_13.wav,3.328,16000,กินข้าวแล้วเมื่อหวันเที่ยง,กินข้าวแล้วเมื่อตอนเที่ยง,south,voice_16,voice_16,True
audio_data/south/voice_16/voice_16_aug_14.wav,3.328,16000,กินข้าวแล้วเมื่อหวันเที่ยง,กินข้าวแล้วเมื่อตอนเที่ยง,south,voice_16,voice_16,True
audio_data/south/voice_16/voice_16_aug_15.wav,3.328,16000,กินข้าวแล้วเมื่อหวันเที่ยง,กินข้าวแล้วเมื่อตอนเที่ยง,south,voice_16,voice_16,True
audio_data/south/voice_16/voice_16_aug_16.wav,3.328,16000,กินข้าวแล้วเมื่อหวันเที่ยง,กินข้าวแล้วเมื่อตอนเที่ยง,south,voice_16,voice_16,True
audio_data/south/voice_16/voice_16_aug_17.wav,3.328,16000,กินข้าวแล้วเมื่อหวันเที่ยง,กินข้าวแล้วเมื่อตอนเที่ยง,south,voice_16,voice_16,True
audio_data/south/voice_16/voice_16_aug_18.wav,3.328,16000,กินข้าวแล้วเมื่อหวันเที่ยง,กินข้าวแล้วเมื่อตอนเที่ยง,south,voice_16,voice_16,True
audio_data/south/voice_16/voice_16_aug_19.wav,3.328,16000,กินข้าวแล้วเมื่อหวันเที่ยง,กินข้าวแล้วเมื่อตอนเที่ยง,south,voice_16,voice_16,True
audio_data/south/voice_16/voice_16_aug_2.wav,3.328,16000,กินข้าวแล้วเมื่อหวันเที่ยง,กินข้าวแล้วเมื่อตอนเที่ยง,south,voice_16,voice_16,True
audio_data/south/voice_16/voice_16_aug_20.wav,3.328,16000,กินข้าวแล้วเมื่อหวันเที่ยง,กินข้าวแล้วเมื่อตอนเที่ยง,south,voice_16,voice_16,True
audio_data/south/voice_16/voice_16_aug_21.wav,3.328,16000,กินข้าวแล้วเมื่อหวันเที่ยง,กินข้าวแล้วเมื่อตอนเที่ยง,south,voice_16,voice_16,True
audio_data/south/voice_16/voice_16_aug_22.wav,3.328,16000,กินข้าวแล้วเมื่อหวันเที่ยง,กินข้าวแล้วเมื่อตอนเที่ยง,south,voice_16,voice_16,True
audio_data/south/voice_16/voice_16_aug_23.wav,3.328,16000,กินข้าวแล้วเมื่อหวันเที่ยง,กินข้าวแล้วเมื่อตอนเที่ยง,south,voice_16,voice_16,True
audio_data/south/voice_16/voice_16_aug_24.wav,3.328,16000,กินข้าวแล้วเมื่อหวันเที่ยง,กินข้าวแล้วเมื่อตอนเที่ยง,south,voice_16,voice_16,True
audio_data/south/voice_16/voice_16_aug_25.wav,3.328,16000,กินข้าวแล้วเมื่อหวันเที่ยง,กินข้าวแล้วเมื่อตอนเที่ยง,south,voice_16,voice_16,True
audio_data/south/voice_16/voice_16_aug_26.wav,3.328,16000,กินข้าวแล้วเมื่อหวันเที่ยง,กินข้าวแล้วเมื่อตอนเที่ยง,south,voice_16,voice_16,True
audio_data/south/voice_16/voice_16_aug_27.wav,3.328,16000,กินข้าวแล้วเมื่อหวันเที่ยง,กินข้าวแล้วเมื่อตอนเที่ยง,south,voice_16,voice_16,True
audio_data/south/voice_16/voice_16_aug_28.wav,3.328,16000,กินข้าวแล้วเมื่อหวันเที่ยง,กินข้าวแล้วเมื่อตอนเที่ยง,south,voice_16,voice_16,True
audio_data/south/voice_16/voice_16_aug_29.wav,3.328,16000,กินข้าวแล้วเมื่อหวันเที่ยง,กินข้าวแล้วเมื่อตอนเที่ยง,south,voice_16,voice_16,True
audio_data/south/voice_16/voice_16_aug_3.wav,3.328,16000,กินข้าวแล้วเมื่อหวันเที่ยง,กินข้าวแล้วเมื่อตอนเที่ยง,south,voice_16,voice_16,True
audio_data/south/voice_16/voice_16_aug_30.wav,3.328,16000,กินข้าวแล้วเมื่อหวันเที่ยง,กินข้าวแล้วเมื่อตอนเที่ยง,south,voice_16,voice_16,True
audio_data/south/voice_16/voice_16_aug_31.wav,3.328,16000,กินข้าวแล้วเมื่อหวันเที่ยง,กินข้าวแล้วเมื่อตอนเที่ยง,south,voice_16,voice_16,True
audio_data/south/voice_16/voice_16_aug_32.wav,3.328,16000,กินข้าวแล้วเมื่อหวันเที่ยง,กินข้าวแล้วเมื่อตอนเที่ยง,south,voice_16,voice_16,True
audio_data/south/voice_16/voice_16_aug_33.wav,3.328,16000,กินข้าวแล้วเมื่อหวันเที่ยง,กินข้าวแล้วเมื่อตอนเที่ยง,south,voice_16,voice_16,True
audio_data/south/voice_16/voice_16_aug_34.wav,3.328,16000,กินข้าวแล้วเมื่อหวันเที่ยง,กินข้าวแล้วเมื่อตอนเที่ยง,south,voice_16,voice_16,True
audio_data/south/voice_16/voice_16_aug_35.wav,3.328,16000,กินข้าวแล้วเมื่อหวันเที่ยง,กินข้าวแล้วเมื่อตอนเที่ยง,south,voice_16,voice_16,True
audio_data/south/voice_16/voice_16_aug_36.wav,3.328,16000,กินข้าวแล้วเมื่อหวันเที่ยง,กินข้าวแล้วเมื่อตอนเที่ยง,south,voice_16,voice_16,True
audio_data/south/voice_16/voice_16_aug_37.wav,3.328,16000,กินข้าวแล้วเมื่อหวันเที่ยง,กินข้าวแล้วเมื่อตอนเที่ยง,south,voice_16,voice_16,True
audio_data/south/voice_16/voice_16_aug_38.wav,3.328,16000,กินข้าวแล้วเมื่อหวันเที่ยง,กินข้าวแล้วเมื่อตอนเที่ยง,south,voice_16,voice_16,True
audio_data/south/voice_16/voice_16_aug_39.wav,3.328,16000,กินข้าวแล้วเมื่อหวันเที่ยง,กินข้าวแล้วเมื่อตอนเที่ยง,south,voice_16,voice_16,True
audio_data/south/voice_16/voice_16_aug_4.wav,3.328,16000,กินข้าวแล้วเมื่อหวันเที่ยง,กินข้าวแล้วเมื่อตอนเที่ยง,south,voice_16,voice_16,True
audio_data/south/voice_16/voice_16_aug_40.wav,3.328,16000,กินข้าวแล้วเมื่อหวันเที่ยง,กินข้าวแล้วเมื่อตอนเที่ยง,south,voice_16,voice_16,True
audio_data/south/voice_16/voice_16_aug_41.wav,3.328,16000,กินข้าวแล้วเมื่อหวันเที่ยง,กินข้าวแล้วเมื่อตอนเที่ยง,south,voice_16,voice_16,True
audio_data/south/voice_16/voice_16_aug_42.wav,3.328,16000,กินข้าวแล้วเมื่อหวันเที่ยง,กินข้าวแล้วเมื่อตอนเที่ยง,south,voice_16,voice_16,True
audio_data/south/voice_16/voice_16_aug_43.wav,3.328,16000,กินข้าวแล้วเมื่อหวันเที่ยง,กินข้าวแล้วเมื่อตอนเที่ยง,south,voice_16,voice_16,True
audio_data/south/voice_16/voice_16_aug_44.wav,3.328,16000,กินข้าวแล้วเมื่อหวันเที่ยง,กินข้าวแล้วเมื่อตอนเที่ยง,south,voice_16,voice_16,True
audio_data/south/voice_16/voice_16_aug_45.wav,3.328,16000,กินข้าวแล้วเมื่อหวันเที่ยง,กินข้าวแล้วเมื่อตอนเที่ยง,south,voice_16,voice_16,True
audio_data/south/voice_16/voice_16_aug_46.wav,3.328,16000,กินข้าวแล้วเมื่อหวันเที่ยง,กินข้าวแล้วเมื่อตอนเที่ยง,south,voice_16,voice_16,True
audio_data/south/voice_16/voice_16_aug_47.wav,3.328,16000,กินข้าวแล้วเมื่อหวันเที่ยง,กินข้าวแล้วเมื่อตอนเที่ยง,south,voice_16,voice_16,True
audio_data/south/voice_16/voice_16_aug_48.wav,3.328,16000,กินข้าวแล้วเมื่อหวันเที่ยง,กินข้าวแล้วเมื่อตอนเที่ยง,south,voice_16,voice_16,True
audio_data/south/voice_16/voice_16_aug_49.wav,3.328,16000,กินข้าวแล้วเมื่อหวันเที่ยง,กินข้าวแล้วเมื่อตอนเที่ยง,south,voice_16,voice_16,True
audio_data/south/voice_16/voice_16_aug_5.wav,3.328,16000,กินข้าวแล้วเมื่อหวันเที่ยง,กินข้าวแล้วเมื่อตอนเที่ยง,south,voice_16,voice_16,True
audio_data/south/voice_16/voice_16_aug_50.wav,3.328,16000,กินข้าวแล้วเมื่อหวันเที่ยง,กินข้าวแล้วเมื่อตอนเที่ยง,south,voice_16,voice_16,True
audio_data/south/voice_16/voice_16_aug_51.wav,3.328,16000,กินข้าวแล้วเมื่อหวันเที่ยง,กินข้าวแล้วเมื่อตอนเที่ยง,south,voice_16,voice_16,True
audio_data/south/voice_16/voice_16_aug_52.wav,3.328,16000,กินข้าวแล้วเมื่อหวันเที่ยง,กินข้าวแล้วเมื่อตอนเที่ยง,south,voice_16,voice_16,True
audio_data/south/voice_16/voice_16_aug_53.wav,3.328,16000,กินข้าวแล้วเมื่อหวันเที่ยง,กินข้าวแล้วเมื่อตอนเที่ยง,south,voice_16,voice_16,True
audio_data/south/voice_16/voice_16_aug_54.wav,3.328,16000,กินข้าวแล้วเมื่อหวันเที่ยง,กินข้าวแล้วเมื่อตอนเที่ยง,south,voice_16,voice_16,True
audio_data/south/voice_16/voice_16_aug_55.wav,3.328,16000,กินข้าวแล้วเมื่อหวันเที่ยง,กินข้าวแล้วเมื่อตอนเที่ยง,south,voice_16,voice_16,True
audio_data/south/voice_16/voice_16_aug_56.wav,3.328,16000,กินข้าวแล้วเมื่อหวันเที่ยง,กินข้าวแล้วเมื่อตอนเที่ยง,south,voice_16,voice_16,True
audio_data/south/voice_16/voice_16_aug_57.wav,3.328,16000,กินข้าวแล้วเมื่อหวันเที่ยง,กินข้าวแล้วเมื่อตอนเที่ยง,south,voice_16,voice_16,True
audio_data/south/voice_16/voice_16_aug_58.wav,3.328,16000,กินข้าวแล้วเมื่อหวันเที่ยง,กินข้าวแล้วเมื่อตอนเที่ยง,south,voice_16,voice_16,True
audio_data/south/voice_16/voice_16_aug_59.wav,3.328,16000,กินข้าวแล้วเมื่อหวันเที่ยง,กินข้าวแล้วเมื่อตอนเที่ยง,south,voice_16,voice_16,True
audio_data/south/voice_16/voice_16_aug_6.wav,3.328,16000,กินข้าวแล้วเมื่อหวันเที่ยง,กินข้าวแล้วเมื่อตอนเที่ยง,south,voice_16,voice_16,True
audio_data/south/voice_16/voice_16_aug_60.wav,3.328,16000,กินข้าวแล้วเมื่อหวันเที่ยง,กินข้าวแล้วเมื่อตอนเที่ยง,south,voice_16,voice_16,True
audio_data/south/voice_16/voice_16_aug_61.wav,3.328,16000,กินข้าวแล้วเมื่อหวันเที่ยง,กินข้าวแล้วเมื่อตอนเที่ยง,south,voice_16,voice_16,True
audio_data/south/voice_16/voice_16_aug_62.wav,3.328,16000,กินข้าวแล้วเมื่อหวันเที่ยง,กินข้าวแล้วเมื่อตอนเที่ยง,south,voice_16,voice_16,True
audio_data/south/voice_16/voice_16_aug_63.wav,3.328,16000,กินข้าวแล้วเมื่อหวันเที่ยง,กินข้าวแล้วเมื่อตอนเที่ยง,south,voice_16,voice_16,True
audio_data/south/voice_16/voice_16_aug_64.wav,3.328,16000,กินข้าวแล้วเมื่อหวันเที่ยง,กินข้าวแล้วเมื่อตอนเที่ยง,south,voice_16,voice_16,True
audio_data/south/voice_16/voice_16_aug_65.wav,3.328,16000,กินข้าวแล้วเมื่อหวันเที่ยง,กินข้าวแล้วเมื่อตอนเที่ยง,south,voice_16,voice_16,True
audio_data/south/voice_16/voice_16_aug_66.wav,3.328,16000,กินข้าวแล้วเมื่อหวันเที่ยง,กินข้าวแล้วเมื่อตอนเที่ยง,south,voice_16,voice_16,True
audio_data/south/voice_16/voice_16_aug_67.wav,3.328,16000,กินข้าวแล้วเมื่อหวันเที่ยง,กินข้าวแล้วเมื่อตอนเที่ยง,south,voice_16,voice_16,True
audio_data/south/voice_16/voice_16_aug_68.wav,3.328,16000,กินข้าวแล้วเมื่อหวันเที่ยง,กินข้าวแล้วเมื่อตอนเที่ยง,south,voice_16,voice_16,True
audio_data/south/voice_16/voice_16_aug_69.wav,3.328,16000,กินข้าวแล้วเมื่อหวันเที่ยง,กินข้าวแล้วเมื่อตอนเที่ยง,south,voice_16,voice_16,True
audio_data/south/voice_16/voice_16_aug_7.wav,3.328,16000,กินข้าวแล้วเมื่อหวันเที่ยง,กินข้าวแล้วเมื่อตอนเที่ยง,south,voice_16,voice_16,True
audio_data/south/voice_16/voice_16_aug_70.wav,3.328,16000,กินข้าวแล้วเมื่อหวันเที่ยง,กินข้าวแล้วเมื่อตอนเที่ยง,south,voice_16,voice_16,True
audio_data/south/voice_16/voice_16_aug_71.wav,3.328,16000,กินข้าวแล้วเมื่อหวันเที่ยง,กินข้าวแล้วเมื่อตอนเที่ยง,south,voice_16,voice_16,True
audio_data/south/voice_16/voice_16_aug_72.wav,3.328,16000,กินข้าวแล้วเมื่อหวันเที่ยง,กินข้าวแล้วเมื่อตอนเที่ยง,south,voice_16,voice_16,True
audio_data/south/voice_16/voice_16_aug_73.wav,3.328,16000,กินข้าวแล้วเมื่อหวันเที่ยง,กินข้าวแล้วเมื่อตอนเที่ยง,south,voice_16,voice_16,True
audio_data/south/voice_16/voice_16_aug_74.wav,3.328,16000,กินข้าวแล้วเมื่อหวันเที่ยง,กินข้าวแล้วเมื่อตอนเที่ยง,south,voice_16,voice_16,True
audio_data/south/voice_16/voice_16_aug_75.wav,3.328,16000,กินข้าวแล้วเมื่อหวันเที่ยง,กินข้าวแล้วเมื่อตอนเที่ยง,south,voice_16,voice_16,True
audio_data/south/voice_16/voice_16_aug_76.wav,3.328,16000,กินข้าวแล้วเมื่อหวันเที่ยง,กินข้าวแล้วเมื่อตอนเที่ยง,south,voice_16,voice_16,True
audio_data/south/voice_16/voice_16_aug_77.wav,3.328,16000,กินข้าวแล้วเมื่อหวันเที่ยง,กินข้าวแล้วเมื่อตอนเที่ยง,south,voice_16,voice_16,True
audio_data/south/voice_16/voice_16_aug_78.wav,3.328,16000,กินข้าวแล้วเมื่อหวันเที่ยง,กินข้าวแล้วเมื่อตอนเที่ยง,south,voice_16,voice_16,True
audio_data/south/voice_16/voice_16_aug_79.wav,3.328,16000,กินข้าวแล้วเมื่อหวันเที่ยง,กินข้าวแล้วเมื่อตอนเที่ยง,south,voice_16,voice_16,True
audio_data/south/voice_16/voice_16_aug_8.wav,3.328,16000,กินข้าวแล้วเมื่อหวันเที่ยง,กินข้าวแล้วเมื่อตอนเที่ยง,south,voice_16,voice_16,True
audio_data/south/voice_16/voice_16_aug_80.wav,3.328,16000,กินข้าวแล้วเมื่อหวันเที่ยง,กินข้าวแล้วเมื่อตอนเที่ยง,south,voice_16,voice_16,True
audio_data/south/voice_16/voice_16_aug_81.wav,3.328,16000,กินข้าวแล้วเมื่อหวันเที่ยง,กินข้าวแล้วเมื่อตอนเที่ยง,south,voice_16,voice_16,True
audio_data/south/voice_16/voice_16_aug_82.wav,3.328,16000,กินข้าวแล้วเมื่อหวันเที่ยง,กินข้าวแล้วเมื่อตอนเที่ยง,south,voice_16,voice_16,True
audio_data/south/voice_16/voice_16_aug_83.wav,3.328,16000,กินข้าวแล้วเมื่อหวันเที่ยง,กินข้าวแล้วเมื่อตอนเที่ยง,south,voice_16,voice_16,True
audio_data/south/voice_16/voice_16_aug_84.wav,3.328,16000,กินข้าวแล้วเมื่อหวันเที่ยง,กินข้าวแล้วเมื่อตอนเที่ยง,south,voice_16,voice_16,True
audio_data/south/voice_16/voice_16_aug_85.wav,3.328,16000,กินข้าวแล้วเมื่อหวันเที่ยง,กินข้าวแล้วเมื่อตอนเที่ยง,south,voice_16,voice_16,True
audio_data/south/voice_16/voice_16_aug_86.wav,3.328,16000,กินข้าวแล้วเมื่อหวันเที่ยง,กินข้าวแล้วเมื่อตอนเที่ยง,south,voice_16,voice_16,True
audio_data/south/voice_16/voice_16_aug_87.wav,3.328,16000,กินข้าวแล้วเมื่อหวันเที่ยง,กินข้าวแล้วเมื่อตอนเที่ยง,south,voice_16,voice_16,True
audio_data/south/voice_16/voice_16_aug_88.wav,3.328,16000,กินข้าวแล้วเมื่อหวันเที่ยง,กินข้าวแล้วเมื่อตอนเที่ยง,south,voice_16,voice_16,True
audio_data/south/voice_16/voice_16_aug_89.wav,3.328,16000,กินข้าวแล้วเมื่อหวันเที่ยง,กินข้าวแล้วเมื่อตอนเที่ยง,south,voice_16,voice_16,True
audio_data/south/voice_16/voice_16_aug_9.wav,3.328,16000,กินข้าวแล้วเมื่อหวันเที่ยง,กินข้าวแล้วเมื่อตอนเที่ยง,south,voice_16,voice_16,True
audio_data/south/voice_16/voice_16_aug_90.wav,3.328,16000,กินข้าวแล้วเมื่อหวันเที่ยง,กินข้าวแล้วเมื่อตอนเที่ยง,south,voice_16,voice_16,True
audio_data/south/voice_16/voice_16_aug_91.wav,3.328,16000,กินข้าวแล้วเมื่อหวันเที่ยง,กินข้าวแล้วเมื่อตอนเที่ยง,south,voice_16,voice_16,True
audio_data/south/voice_16/voice_16_aug_92.wav,3.328,16000,กินข้าวแล้วเมื่อหวันเที่ยง,กินข้าวแล้วเมื่อตอนเที่ยง,south,voice_16,voice_16,True
audio_data/south/voice_16/voice_16_aug_93.wav,3.328,16000,กินข้าวแล้วเมื่อหวันเที่ยง,กินข้าวแล้วเมื่อตอนเที่ยง,south,voice_16,voice_16,True
audio_data/south/voice_16/voice_16_aug_94.wav,3.328,16000,กินข้าวแล้วเมื่อหวันเที่ยง,กินข้าวแล้วเมื่อตอนเที่ยง,south,voice_16,voice_16,True
audio_data/south/voice_16/voice_16_aug_95.wav,3.328,16000,กินข้าวแล้วเมื่อหวันเที่ยง,กินข้าวแล้วเมื่อตอนเที่ยง,south,voice_16,voice_16,True
audio_data/south/voice_16/voice_16_aug_96.wav,3.328,16000,กินข้าวแล้วเมื่อหวันเที่ยง,กินข้าวแล้วเมื่อตอนเที่ยง,south,voice_16,voice_16,True
audio_data/south/voice_16/voice_16_aug_97.wav,3.328,16000,กินข้าวแล้วเมื่อหวันเที่ยง,กินข้าวแล้วเมื่อตอนเที่ยง,south,voice_16,voice_16,True
audio_data/south/voice_16/voice_16_aug_98.wav,3.328,16000,กินข้าวแล้วเมื่อหวันเที่ยง,กินข้าวแล้วเมื่อตอนเที่ยง,south,voice_16,voice_16,True
audio_data/south/voice_16/voice_16_aug_99.wav,3.328,16000,กินข้าวแล้วเมื่อหวันเที่ยง,กินข้าวแล้วเมื่อตอนเที่ยง,south,voice_16,voice_16,True
audio_data/south/voice_17/voice_17_1.wav,2.837,16000,นั่งตรงนี้ได้หม้าย,นั่งตรงนี้ได้ไหม,south,voice_17,voice_17_1,False
audio_data/south/voice_17/voice_17_aug_1.wav,2.837,16000,นั่งตรงนี้ได้หม้าย,นั่งตรงนี้ได้ไหม,south,voice_17,voice_17,True
audio_data/south/voice_17/voice_17_aug_10.wav,2.837,16000,นั่งตรงนี้ได้หม้าย,นั่งตรงนี้ได้ไหม,south,voice_17,voice_17,True
audio_data/south/voice_17/voice_17_aug_100.wav,2.837,16000,นั่งตรงนี้ได้หม้าย,นั่งตรงนี้ได้ไหม,south,voice_17,voice_17,True
audio_data/south/voice_17/voice_17_aug_11.wav,2.837,16000,นั่งตรงนี้ได้หม้าย,นั่งตรงนี้ได้ไหม,south,voice_17,voice_17,True
audio_data/south/voice_17/voice_17_aug_12.wav,2.837,16000,นั่งตรงนี้ได้หม้าย,นั่งตรงนี้ได้ไหม,south,voice_17,voice_17,True
audio_data/south/voice_17/voice_17_aug_13.wav,2.837,16000,นั่งตรงนี้ได้หม้าย,นั่งตรงนี้ได้ไหม,south,voice_17,voice_17,True
audio_data/south/voice_17/voice_17_aug_14.wav,2.837,16000,นั่งตรงนี้ได้หม้าย,นั่งตรงนี้ได้ไหม,south,voice_17,voice_17,True
audio_data/south/voice_17/voice_17_aug_15.wav,2.837,16000,นั่งตรงนี้ได้หม้าย,นั่งตรงนี้ได้ไหม,south,voice_17,voice_17,True
audio_data/south/voice_17/voice_17_aug_16.wav,2.837,16000,นั่งตรงนี้ได้หม้าย,นั่งตรงนี้ได้ไหม,south,voice_17,voice_17,True
audio_data/south/voice_17/voice_17_aug_17.wav,2.837,16000,นั่งตรงนี้ได้หม้าย,นั่งตรงนี้ได้ไหม,south,voice_17,voice_17,True
audio_data/south/voice_17/voice_17_aug_18.wav,2.837,16000,นั่งตรงนี้ได้หม้าย,นั่งตรงนี้ได้ไหม,south,voice_17,voice_17,True
audio_data/south/voice_17/voice_17_aug_19.wav,2.837,16000,นั่งตรงนี้ได้หม้าย,นั่งตรงนี้ได้ไหม,south,voice_17,voice_17,True
audio_data/south/voice_17/voice_17_aug_2.wav,2.837,16000,นั่งตรงนี้ได้หม้าย,นั่งตรงนี้ได้ไหม,south,voice_17,voice_17,True
audio_data/south/voice_17/voice_17_aug_20.wav,2.837,16000,นั่งตรงนี้ได้หม้าย,นั่งตรงนี้ได้ไหม,south,voice_17,voice_17,True
audio_data/south/voice_17/voice_17_aug_21.wav,2.837,16000,นั่งตรงนี้ได้หม้าย,นั่งตรงนี้ได้ไหม,south,voice_17,voice_17,True
audio_data/south/voice_17/voice_17_aug_22.wav,2.837,16000,นั่งตรงนี้ได้หม้าย,นั่งตรงนี้ได้ไหม,south,voice_17,voice_17,True
audio_data/south/voice_17/voice_17_aug_23.wav,2.837,16000,นั่งตรงนี้ได้หม้าย,นั่งตรงนี้ได้ไหม,south,voice_17,voice_17,True
audio_data/south/voice_17/voice_17_aug_24.wav,2.837,16000,นั่งตรงนี้ได้หม้าย,นั่งตรงนี้ได้ไหม,south,voice_17,voice_17,True
audio_data/south/voice_17/voice_17_aug_25.wav,2.837,16000,นั่งตรงนี้ได้หม้าย,นั่งตรงนี้ได้ไหม,south,voice_17,voice_17,True
audio_data/south/voice_17/voice_17_aug_26.wav,2.837,16000,นั่งตรงนี้ได้หม้าย,นั่งตรงนี้ได้ไหม,south,voice_17,voice_17,True
audio_data/south/voice_17/voice_17_aug_27.wav,2.837,16000,นั่งตรงนี้ได้หม้าย,นั่งตรงนี้ได้ไหม,south,voice_17,voice_17,True
audio_data/south/voice_17/voice_17_aug_28.wav,2.837,16000,นั่งตรงนี้ได้หม้าย,นั่งตรงนี้ได้ไหม,south,voice_17,voice_17,True
audio_data/south/voice_17/voice_17_aug_29.wav,2.837,16000,นั่งตรงนี้ได้หม้าย,นั่งตรงนี้ได้ไหม,south,voice_17,voice_17,True
audio_data/south/voice_17/voice_17_aug_3.wav,2.837,16000,นั่งตรงนี้ได้หม้าย,นั่งตรงนี้ได้ไหม,south,voice_17,voice_17,True
audio_data/south/voice_17/voice_17_aug_30.wav,2.837,16000,นั่งตรงนี้ได้หม้าย,นั่งตรงนี้ได้ไหม,south,voice_17,voice_17,True
audio_data/south/voice_17/voice_17_aug_31.wav,2.837,16000,นั่งตรงนี้ได้หม้าย,นั่งตรงนี้ได้ไหม,south,voice_17,voice_17,True
audio_data/south/voice_17/voice_17_aug_32.wav,2.837,16000,นั่งตรงนี้ได้หม้าย,นั่งตรงนี้ได้ไหม,south,voice_17,voice_17,True
audio_data/south/voice_17/voice_17_aug_33.wav,2.837,16000,นั่งตรงนี้ได้หม้าย,นั่งตรงนี้ได้ไหม,south,voice_17,voice_17,True
audio_data/south/voice_17/voice_17_aug_34.wav,2.837,16000,นั่งตรงนี้ได้หม้าย,นั่งตรงนี้ได้ไหม,south,voice_17,voice_17,True
audio_data/south/voice_17/voice_17_aug_35.wav,2.837,16000,นั่งตรงนี้ได้หม้าย,นั่งตรงนี้ได้ไหม,south,voice_17,voice_17,True
audio_data/south/voice_17/voice_17_aug_36.wav,2.837,16000,นั่งตรงนี้ได้หม้าย,นั่งตรงนี้ได้ไหม,south,voice_17,voice_17,True
audio_data/south/voice_17/voice_17_aug_37.wav,2.837,16000,นั่งตรงนี้ได้หม้าย,นั่งตรงนี้ได้ไหม,south,voice_17,voice_17,True
audio_data/south/voice_17/voice_17_aug_38.wav,2.837,16000,นั่งตรงนี้ได้หม้าย,นั่งตรงนี้ได้ไหม,south,voice_17,voice_17,True
audio_data/south/voice_17/voice_17_aug_39.wav,2.837,16000,นั่งตรงนี้ได้หม้าย,นั่งตรงนี้ได้ไหม,south,voice_17,voice_17,True
audio_data/south/voice_17/voice_17_aug_4.wav,2.837,16000,นั่งตรงนี้ได้หม้าย,นั่งตรงนี้ได้ไหม,south,voice_17,voice_17,True
audio_data/south/voice_17/voice_17_aug_40.wav,2.837,16000,นั่งตรงนี้ได้หม้าย,นั่งตรงนี้ได้ไหม,south,voice_17,voice_17,True
audio_data/south/voice_17/voice_17_aug_41.wav,2.837,16000,นั่งตรงนี้ได้หม้าย,นั่งตรงนี้ได้ไหม,south,voice_17,voice_17,True
audio_data/south/voice_17/voice_17_aug_42.wav,2.837,16000,นั่งตรงนี้ได้หม้าย,นั่งตรงนี้ได้ไหม,south,voice_17,voice_17,True
audio_data/south/voice_17/voice_17_aug_43.wav,2.837,16000,นั่งตรงนี้ได้หม้าย,นั่งตรงนี้ได้ไหม,south,voice_17,voice_17,True
audio_data/south/voice_17/voice_17_aug_44.wav,2.837,16000,นั่งตรงนี้ได้หม้าย,นั่งตรงนี้ได้ไหม,south,voice_17,voice_17,True
audio_data/south/voice_17/voice_17_aug_45.wav,2.837,16000,นั่งตรงนี้ได้หม้าย,นั่งตรงนี้ได้ไหม,south,voice_17,voice_17,True
audio_data/south/voice_17/voice_17_aug_46.wav,2.837,16000,นั่งตรงนี้ได้หม้าย,นั่งตรงนี้ได้ไหม,south,voice_17,voice_17,True
audio_data/south/voice_17/voice_17_aug_47.wav,2.837,16000,นั่งตรงนี้ได้หม้าย,นั่งตรงนี้ได้ไหม,south,voice_17,voice_17,True
audio_data/south/voice_17/voice_17_aug_48.wav,2.837,16000,นั่งตรงนี้ได้หม้าย,นั่งตรงนี้ได้ไหม,south,voice_17,voice_17,True
audio_data/south/voice_17/voice_17_aug_49.wav,2.837,16000,นั่งตรงนี้ได้หม้าย,นั่งตรงนี้ได้ไหม,south,voice_17,voice_17,True
audio_data/south/voice_17/voice_17_aug_5.wav,2.837,16000,นั่งตรงนี้ได้หม้าย,นั่งตรงนี้ได้ไหม,south,voice_17,voice_17,True
audio_data/south/voice_17/voice_17_aug_50.wav,2.837,16000,นั่งตรงนี้ได้หม้าย,นั่งตรงนี้ได้ไหม,south,voice_17,voice_17,True
audio_data/south/voice_17/voice_17_aug_51.wav,2.837,16000,นั่งตรงนี้ได้หม้าย,นั่งตรงนี้ได้ไหม,south,voice_17,voice_17,True
audio_data/south/voice_17/voice_17_aug_52.wav,2.837,16000,นั่งตรงนี้ได้หม้าย,นั่งตรงนี้ได้ไหม,south,voice_17,voice_17,True
audio_data/south/voice_17/voice_17_aug_53.wav,2.837,16000,นั่งตรงนี้ได้หม้าย,นั่งตรงนี้ได้ไหม,south,voice_17,voice_17,True
audio_data/south/voice_17/voice_17_aug_54.wav,2.837,16000,นั่งตรงนี้ได้หม้าย,นั่งตรงนี้ได้ไหม,south,voice_17,voice_17,True
audio_data/south/voice_17/voice_17_aug_55.wav,2.837,16000,นั่งตรงนี้ได้หม้าย,นั่งตรงนี้ได้ไหม,south,voice_17,voice_17,True
audio_data/south/voice_17/voice_17_aug_56.wav,2.837,16000,นั่งตรงนี้ได้หม้าย,นั่งตรงนี้ได้ไหม,south,voice_17,voice_17,True
audio_data/south/voice_17/voice_17_aug_57.wav,2.837,16000,นั่งตรงนี้ได้หม้าย,นั่งตรงนี้ได้ไหม,south,voice_17,voice_17,True
audio_data/south/voice_17/voice_17_aug_58.wav,2.837,16000,นั่งตรงนี้ได้หม้าย,นั่งตรงนี้ได้ไหม,south,voice_17,voice_17,True
audio_data/south/voice_17/voice_17_aug_59.wav,2.837,16000,นั่งตรงนี้ได้หม้าย,นั่งตรงนี้ได้ไหม,south,voice_17,voice_17,True
audio_data/south/voice_17/voice_17_aug_6.wav,2.837,16000,นั่งตรงนี้ได้หม้าย,นั่งตรงนี้ได้ไหม,south,voice_17,voice_17,True
audio_data/south/voice_17/voice_17_aug_60.wav,2.837,16000,นั่งตรงนี้ได้หม้าย,นั่งตรงนี้ได้ไหม,south,voice_17,voice_17,True
audio_data/south/voice_17/voice_17_aug_61.wav,2.837,16000,นั่งตรงนี้ได้หม้าย,นั่งตรงนี้ได้ไหม,south,voice_17,voice_17,True
audio_data/south/voice_17/voice_17_aug_62.wav,2.837,16000,นั่งตรงนี้ได้หม้าย,นั่งตรงนี้ได้ไหม,south,voice_17,voice_17,True
audio_data/south/voice_17/voice_17_aug_63.wav,2.837,16000,นั่งตรงนี้ได้หม้าย,นั่งตรงนี้ได้ไหม,south,voice_17,voice_17,True
audio_data/south/voice_17/voice_17_aug_64.wav,2.837,16000,นั่งตรงนี้ได้หม้าย,นั่งตรงนี้ได้ไหม,south,voice_17,voice_17,True
audio_data/south/voice_17/voice_17_aug_65.wav,2.837,16000,นั่งตรงนี้ได้หม้าย,นั่งตรงนี้ได้ไหม,south,voice_17,voice_17,True
audio_data/south/voice_17/voice_17_aug_66.wav,2.837,16000,นั่งตรงนี้ได้หม้าย,นั่งตรงนี้ได้ไหม,south,voice_17,voice_17,True
audio_data/south/voice_17/voice_17_aug_67.wav,2.837,16000,นั่งตรงนี้ได้หม้าย,นั่งตรงนี้ได้ไหม,south,voice_17,voice_17,True
audio_data/south/voice_17/voice_17_aug_68.wav,2.837,16000,นั่งตรงนี้ได้หม้าย,นั่งตรงนี้ได้ไหม,south,voice_17,voice_17,True
audio_data/south/voice_17/voice_17_aug_69.wav,2.837,16000,นั่งตรงนี้ได้หม้าย,นั่งตรงนี้ได้ไหม,south,voice_17,voice_17,True
audio_data/south/voice_17/voice_17_aug_7.wav,2.837,16000,นั่งตรงนี้ได้หม้าย,นั่งตรงนี้ได้ไหม,south,voice_17,voice_17,True
audio_data/south/voice_17/voice_17_aug_70.wav,2.837,16000,นั่งตรงนี้ได้หม้าย,นั่งตรงนี้ได้ไหม,south,voice_17,voice_17,True
audio_data/south/voice_17/voice_17_aug_71.wav,2.837,16000,นั่งตรงนี้ได้หม้าย,นั่งตรงนี้ได้ไหม,south,voice_17,voice_17,True
audio_data/south/voice_17/voice_17_aug_72.wav,2.837,16000,นั่งตรงนี้ได้หม้าย,นั่งตรงนี้ได้ไหม,south,voice_17,voice_17,True
audio_data/south/voice_17/voice_17_aug_73.wav,2.837,16000,นั่งตรงนี้ได้หม้าย,นั่งตรงนี้ได้ไหม,south,voice_17,voice_17,True
audio_data/south/voice_17/voice_17_aug_74.wav,2.837,16000,นั่งตรงนี้ได้หม้าย,นั่งตรงนี้ได้ไหม,south,voice_17,voice_17,True
audio_data/south/voice_17/voice_17_aug_75.wav,2.837,16000,นั่งตรงนี้ได้หม้าย,นั่งตรงนี้ได้ไหม,south,voice_17,voice_17,True
audio_data/south/voice_17/voice_17_aug_76.wav,2.837,16000,นั่งตรงนี้ได้หม้าย,นั่งตรงนี้ได้ไหม,south,voice_17,voice_17,True
audio_data/south/voice_17/voice_17_aug_77.wav,2.837,16000,นั่งตรงนี้ได้หม้าย,นั่งตรงนี้ได้ไหม,south,voice_17,voice_17,True
audio_data/south/voice_17/voice_17_aug_78.wav,2.837,16000,นั่งตรงนี้ได้หม้าย,นั่งตรงนี้ได้ไหม,south,voice_17,voice_17,True
audio_data/south/voice_17/voice_17_aug_79.wav,2.837,16000,นั่งตรงนี้ได้หม้าย,นั่งตรงนี้ได้ไหม,south,voice_17,voice_17,True
audio_data/south/voice_17/voice_17_aug_8.wav,2.837,16000,นั่งตรงนี้ได้หม้าย,นั่งตรงนี้ได้ไหม,south,voice_17,voice_17,True
audio_data/south/voice_17/voice_17_aug_80.wav,2.837,16000,นั่งตรงนี้ได้หม้าย,นั่งตรงนี้ได้ไหม,south,voice_17,voice_17,True
audio_data/south/voice_17/voice_17_aug_81.wav,2.837,16000,นั่งตรงนี้ได้หม้าย,นั่งตรงนี้ได้ไหม,south,voice_17,voice_17,True
audio_data/south/voice_17/voice_17_aug_82.wav,2.837,16000,นั่งตรงนี้ได้หม้าย,นั่งตรงนี้ได้ไหม,south,voice_17,voice_17,True
audio_data/south/voice_17/voice_17_aug_83.wav,2.837,16000,นั่งตรงนี้ได้หม้าย,นั่งตรงนี้ได้ไหม,south,voice_17,voice_17,True
audio_data/south/voice_17/voice_17_aug_84.wav,2.837,16000,นั่งตรงนี้ได้หม้าย,นั่งตรงนี้ได้ไหม,south,voice_17,voice_17,True
audio_data/south/voice_17/voice_17_aug_85.wav,2.837,16000,นั่งตรงนี้ได้หม้าย,นั่งตรงนี้ได้ไหม,south,voice_17,voice_17,True
audio_data/south/voice_17/voice_17_aug_86.wav,2.837,16000,นั่งตรงนี้ได้หม้าย,นั่งตรงนี้ได้ไหม,south,voice_17,voice_17,True
audio_data/south/voice_17/voice_17_aug_87.wav,2.837,16000,นั่งตรงนี้ได้หม้าย,นั่งตรงนี้ได้ไหม,south,voice_17,voice_17,True
audio_data/south/voice_17/voice_17_aug_88.wav,2.837,16000,นั่งตรงนี้ได้หม้าย,นั่งตรงนี้ได้ไหม,south,voice_17,voice_17,True
audio_data/south/voice_17/voice_17_aug_89.wav,2.837,16000,นั่งตรงนี้ได้หม้าย,นั่งตรงนี้ได้ไหม,south,voice_17,voice_17,True
audio_data/south/voice_17/voice_17_aug_9.wav,2.837,16000,นั่งตรงนี้ได้หม้าย,นั่งตรงนี้ได้ไหม,south,voice_17,voice_17,True
audio_data/south/voice_17/voice_17_aug_90.wav,2.837,16000,นั่งตรงนี้ได้หม้าย,นั่งตรงนี้ได้ไหม,south,voice_17,voice_17,True
audio_data/south/voice_17/voice_17_aug_91.wav,2.837,16000,นั่งตรงนี้ได้หม้าย,นั่งตรงนี้ได้ไหม,south,voice_17,voice_17,True
audio_data/south/voice_17/voice_17_aug_92.wav,2.837,16000,นั่งตรงนี้ได้หม้าย,นั่งตรงนี้ได้ไหม,south,voice_17,voice_17,True
audio_data/south/voice_17/voice_17_aug_93.wav,2.837,16000,นั่งตรงนี้ได้หม้าย,นั่งตรงนี้ได้ไหม,south,voice_17,voice_17,True
audio_data/south/voice_17/voice_17_aug_94.wav,2.837,16000,นั่งตรงนี้ได้หม้าย,นั่งตรงนี้ได้ไหม,south,voice_17,voice_17,True
audio_data/south/voice_17/voice_17_aug_95.wav,2.837,16000,นั่งตรงนี้ได้หม้าย,นั่งตรงนี้ได้ไหม,south,voice_17,voice_17,True
audio_data/south/voice_17/voice_17_aug_96.wav,2.837,16000,นั่งตรงนี้ได้หม้าย,นั่งตรงนี้ได้ไหม,south,voice_17,voice_17,True
audio_data/south/voice_17/voice_17_aug_97.wav,2.837,16000,นั่งตรงนี้ได้หม้าย,นั่งตรงนี้ได้ไหม,south,voice_17,voice_17,True
audio_data/south/voice_17/voice_17_aug_98.wav,2.837,16000,นั่งตรงนี้ได้หม้าย,นั่งตรงนี้ได้ไหม,south,voice_17,voice_17,True
audio_data/south/voice_17/voice_17_aug_99.wav,2.837,16000,นั่งตรงนี้ได้หม้าย,นั่งตรงนี้ได้ไหม,south,voice_17,voice_17,True
audio_data/south/voice_18/voice_18_1.wav,2.688,16000,หวังเหวิดลูกจัง,เป็นห่วงลูกจัง,south,voice_18,voice_18_1,False
audio_data/south/voice_18/voice_18_aug_1.wav,2.688,16000,หวังเหวิดลูกจัง,เป็นห่วงลูกจัง,south,voice_18,voice_18,True
audio_data/south/voice_18/voice_18_aug_10.wav,2.688,16000,หวังเหวิดลูกจัง,เป็นห่วงลูกจัง,south,voice_18,voice_18,True
audio_data/south/voice_18/voice_18_aug_100.wav,2.688,16000,หวังเหวิดลูกจัง,เป็นห่วงลูกจัง,south,voice_18,voice_18,True
audio_data/south/voice_18/voice_18_aug_11.wav,2.688,16000,หวังเหวิดลูกจัง,เป็นห่วงลูกจัง,south,voice_18,voice_18,True
audio_data/south/voice_18/voice_18_aug_12.wav,2.688,16000,หวังเหวิดลูกจัง,เป็นห่วงลูกจัง,south,voice_18,voice_18,True
audio_data/south/voice_18/voice_18_aug_13.wav,2.688,16000,หวังเหวิดลูกจัง,เป็นห่วงลูกจัง,south,voice_18,voice_18,True
audio_data/south/voice_18/voice_18_aug_14.wav,2.688,16000,หวังเหวิดลูกจัง,เป็นห่วงลูกจัง,south,voice_18,voice_18,True
audio_data/south/voice_18/voice_18_aug_15.wav,2.688,16000,หวังเหวิดลูกจัง,เป็นห่วงลูกจัง,south,voice_18,voice_18,True
audio_data/south/voice_18/voice_18_aug_16.wav,2.688,16000,หวังเหวิดลูกจัง,เป็นห่วงลูกจัง,south,voice_18,voice_18,True
audio_data/south/voice_18/voice_18_aug_17.wav,2.688,16000,หวังเหวิดลูกจัง,เป็นห่วงลูกจัง,south,voice_18,voice_18,True
audio_data/south/voice_18/voice_18_aug_18.wav,2.688,16000,หวังเหวิดลูกจัง,เป็นห่วงลูกจัง,south,voice_18,voice_18,True
audio_data/south/voice_18/voice_18_aug_19.wav,2.688,16000,หวังเหวิดลูกจัง,เป็นห่วงลูกจัง,south,voice_18,voice_18,True
audio_data/south/voice_18/voice_18_aug_2.wav,2.688,16000,หวังเหวิดลูกจัง,เป็นห่วงลูกจัง,south,voice_18,voice_18,True
audio_data/south/voice_18/voice_18_aug_20.wav,2.688,16000,หวังเหวิดลูกจัง,เป็นห่วงลูกจัง,south,voice_18,voice_18,True
audio_data/south/voice_18/voice_18_aug_21.wav,2.688,16000,หวังเหวิดลูกจัง,เป็นห่วงลูกจัง,south,voice_18,voice_18,True
audio_data/south/voice_18/voice_18_aug_22.wav,2.688,16000,หวังเหวิดลูกจัง,เป็นห่วงลูกจัง,south,voice_18,voice_18,True
audio_data/south/voice_18/voice_18_aug_23.wav,2.688,16000,หวังเหวิดลูกจัง,เป็นห่วงลูกจัง,south,voice_18,voice_18,True
audio_data/south/voice_18/voice_18_aug_24.wav,2.688,16000,หวังเหวิดลูกจัง,เป็นห่วงลูกจัง,south,voice_18,voice_18,True
audio_data/south/voice_18/voice_18_aug_25.wav,2.688,16000,หวังเหวิดลูกจัง,เป็นห่วงลูกจัง,south,voice_18,voice_18,True
audio_data/south/voice_18/voice_18_aug_26.wav,2.688,16000,หวังเหวิดลูกจัง,เป็นห่วงลูกจัง,south,voice_18,voice_18,True
audio_data/south/voice_18/voice_18_aug_27.wav,2.688,16000,หวังเหวิดลูกจัง,เป็นห่วงลูกจัง,south,voice_18,voice_18,True
audio_data/south/voice_18/voice_18_aug_28.wav,2.688,16000,หวังเหวิดลูกจัง,เป็นห่วงลูกจัง,south,voice_18,voice_18,True
audio_data/south/voice_18/voice_18_aug_29.wav,2.688,16000,หวังเหวิดลูกจัง,เป็นห่วงลูกจัง,south,voice_18,voice_18,True
audio_data/south/voice_18/voice_18_aug_3.wav,2.688,16000,หวังเหวิดลูกจัง,เป็นห่วงลูกจัง,south,voice_18,voice_18,True
audio_data/south/voice_18/voice_18_aug_30.wav,2.688,16000,หวังเหวิดลูกจัง,เป็นห่วงลูกจัง,south,voice_18,voice_18,True
audio_data/south/voice_18/voice_18_aug_31.wav,2.688,16000,หวังเหวิดลูกจัง,เป็นห่วงลูกจัง,south,voice_18,voice_18,True
audio_data/south/voice_18/voice_18_aug_32.wav,2.688,16000,หวังเหวิดลูกจัง,เป็นห่วงลูกจัง,south,voice_18,voice_18,True
audio_data/south/voice_18/voice_18_aug_33.wav,2.688,16000,หวังเหวิดลูกจัง,เป็นห่วงลูกจัง,south,voice_18,voice_18,True
audio_data/south/voice_18/voice_18_aug_34.wav,2.688,16000,หวังเหวิดลูกจัง,เป็นห่วงลูกจัง,south,voice_18,voice_18,True
audio_data/south/voice_18/voice_18_aug_35.wav,2.688,16000,หวังเหวิดลูกจัง,เป็นห่วงลูกจัง,south,voice_18,voice_18,True
audio_data/south/voice_18/voice_18_aug_36.wav,2.688,16000,หวังเหวิดลูกจัง,เป็นห่วงลูกจัง,south,voice_18,voice_18,True
audio_data/south/voice_18/voice_18_aug_37.wav,2.688,16000,หวังเหวิดลูกจัง,เป็นห่วงลูกจัง,south,voice_18,voice_18,True
audio_data/south/voice_18/voice_18_aug_38.wav,2.688,16000,หวังเหวิดลูกจัง,เป็นห่วงลูกจัง,south,voice_18,voice_18,True
audio_data/south/voice_18/voice_18_aug_39.wav,2.688,16000,หวังเหวิดลูกจัง,เป็นห่วงลูกจัง,south,voice_18,voice_18,True
audio_data/south/voice_18/voice_18_aug_4.wav,2.688,16000,หวังเหวิดลูกจัง,เป็นห่วงลูกจัง,south,voice_18,voice_18,True
audio_data/south/voice_18/voice_18_aug_40.wav,2.688,16000,หวังเหวิดลูกจัง,เป็นห่วงลูกจัง,south,voice_18,voice_18,True
audio_data/south/voice_18/voice_18_aug_41.wav,2.688,16000,หวังเหวิดลูกจัง,เป็นห่วงลูกจัง,south,voice_18,voice_18,True
audio_data/south/voice_18/voice_18_aug_42.wav,2.688,16000,หวังเหวิดลูกจัง,เป็นห่วงลูกจัง,south,voice_18,voice_18,True
audio_data/south/voice_18/voice_18_aug_43.wav,2.688,16000,หวังเหวิดลูกจัง,เป็นห่วงลูกจัง,south,voice_18,voice_18,True
audio_data/south/voice_18/voice_18_aug_44.wav,2.688,16000,หวังเหวิดลูกจัง,เป็นห่วงลูกจัง,south,voice_18,voice_18,True
audio_data/south/voice_18/voice_18_aug_45.wav,2.688,16000,หวังเหวิดลูกจัง,เป็นห่วงลูกจัง,south,voice_18,voice_18,True
audio_data/south/voice_18/voice_18_aug_46.wav,2.688,16000,หวังเหวิดลูกจัง,เป็นห่วงลูกจัง,south,voice_18,voice_18,True
audio_data/south/voice_18/voice_18_aug_47.wav,2.688,16000,หวังเหวิดลูกจัง,เป็นห่วงลูกจัง,south,voice_18,voice_18,True
audio_data/south/voice_18/voice_18_aug_48.wav,2.688,16000,หวังเหวิดลูกจัง,เป็นห่วงลูกจัง,south,voice_18,voice_18,True
audio_data/south/voice_18/voice_18_aug_49.wav,2.688,16000,หวังเหวิดลูกจัง,เป็นห่วงลูกจัง,south,voice_18,voice_18,True
audio_data/south/voice_18/voice_18_aug_5.wav,2.688,16000,หวังเหวิดลูกจัง,เป็นห่วงลูกจัง,south,voice_18,voice_18,True
audio_data/south/voice_18/voice_18_aug_50.wav,2.688,16000,หวังเหวิดลูกจัง,เป็นห่วงลูกจัง,south,voice_18,voice_18,True
audio_data/south/voice_18/voice_18_aug_51.wav,2.688,16000,หวังเหวิดลูกจัง,เป็นห่วงลูกจัง,south,voice_18,voice_18,True
audio_data/south/voice_18/voice_18_aug_52.wav,2.688,16000,หวังเหวิดลูกจัง,เป็นห่วงลูกจัง,south,voice_18,voice_18,True
audio_data/south/voice_18/voice_18_aug_53.wav,2.688,16000,หวังเหวิดลูกจัง,เป็นห่วงลูกจัง,south,voice_18,voice_18,True
audio_data/south/voice_18/voice_18_aug_54.wav,2.688,16000,หวังเหวิดลูกจัง,เป็นห่วงลูกจัง,south,voice_18,voice_18,True
audio_data/south/voice_18/voice_18_aug_55.wav,2.688,16000,หวังเหวิดลูกจัง,เป็นห่วงลูกจัง,south,voice_18,voice_18,True
audio_data/south/voice_18/voice_18_aug_56.wav,2.688,16000,หวังเหวิดลูกจัง,เป็นห่วงลูกจัง,south,voice_18,voice_18,True
audio_data/south/voice_18/voice_18_aug_57.wav,2.688,16000,หวังเหวิดลูกจัง,เป็นห่วงลูกจัง,south,voice_18,voice_18,True
audio_data/south/voice_18/voice_18_aug_58.wav,2.688,16000,หวังเหวิดลูกจัง,เป็นห่วงลูกจัง,south,voice_18,voice_18,True
audio_data/south/voice_18/voice_18_aug_59.wav,2.688,16000,หวังเหวิดลูกจัง,เป็นห่วงลูกจัง,south,voice_18,voice_18,True
audio_data/south/voice_18/voice_18_aug_6.wav,2.688,16000,หวังเหวิดลูกจัง,เป็นห่วงลูกจัง,south,voice_18,voice_18,True
audio_data/south/voice_18/voice_18_aug_60.wav,2.688,16000,หวังเหวิดลูกจัง,เป็นห่วงลูกจัง,south,voice_18,voice_18,True
audio_data/south/voice_18/voice_18_aug_61.wav,2.688,16000,หวังเหวิดลูกจัง,เป็นห่วงลูกจัง,south,voice_18,voice_18,True
audio_data/south/voice_18/voice_18_aug_62.wav,2.688,16000,หวังเหวิดลูกจัง,เป็นห่วงลูกจัง,south,voice_18,voice_18,True
audio_data/south/voice_18/voice_18_aug_63.wav,2.688,16000,หวังเหวิดลูกจัง,เป็นห่วงลูกจัง,south,voice_18,voice_18,True
audio_data/south/voice_18/voice_18_aug_64.wav,2.688,16000,หวังเหวิดลูกจัง,เป็นห่วงลูกจัง,south,voice_18,voice_18,True
audio_data/south/voice_18/voice_18_aug_65.wav,2.688,16000,หวังเหวิดลูกจัง,เป็นห่วงลูกจัง,south,voice_18,voice_18,True
audio_data/south/voice_18/voice_18_aug_66.wav,2.688,16000,หวังเหวิดลูกจัง,เป็นห่วงลูกจัง,south,voice_18,voice_18,True
audio_data/south/voice_18/voice_18_aug_67.wav,2.688,16000,หวังเหวิดลูกจัง,เป็นห่วงลูกจัง,south,voice_18,voice_18,True
audio_data/south/voice_18/voice_18_aug_68.wav,2.688,16000,หวังเหวิดลูกจัง,เป็นห่วงลูกจัง,south,voice_18,voice_18,True
audio_data/south/voice_18/voice_18_aug_69.wav,2.688,16000,หวังเหวิดลูกจัง,เป็นห่วงลูกจัง,south,voice_18,voice_18,True
audio_data/south/voice_18/voice_18_aug_7.wav,2.688,16000,หวังเหวิดลูกจัง,เป็นห่วงลูกจัง,south,voice_18,voice_18,True
audio_data/south/voice_18/voice_18_aug_70.wav,2.688,16000,หวังเหวิดลูกจัง,เป็นห่วงลูกจัง,south,voice_18,voice_18,True
audio_data/south/voice_18/voice_18_aug_71.wav,2.688,16000,หวังเหวิดลูกจัง,เป็นห่วงลูกจัง,south,voice_18,voice_18,True
audio_data/south/voice_18/voice_18_aug_72.wav,2.688,16000,หวังเหวิดลูกจัง,เป็นห่วงลูกจัง,south,voice_18,voice_18,True
audio_data/south/voice_18/voice_18_aug_73.wav,2.688,16000,หวังเหวิดลูกจัง,เป็นห่วงลูกจัง,south,voice_18,voice_18,True
audio_data/south/voice_18/voice_18_aug_74.wav,2.688,16000,หวังเหวิดลูกจัง,เป็นห่วงลูกจัง,south,voice_18,voice_18,True
audio_data/south/voice_18/voice_18_aug_75.wav,2.688,16000,หวังเหวิดลูกจัง,เป็นห่วงลูกจัง,south,voice_18,voice_18,True
audio_data/south/voice_18/voice_18_aug_76.wav,2.688,16000,หวังเหวิดลูกจัง,เป็นห่วงลูกจัง,south,voice_18,voice_18,True
audio_data/south/voice_18/voice_18_aug_77.wav,2.688,16000,หวังเหวิดลูกจัง,เป็นห่วงลูกจัง,south,voice_18,voice_18,True
audio_data/south/voice_18/voice_18_aug_78.wav,2.688,16000,หวังเหวิดลูกจัง,เป็นห่วงลูกจัง,south,voice_18,voice_18,True
audio_data/south/voice_18/voice_18_aug_79.wav,2.688,16000,หวังเหวิดลูกจัง,เป็นห่วงลูกจัง,south,voice_18,voice_18,True
audio_data/south/voice_18/voice_18_aug_8.wav,2.688,16000,หวังเหวิดลูกจัง,เป็นห่วงลูกจัง,south,voice_18,voice_18,True
audio_data/south/voice_18/voice_18_aug_80.wav,2.688,16000,หวังเหวิดลูกจัง,เป็นห่วงลูกจัง,south,voice_18,voice_18,True
audio_data/south/voice_18/voice_18_aug_81.wav,2.688,16000,หวังเหวิดลูกจัง,เป็นห่วงลูกจัง,south,voice_18,voice_18,True
audio_data/south/voice_18/voice_18_aug_82.wav,2.688,16000,หวังเหวิดลูกจัง,เป็นห่วงลูกจัง,south,voice_18,voice_18,True
audio_data/south/voice_18/voice_18_aug_83.wav,2.688,16000,หวังเหวิดลูกจัง,เป็นห่วงลูกจัง,south,voice_18,voice_18,True
audio_data/south/voice_18/voice_18_aug_84.wav,2.688,16000,หวังเหวิดลูกจัง,เป็นห่วงลูกจัง,south,voice_18,voice_18,True
audio_data/south/voice_18/voice_18_aug_85.wav,2.688,16000,หวังเหวิดลูกจัง,เป็นห่วงลูกจัง,south,voice_18,voice_18,True
audio_data/south/voice_18/voice_18_aug_86.wav,2.688,16000,หวังเหวิดลูกจัง,เป็นห่วงลูกจัง,south,voice_18,voice_18,True
audio_data/south/voice_18/voice_18_aug_87.wav,2.688,16000,หวังเหวิดลูกจัง,เป็นห่วงลูกจัง,south,voice_18,voice_18,True
audio_data/south/voice_18/voice_18_aug_88.wav,2.688,16000,หวังเหวิดลูกจัง,เป็นห่วงลูกจัง,south,voice_18,voice_18,True
audio_data/south/voice_18/voice_18_aug_89.wav,2.688,16000,หวังเหวิดลูกจัง,เป็นห่วงลูกจัง,south,voice_18,voice_18,True
audio_data/south/voice_18/voice_18_aug_9.wav,2.688,16000,หวังเหวิดลูกจัง,เป็นห่วงลูกจัง,south,voice_18,voice_18,True
audio_data/south/voice_18/voice_18_aug_90.wav,2.688,16000,หวังเหวิดลูกจัง,เป็นห่วงลูกจัง,south,voice_18,voice_18,True
audio_data/south/voice_18/voice_18_aug_91.wav,2.688,16000,หวังเหวิดลูกจัง,เป็นห่วงลูกจัง,south,voice_18,voice_18,True
audio_data/south/voice_18/voice_18_aug_92.wav,2.688,16000,หวังเหวิดลูกจัง,เป็นห่วงลูกจัง,south,voice_18,voice_18,True
audio_data/south/voice_18/voice_18_aug_93.wav,2.688,16000,หวังเหวิดลูกจัง,เป็นห่วงลูกจัง,south,voice_18,voice_18,True
audio_data/south/voice_18/voice_18_aug_94.wav,2.688,16000,หวังเหวิดลูกจัง,เป็นห่วงลูกจัง,south,voice_18,voice_18,True
audio_data/south/voice_18/voice_18_aug_95.wav,2.688,16000,หวังเหวิดลูกจัง,เป็นห่วงลูกจัง,south,voice_18,voice_18,True
audio_data/south/voice_18/voice_18_aug_96.wav,2.688,16000,หวังเหวิดลูกจัง,เป็นห่วงลูกจัง,south,voice_18,voice_18,True
audio_data/south/voice_18/voice_18_aug_97.wav,2.688,16000,หวังเหวิดลูกจัง,เป็นห่วงลูกจัง,south,voice_18,voice_18,True
audio_data/south/voice_18/voice_18_aug_98.wav,2.688,16000,หวังเหวิดลูกจัง,เป็นห่วงลูกจัง,south,voice_18,voice_18,True
audio_data/south/voice_18/voice_18_aug_99.wav,2.688,16000,หวังเหวิดลูกจัง,เป็นห่วงลูกจัง,south,voice_18,voice_18,True
audio_data/south/voice_19/voice_19_1.wav,2.987,16000,ลิวไปตรงหน้าบ้าน,ขว้างไปตรงหน้าบ้าน,south,voice_19,voice_19_1,False
audio_data/south/voice_19/voice_19_aug_1.wav,2.987,16000,ลิวไปตรงหน้าบ้าน,ขว้างไปตรงหน้าบ้าน,south,voice_19,voice_19,True
audio_data/south/voice_19/voice_19_aug_10.wav,2.987,16000,ลิวไปตรงหน้าบ้าน,ขว้างไปตรงหน้าบ้าน,south,voice_19,voice_19,True
audio_data/south/voice_19/voice_19_aug_100.wav,2.987,16000,ลิวไปตรงหน้าบ้าน,ขว้างไปตรงหน้าบ้าน,south,voice_19,voice_19,True
audio_data/south/voice_19/voice_19_aug_11.wav,2.987,16000,ลิวไปตรงหน้าบ้าน,ขว้างไปตรงหน้าบ้าน,south,voice_19,voice_19,True
audio_data/south/voice_19/voice_19_aug_12.wav,2.987,16000,ลิวไปตรงหน้าบ้าน,ขว้างไปตรงหน้าบ้าน,south,voice_19,voice_19,True
audio_data/south/voice_19/voice_19_aug_13.wav,2.987,16000,ลิวไปตรงหน้าบ้าน,ขว้างไปตรงหน้าบ้าน,south,voice_19,voice_19,True
audio_data/south/voice_19/voice_19_aug_14.wav,2.987,16000,ลิวไปตรงหน้าบ้าน,ขว้างไปตรงหน้าบ้าน,south,voice_19,voice_19,True
audio_data/south/voice_19/voice_19_aug_15.wav,2.987,16000,ลิวไปตรงหน้าบ้าน,ขว้างไปตรงหน้าบ้าน,south,voice_19,voice_19,True
audio_data/south/voice_19/voice_19_aug_16.wav,2.987,16000,ลิวไปตรงหน้าบ้าน,ขว้างไปตรงหน้าบ้าน,south,voice_19,voice_19,True
audio_data/south/voice_19/voice_19_aug_17.wav,2.987,16000,ลิวไปตรงหน้าบ้าน,ขว้างไปตรงหน้าบ้าน,south,voice_19,voice_19,True
audio_data/south/voice_19/voice_19_aug_18.wav,2.987,16000,ลิวไปตรงหน้าบ้าน,ขว้างไปตรงหน้าบ้าน,south,voice_19,voice_19,True
audio_data/south/voice_19/voice_19_aug_19.wav,2.987,16000,ลิวไปตรงหน้าบ้าน,ขว้างไปตรงหน้าบ้าน,south,voice_19,voice_19,True
audio_data/south/voice_19/voice_19_aug_2.wav,2.987,16000,ลิวไปตรงหน้าบ้าน,ขว้างไปตรงหน้าบ้าน,south,voice_19,voice_19,True
audio_data/south/voice_19/voice_19_aug_20.wav,2.987,16000,ลิวไปตรงหน้าบ้าน,ขว้างไปตรงหน้าบ้าน,south,voice_19,voice_19,True
audio_data/south/voice_19/voice_19_aug_21.wav,2.987,16000,ลิวไปตรงหน้าบ้าน,ขว้างไปตรงหน้าบ้าน,south,voice_19,voice_19,True
audio_data/south/voice_19/voice_19_aug_22.wav,2.987,16000,ลิวไปตรงหน้าบ้าน,ขว้างไปตรงหน้าบ้าน,south,voice_19,voice_19,True
audio_data/south/voice_19/voice_19_aug_23.wav,2.987,16000,ลิวไปตรงหน้าบ้าน,ขว้างไปตรงหน้าบ้าน,south,voice_19,voice_19,True
audio_data/south/voice_19/voice_19_aug_24.wav,2.987,16000,ลิวไปตรงหน้าบ้าน,ขว้างไปตรงหน้าบ้าน,south,voice_19,voice_19,True
audio_data/south/voice_19/voice_19_aug_25.wav,2.987,16000,ลิวไปตรงหน้าบ้าน,ขว้างไปตรงหน้าบ้าน,south,voice_19,voice_19,True
audio_data/south/voice_19/voice_19_aug_26.wav,2.987,16000,ลิวไปตรงหน้าบ้าน,ขว้างไปตรงหน้าบ้าน,south,voice_19,voice_19,True
audio_data/south/voice_19/voice_19_aug_27.wav,2.987,16000,ลิวไปตรงหน้าบ้าน,ขว้างไปตรงหน้าบ้าน,south,voice_19,voice_19,True
audio_data/south/voice_19/voice_19_aug_28.wav,2.987,16000,ลิวไปตรงหน้าบ้าน,ขว้างไปตรงหน้าบ้าน,south,voice_19,voice_19,True
audio_data/south/voice_19/voice_19_aug_29.wav,2.987,16000,ลิวไปตรงหน้าบ้าน,ขว้างไปตรงหน้าบ้าน,south,voice_19,voice_19,True
audio_data/south/voice_19/voice_19_aug_3.wav,2.987,16000,ลิวไปตรงหน้าบ้าน,ขว้างไปตรงหน้าบ้าน,south,voice_19,voice_19,True
audio_data/south/voice_19/voice_19_aug_30.wav,2.987,16000,ลิวไปตรงหน้าบ้าน,ขว้างไปตรงหน้าบ้าน,south,voice_19,voice_19,True
audio_data/south/voice_19/voice_19_aug_31.wav,2.987,16000,ลิวไปตรงหน้าบ้าน,ขว้างไปตรงหน้าบ้าน,south,voice_19,voice_19,True
audio_data/south/voice_19/voice_19_aug_32.wav,2.987,16000,ลิวไปตรงหน้าบ้าน,ขว้างไปตรงหน้าบ้าน,south,voice_19,voice_19,True
audio_data/south/voice_19/voice_19_aug_33.wav,2.987,16000,ลิวไปตรงหน้าบ้าน,ขว้างไปตรงหน้าบ้าน,south,voice_19,voice_19,True
audio_data/south/voice_19/voice_19_aug_34.wav,2.987,16000,ลิวไปตรงหน้าบ้าน,ขว้างไปตรงหน้าบ้าน,south,voice_19,voice_19,True
audio_data/south/voice_19/voice_19_aug_35.wav,2.987,16000,ลิวไปตรงหน้าบ้าน,ขว้างไปตรงหน้าบ้าน,south,voice_19,voice_19,True
audio_data/south/voice_19/voice_19_aug_36.wav,2.987,16000,ลิวไปตรงหน้าบ้าน,ขว้างไปตรงหน้าบ้าน,south,voice_19,voice_19,True
audio_data/south/voice_19/voice_19_aug_37.wav,2.987,16000,ลิวไปตรงหน้าบ้าน,ขว้างไปตรงหน้าบ้าน,south,voice_19,voice_19,True
audio_data/south/voice_19/voice_19_aug_38.wav,2.987,16000,ลิวไปตรงหน้าบ้าน,ขว้างไปตรงหน้าบ้าน,south,voice_19,voice_19,True
audio_data/south/voice_19/voice_19_aug_39.wav,2.987,16000,ลิวไปตรงหน้าบ้าน,ขว้างไปตรงหน้าบ้าน,south,voice_19,voice_19,True
audio_data/south/voice_19/voice_19_aug_4.wav,2.987,16000,ลิวไปตรงหน้าบ้าน,ขว้างไปตรงหน้าบ้าน,south,voice_19,voice_19,True
audio_data/south/voice_19/voice_19_aug_40.wav,2.987,16000,ลิวไปตรงหน้าบ้าน,ขว้างไปตรงหน้าบ้าน,south,voice_19,voice_19,True
audio_data/south/voice_19/voice_19_aug_41.wav,2.987,16000,ลิวไปตรงหน้าบ้าน,ขว้างไปตรงหน้าบ้าน,south,voice_19,voice_19,True
audio_data/south/voice_19/voice_19_aug_42.wav,2.987,16000,ลิวไปตรงหน้าบ้าน,ขว้างไปตรงหน้าบ้าน,south,voice_19,voice_19,True
audio_data/south/voice_19/voice_19_aug_43.wav,2.987,16000,ลิวไปตรงหน้าบ้าน,ขว้างไปตรงหน้าบ้าน,south,voice_19,voice_19,True
audio_data/south/voice_19/voice_19_aug_44.wav,2.987,16000,ลิวไปตรงหน้าบ้าน,ขว้างไปตรงหน้าบ้าน,south,voice_19,voice_19,True
audio_data/south/voice_19/voice_19_aug_45.wav,2.987,16000,ลิวไปตรงหน้าบ้าน,ขว้างไปตรงหน้าบ้าน,south,voice_19,voice_19,True
audio_data/south/voice_19/voice_19_aug_46.wav,2.987,16000,ลิวไปตรงหน้าบ้าน,ขว้างไปตรงหน้าบ้าน,south,voice_19,voice_19,True
audio_data/south/voice_19/voice_19_aug_47.wav,2.987,16000,ลิวไปตรงหน้าบ้าน,ขว้างไปตรงหน้าบ้าน,south,voice_19,voice_19,True
audio_data/south/voice_19/voice_19_aug_48.wav,2.987,16000,ลิวไปตรงหน้าบ้าน,ขว้างไปตรงหน้าบ้าน,south,voice_19,voice_19,True
audio_data/south/voice_19/voice_19_aug_49.wav,2.987,16000,ลิวไปตรงหน้าบ้าน,ขว้างไปตรงหน้าบ้าน,south,voice_19,voice_19,True
audio_data/south/voice_19/voice_19_aug_5.wav,2.987,16000,ลิวไปตรงหน้าบ้าน,ขว้างไปตรงหน้าบ้าน,south,voice_19,voice_19,True
audio_data/south/voice_19/voice_19_aug_50.wav,2.987,16000,ลิวไปตรงหน้าบ้าน,ขว้างไปตรงหน้าบ้าน,south,voice_19,voice_19,True
audio_data/south/voice_19/voice_19_aug_51.wav,2.987,16000,ลิวไปตรงหน้าบ้าน,ขว้างไปตรงหน้าบ้าน,south,voice_19,voice_19,True
audio_data/south/voice_19/voice_19_aug_52.wav,2.987,16000,ลิวไปตรงหน้าบ้าน,ขว้างไปตรงหน้าบ้าน,south,voice_19,voice_19,True
audio_data/south/voice_19/voice_19_aug_53.wav,2.987,16000,ลิวไปตรงหน้าบ้าน,ขว้างไปตรงหน้าบ้าน,south,voice_19,voice_19,True
audio_data/south/voice_19/voice_19_aug_54.wav,2.987,16000,ลิวไปตรงหน้าบ้าน,ขว้างไปตรงหน้าบ้าน,south,voice_19,voice_19,True
audio_data/south/voice_19/voice_19_aug_55.wav,2.987,16000,ลิวไปตรงหน้าบ้าน,ขว้างไปตรงหน้าบ้าน,south,voice_19,voice_19,True
audio_data/south/voice_19/voice_19_aug_56.wav,2.987,16000,ลิวไปตรงหน้าบ้าน,ขว้างไปตรงหน้าบ้าน,south,voice_19,voice_19,True
audio_data/south/voice_19/voice_19_aug_57.wav,2.987,16000,ลิวไปตรงหน้าบ้าน,ขว้างไปตรงหน้าบ้าน,south,voice_19,voice_19,True
audio_data/south/voice_19/voice_19_aug_58.wav,2.987,16000,ลิวไปตรงหน้าบ้าน,ขว้างไปตรงหน้าบ้าน,south,voice_19,voice_19,True
audio_data/south/voice_19/voice_19_aug_59.wav,2.987,16000,ลิวไปตรงหน้าบ้าน,ขว้างไปตรงหน้าบ้าน,south,voice_19,voice_19,True
audio_data/south/voice_19/voice_19_aug_6.wav,2.987,16000,ลิวไปตรงหน้าบ้าน,ขว้างไปตรงหน้าบ้าน,south,voice_19,voice_19,True
audio_data/south/voice_19/voice_19_aug_60.wav,2.987,16000,ลิวไปตรงหน้าบ้าน,ขว้างไปตรงหน้าบ้าน,south,voice_19,voice_19,True
audio_data/south/voice_19/voice_19_aug_61.wav,2.987,16000,ลิวไปตรงหน้าบ้าน,ขว้างไปตรงหน้าบ้าน,south,voice_19,voice_19,True
audio_data/south/voice_19/voice_19_aug_62.wav,2.987,16000,ลิวไปตรงหน้าบ้าน,ขว้างไปตรงหน้าบ้าน,south,voice_19,voice_19,True
audio_data/south/voice_19/voice_19_aug_63.wav,2.987,16000,ลิวไปตรงหน้าบ้าน,ขว้างไปตรงหน้าบ้าน,south,voice_19,voice_19,True
audio_data/south/voice_19/voice_19_aug_64.wav,2.987,16000,ลิวไปตรงหน้าบ้าน,ขว้างไปตรงหน้าบ้าน,south,voice_19,voice_19,True
audio_data/south/voice_19/voice_19_aug_65.wav,2.987,16000,ลิวไปตรงหน้าบ้าน,ขว้างไปตรงหน้าบ้าน,south,voice_19,voice_19,True
audio_data/south/voice_19/voice_19_aug_66.wav,2.987,16000,ลิวไปตรงหน้าบ้าน,ขว้างไปตรงหน้าบ้าน,south,voice_19,voice_19,True
audio_data/south/voice_19/voice_19_aug_67.wav,2.987,16000,ลิวไปตรงหน้าบ้าน,ขว้างไปตรงหน้าบ้าน,south,voice_19,voice_19,True
audio_data/south/voice_19/voice_19_aug_68.wav,2.987,16000,ลิวไปตรงหน้าบ้าน,ขว้างไปตรงหน้าบ้าน,south,voice_19,voice_19,True
audio_data/south/voice_19/voice_19_aug_69.wav,2.987,16000,ลิวไปตรงหน้าบ้าน,ขว้างไปตรงหน้าบ้าน,south,voice_19,voice_19,True
audio_data/south/voice_19/voice_19_aug_7.wav,2.987,16000,ลิวไปตรงหน้าบ้าน,ขว้างไปตรงหน้าบ้าน,south,voice_19,voice_19,True
audio_data/south/voice_19/voice_19_aug_70.wav,2.987,16000,ลิวไปตรงหน้าบ้าน,ขว้างไปตรงหน้าบ้าน,south,voice_19,voice_19,True
audio_data/south/voice_19/voice_19_aug_71.wav,2.987,16000,ลิวไปตรงหน้าบ้าน,ขว้างไปตรงหน้าบ้าน,south,voice_19,voice_19,True
audio_data/south/voice_19/voice_19_aug_72.wav,2.987,16000,ลิวไปตรงหน้าบ้าน,ขว้างไปตรงหน้าบ้าน,south,voice_19,voice_19,True
audio_data/south/voice_19/voice_19_aug_73.wav,2.987,16000,ลิวไปตรงหน้าบ้าน,ขว้างไปตรงหน้าบ้าน,south,voice_19,voice_19,True
audio_data/south/voice_19/voice_19_aug_74.wav,2.987,16000,ลิวไปตรงหน้าบ้าน,ขว้างไปตรงหน้าบ้าน,south,voice_19,voice_19,True
audio_data/south/voice_19/voice_19_aug_75.wav,2.987,16000,ลิวไปตรงหน้าบ้าน,ขว้างไปตรงหน้าบ้าน,south,voice_19,voice_19,True
audio_data/south/voice_19/voice_19_aug_76.wav,2.987,16000,ลิวไปตรงหน้าบ้าน,ขว้างไปตรงหน้าบ้าน,south,voice_19,voice_19,True
audio_data/south/voice_19/voice_19_aug_77.wav,2.987,16000,ลิวไปตรงหน้าบ้าน,ขว้างไปตรงหน้าบ้าน,south,voice_19,voice_19,True
audio_data/south/voice_19/voice_19_aug_78.wav,2.987,16000,ลิวไปตรงหน้าบ้าน,ขว้างไปตรงหน้าบ้าน,south,voice_19,voice_19,True
audio_data/south/voice_19/voice_19_aug_79.wav,2.987,16000,ลิวไปตรงหน้าบ้าน,ขว้างไปตรงหน้าบ้าน,south,voice_19,voice_19,True
audio_data/south/voice_19/voice_19_aug_8.wav,2.987,16000,ลิวไปตรงหน้าบ้าน,ขว้างไปตรงหน้าบ้าน,south,voice_19,voice_19,True
audio_data/south/voice_19/voice_19_aug_80.wav,2.987,16000,ลิวไปตรงหน้าบ้าน,ขว้างไปตรงหน้าบ้าน,south,voice_19,voice_19,True
audio_data/south/voice_19/voice_19_aug_81.wav,2.987,16000,ลิวไปตรงหน้าบ้าน,ขว้างไปตรงหน้าบ้าน,south,voice_19,voice_19,True
audio_data/south/voice_19/voice_19_aug_82.wav,2.987,16000,ลิวไปตรงหน้าบ้าน,ขว้างไปตรงหน้าบ้าน,south,voice_19,voice_19,True
audio_data/south/voice_19/voice_19_aug_83.wav,2.987,16000,ลิวไปตรงหน้าบ้าน,ขว้างไปตรงหน้าบ้าน,south,voice_19,voice_19,True
audio_data/south/voice_19/voice_19_aug_84.wav,2.987,16000,ลิวไปตรงหน้าบ้าน,ขว้างไปตรงหน้าบ้าน,south,voice_19,voice_19,True
audio_data/south/voice_19/voice_19_aug_85.wav,2.987,16000,ลิวไปตรงหน้าบ้าน,ขว้างไปตรงหน้าบ้าน,south,voice_19,voice_19,True
audio_data/south/voice_19/voice_19_aug_86.wav,2.987,16000,ลิวไปตรงหน้าบ้าน,ขว้างไปตรงหน้าบ้าน,south,voice_19,voice_19,True
audio_data/south/voice_19/voice_19_aug_87.wav,2.987,16000,ลิวไปตรงหน้าบ้าน,ขว้างไปตรงหน้าบ้าน,south,voice_19,voice_19,True
audio_data/south/voice_19/voice_19_aug_88.wav,2.987,16000,ลิวไปตรงหน้าบ้าน,ขว้างไปตรงหน้าบ้าน,south,voice_19,voice_19,True
audio_data/south/voice_19/voice_19_aug_89.wav,2.987,16000,ลิวไปตรงหน้าบ้าน,ขว้างไปตรงหน้าบ้าน,south,voice_19,voice_19,True
audio_data/south/voice_19/voice_19_aug_9.wav,2.987,16000,ลิวไปตรงหน้าบ้าน,ขว้างไปตรงหน้าบ้าน,south,voice_19,voice_19,True
audio_data/south/voice_19/voice_19_aug_90.wav,2.987,16000,ลิวไปตรงหน้าบ้าน,ขว้างไปตรงหน้าบ้าน,south,voice_19,voice_19,True
audio_data/south/voice_19/voice_19_aug_91.wav,2.987,16000,ลิวไปตรงหน้าบ้าน,ขว้างไปตรงหน้าบ้าน,south,voice_19,voice_19,True
audio_data/south/voice_19/voice_19_aug_92.wav,2.987,16000,ลิวไปตรงหน้าบ้าน,ขว้างไปตรงหน้าบ้าน,south,voice_19,voice_19,True
audio_data/south/voice_19/voice_19_aug_93.wav,2.987,16000,ลิวไปตรงหน้าบ้าน,ขว้างไปตรงหน้าบ้าน,south,voice_19,voice_19,True
audio_data/south/voice_19/voice_19_aug_94.wav,2.987,16000,ลิวไปตรงหน้าบ้าน,ขว้างไปตรงหน้าบ้าน,south,voice_19,voice_19,True
audio_data/south/voice_19/voice_19_aug_95.wav,2.987,16000,ลิวไปตรงหน้าบ้าน,ขว้างไปตรงหน้าบ้าน,south,voice_19,voice_19,True
audio_data/south/voice_19/voice_19_aug_96.wav,2.987,16000,ลิวไปตรงหน้าบ้าน,ขว้างไปตรงหน้าบ้าน,south,voice_19,voice_19,True
audio_data/south/voice_19/voice_19_aug_97.wav,2.987,16000,ลิวไปตรงหน้าบ้าน,ขว้างไปตรงหน้าบ้าน,south,voice_19,voice_19,True
audio_data/south/voice_19/voice_19_aug_98.wav,2.987,16000,ลิวไปตรงหน้าบ้าน,ขว้างไปตรงหน้าบ้าน,south,voice_19,voice_19,True
audio_data/south/voice_19/voice_19_aug_99.wav,2.987,16000,ลิวไปตรงหน้าบ้าน,ขว้างไปตรงหน้าบ้าน,south,voice_19,voice_19,True
audio_data/south/voice_2/voice_2_1.wav,3.093,16000,ฉานชื่อ,ฉันชื่อ,south,voice_2,voice_2_1,False
audio_data/south/voice_2/voice_2_aug_1.wav,3.093,16000,ฉานชื่อ,ฉันชื่อ,south,voice_2,voice_2,True
audio_data/south/voice_2/voice_2_aug_10.wav,3.093,16000,ฉานชื่อ,ฉันชื่อ,south,voice_2,voice_2,True
audio_data/south/voice_2/voice_2_aug_100.wav,3.093,16000,ฉานชื่อ,ฉันชื่อ,south,voice_2,voice_2,True
audio_data/south/voice_2/voice_2_aug_11.wav,3.093,16000,ฉานชื่อ,ฉันชื่อ,south,voice_2,voice_2,True
audio_data/south/voice_2/voice_2_aug_12.wav,3.093,16000,ฉานชื่อ,ฉันชื่อ,south,voice_2,voice_2,True
audio_data/south/voice_2/voice_2_aug_13.wav,3.093,16000,ฉานชื่อ,ฉันชื่อ,south,voice_2,voice_2,True
audio_data/south/voice_2/voice_2_aug_14.wav,3.093,16000,ฉานชื่อ,ฉันชื่อ,south,voice_2,voice_2,True
audio_data/south/voice_2/voice_2_aug_15.wav,3.093,16000,ฉานชื่อ,ฉันชื่อ,south,voice_2,voice_2,True
audio_data/south/voice_2/voice_2_aug_16.wav,3.093,16000,ฉานชื่อ,ฉันชื่อ,south,voice_2,voice_2,True
audio_data/south/voice_2/voice_2_aug_17.wav,3.093,16000,ฉานชื่อ,ฉันชื่อ,south,voice_2,voice_2,True
audio_data/south/voice_2/voice_2_aug_18.wav,3.093,16000,ฉานชื่อ,ฉันชื่อ,south,voice_2,voice_2,True
audio_data/south/voice_2/voice_2_aug_19.wav,3.093,16000,ฉานชื่อ,ฉันชื่อ,south,voice_2,voice_2,True
audio_data/south/voice_2/voice_2_aug_2.wav,3.093,16000,ฉานชื่อ,ฉันชื่อ,south,voice_2,voice_2,True
audio_data/south/voice_2/voice_2_aug_20.wav,3.093,16000,ฉานชื่อ,ฉันชื่อ,south,voice_2,voice_2,True
audio_data/south/voice_2/voice_2_aug_21.wav,3.093,16000,ฉานชื่อ,ฉันชื่อ,south,voice_2,voice_2,True
audio_data/south/voice_2/voice_2_aug_22.wav,3.093,16000,ฉานชื่อ,ฉันชื่อ,south,voice_2,voice_2,True
audio_data/south/voice_2/voice_2_aug_23.wav,3.093,16000,ฉานชื่อ,ฉันชื่อ,south,voice_2,voice_2,True
audio_data/south/voice_2/voice_2_aug_24.wav,3.093,16000,ฉานชื่อ,ฉันชื่อ,south,voice_2,voice_2,True
audio_data/south/voice_2/voice_2_aug_25.wav,3.093,16000,ฉานชื่อ,ฉันชื่อ,south,voice_2,voice_2,True
audio_data/south/voice_2/voice_2_aug_26.wav,3.093,16000,ฉานชื่อ,ฉันชื่อ,south,voice_2,voice_2,True
audio_data/south/voice_2/voice_2_aug_27.wav,3.093,16000,ฉานชื่อ,ฉันชื่อ,south,voice_2,voice_2,True
audio_data/south/voice_2/voice_2_aug_28.wav,3.093,16000,ฉานชื่อ,ฉันชื่อ,south,voice_2,voice_2,True
audio_data/south/voice_2/voice_2_aug_29.wav,3.093,16000,ฉานชื่อ,ฉันชื่อ,south,voice_2,voice_2,True
audio_data/south/voice_2/voice_2_aug_3.wav,3.093,16000,ฉานชื่อ,ฉันชื่อ,south,voice_2,voice_2,True
audio_data/south/voice_2/voice_2_aug_30.wav,3.093,16000,ฉานชื่อ,ฉันชื่อ,south,voice_2,voice_2,True
audio_data/south/voice_2/voice_2_aug_31.wav,3.093,16000,ฉานชื่อ,ฉันชื่อ,south,voice_2,voice_2,True
audio_data/south/voice_2/voice_2_aug_32.wav,3.093,16000,ฉานชื่อ,ฉันชื่อ,south,voice_2,voice_2,True
audio_data/south/voice_2/voice_2_aug_33.wav,3.093,16000,ฉานชื่อ,ฉันชื่อ,south,voice_2,voice_2,True
audio_data/south/voice_2/voice_2_aug_34.wav,3.093,16000,ฉานชื่อ,ฉันชื่อ,south,voice_2,voice_2,True
audio_data/south/voice_2/voice_2_aug_35.wav,3.093,16000,ฉานชื่อ,ฉันชื่อ,south,voice_2,voice_2,True
audio_data/south/voice_2/voice_2_aug_36.wav,3.093,16000,ฉานชื่อ,ฉันชื่อ,south,voice_2,voice_2,True
audio_data/south/voice_2/voice_2_aug_37.wav,3.093,16000,ฉานชื่อ,ฉันชื่อ,south,voice_2,voice_2,True
audio_data/south/voice_2/voice_2_aug_38.wav,3.093,16000,ฉานชื่อ,ฉันชื่อ,south,voice_2,voice_2,True
audio_data/south/voice_2/voice_2_aug_39.wav,3.093,16000,ฉานชื่อ,ฉันชื่อ,south,voice_2,voice_2,True
audio_data/south/voice_2/voice_2_aug_4.wav,3.093,16000,ฉานชื่อ,ฉันชื่อ,south,voice_2,voice_2,True
audio_data/south/voice_2/voice_2_aug_40.wav,3.093,16000,ฉานชื่อ,ฉันชื่อ,south,voice_2,voice_2,True
audio_data/south/voice_2/voice_2_aug_41.wav,3.093,16000,ฉานชื่อ,ฉันชื่อ,south,voice_2,voice_2,True
audio_data/south/voice_2/voice_2_aug_42.wav,3.093,16000,ฉานชื่อ,ฉันชื่อ,south,voice_2,voice_2,True
audio_data/south/voice_2/voice_2_aug_43.wav,3.093,16000,ฉานชื่อ,ฉันชื่อ,south,voice_2,voice_2,True
audio_data/south/voice_2/voice_2_aug_44.wav,3.093,16000,ฉานชื่อ,ฉันชื่อ,south,voice_2,voice_2,True
audio_data/south/voice_2/voice_2_aug_45.wav,3.093,16000,ฉานชื่อ,ฉันชื่อ,south,voice_2,voice_2,True
audio_data/south/voice_2/voice_2_aug_46.wav,3.093,16000,ฉานชื่อ,ฉันชื่อ,south,voice_2,voice_2,True
audio_data/south/voice_2/voice_2_aug_47.wav,3.093,16000,ฉานชื่อ,ฉันชื่อ,south,voice_2,voice_2,True
audio_data/south/voice_2/voice_2_aug_48.wav,3.093,16000,ฉานชื่อ,ฉันชื่อ,south,voice_2,voice_2,True
audio_data/south/voice_2/voice_2_aug_49.wav,3.093,16000,ฉานชื่อ,ฉันชื่อ,south,voice_2,voice_2,True
audio_data/south/voice_2/voice_2_aug_5.wav,3.093,16000,ฉานชื่อ,ฉันชื่อ,south,voice_2,voice_2,True
audio_data/south/voice_2/voice_2_aug_50.wav,3.093,16000,ฉานชื่อ,ฉันชื่อ,south,voice_2,voice_2,True
audio_data/south/voice_2/voice_2_aug_51.wav,3.093,16000,ฉานชื่อ,ฉันชื่อ,south,voice_2,voice_2,True
audio_data/south/voice_2/voice_2_aug_52.wav,3.093,16000,ฉานชื่อ,ฉันชื่อ,south,voice_2,voice_2,True
audio_data/south/voice_2/voice_2_aug_53.wav,3.093,16000,ฉานชื่อ,ฉันชื่อ,south,voice_2,voice_2,True
audio_data/south/voice_2/voice_2_aug_54.wav,3.093,16000,ฉานชื่อ,ฉันชื่อ,south,voice_2,voice_2,True
audio_data/south/voice_2/voice_2_aug_55.wav,3.093,16000,ฉานชื่อ,ฉันชื่อ,south,voice_2,voice_2,True
audio_data/south/voice_2/voice_2_aug_56.wav,3.093,16000,ฉานชื่อ,ฉันชื่อ,south,voice_2,voice_2,True
audio_data/south/voice_2/voice_2_aug_57.wav,3.093,16000,ฉานชื่อ,ฉันชื่อ,south,voice_2,voice_2,True
audio_data/south/voice_2/voice_2_aug_58.wav,3.093,16000,ฉานชื่อ,ฉันชื่อ,south,voice_2,voice_2,True
audio_data/south/voice_2/voice_2_aug_59.wav,3.093,16000,ฉานชื่อ,ฉันชื่อ,south,voice_2,voice_2,True
audio_data/south/voice_2/voice_2_aug_6.wav,3.093,16000,ฉานชื่อ,ฉันชื่อ,south,voice_2,voice_2,True
audio_data/south/voice_2/voice_2_aug_60.wav,3.093,16000,ฉานชื่อ,ฉันชื่อ,south,voice_2,voice_2,True
audio_data/south/voice_2/voice_2_aug_61.wav,3.093,16000,ฉานชื่อ,ฉันชื่อ,south,voice_2,voice_2,True
audio_data/south/voice_2/voice_2_aug_62.wav,3.093,16000,ฉานชื่อ,ฉันชื่อ,south,voice_2,voice_2,True
audio_data/south/voice_2/voice_2_aug_63.wav,3.093,16000,ฉานชื่อ,ฉันชื่อ,south,voice_2,voice_2,True
audio_data/south/voice_2/voice_2_aug_64.wav,3.093,16000,ฉานชื่อ,ฉันชื่อ,south,voice_2,voice_2,True
audio_data/south/voice_2/voice_2_aug_65.wav,3.093,16000,ฉานชื่อ,ฉันชื่อ,south,voice_2,voice_2,True
audio_data/south/voice_2/voice_2_aug_66.wav,3.093,16000,ฉานชื่อ,ฉันชื่อ,south,voice_2,voice_2,True
audio_data/south/voice_2/voice_2_aug_67.wav,3.093,16000,ฉานชื่อ,ฉันชื่อ,south,voice_2,voice_2,True
audio_data/south/voice_2/voice_2_aug_68.wav,3.093,16000,ฉานชื่อ,ฉันชื่อ,south,voice_2,voice_2,True
audio_data/south/voice_2/voice_2_aug_69.wav,3.093,16000,ฉานชื่อ,ฉันชื่อ,south,voice_2,voice_2,True
audio_data/south/voice_2/voice_2_aug_7.wav,3.093,16000,ฉานชื่อ,ฉันชื่อ,south,voice_2,voice_2,True
audio_data/south/voice_2/voice_2_aug_70.wav,3.093,16000,ฉานชื่อ,ฉันชื่อ,south,voice_2,voice_2,True
audio_data/south/voice_2/voice_2_aug_71.wav,3.093,16000,ฉานชื่อ,ฉันชื่อ,south,voice_2,voice_2,True
audio_data/south/voice_2/voice_2_aug_72.wav,3.093,16000,ฉานชื่อ,ฉันชื่อ,south,voice_2,voice_2,True
audio_data/south/voice_2/voice_2_aug_73.wav,3.093,16000,ฉานชื่อ,ฉันชื่อ,south,voice_2,voice_2,True
audio_data/south/voice_2/voice_2_aug_74.wav,3.093,16000,ฉานชื่อ,ฉันชื่อ,south,voice_2,voice_2,True
audio_data/south/voice_2/voice_2_aug_75.wav,3.093,16000,ฉานชื่อ,ฉันชื่อ,south,voice_2,voice_2,True
audio_data/south/voice_2/voice_2_aug_76.wav,3.093,16000,ฉานชื่อ,ฉันชื่อ,south,voice_2,voice_2,True
audio_data/south/voice_2/voice_2_aug_77.wav,3.093,16000,ฉานชื่อ,ฉันชื่อ,south,voice_2,voice_2,True
audio_data/south/voice_2/voice_2_aug_78.wav,3.093,16000,ฉานชื่อ,ฉันชื่อ,south,voice_2,voice_2,True
audio_data/south/voice_2/voice_2_aug_79.wav,3.093,16000,ฉานชื่อ,ฉันชื่อ,south,voice_2,voice_2,True
audio_data/south/voice_2/voice_2_aug_8.wav,3.093,16000,ฉานชื่อ,ฉันชื่อ,south,voice_2,voice_2,True
audio_data/south/voice_2/voice_2_aug_80.wav,3.093,16000,ฉานชื่อ,ฉันชื่อ,south,voice_2,voice_2,True
audio_data/south/voice_2/voice_2_aug_81.wav,3.093,16000,ฉานชื่อ,ฉันชื่อ,south,voice_2,voice_2,True
audio_data/south/voice_2/voice_2_aug_82.wav,3.093,16000,ฉานชื่อ,ฉันชื่อ,south,voice_2,voice_2,True
audio_data/south/voice_2/voice_2_aug_83.wav,3.093,16000,ฉานชื่อ,ฉันชื่อ,south,voice_2,voice_2,True
audio_data/south/voice_2/voice_2_aug_84.wav,3.093,16000,ฉานชื่อ,ฉันชื่อ,south,voice_2,voice_2,True
audio_data/south/voice_2/voice_2_aug_85.wav,3.093,16000,ฉานชื่อ,ฉันชื่อ,south,voice_2,voice_2,True
audio_data/south/voice_2/voice_2_aug_86.wav,3.093,16000,ฉานชื่อ,ฉันชื่อ,south,voice_2,voice_2,True
audio_data/south/voice_2/voice_2_aug_87.wav,3.093,16000,ฉานชื่อ,ฉันชื่อ,south,voice_2,voice_2,True
audio_data/south/voice_2/voice_2_aug_88.wav,3.093,16000,ฉานชื่อ,ฉันชื่อ,south,voice_2,voice_2,True
audio_data/south/voice_2/voice_2_aug_89.wav,3.093,16000,ฉานชื่อ,ฉันชื่อ,south,voice_2,voice_2,True
audio_data/south/voice_2/voice_2_aug_9.wav,3.093,16000,ฉานชื่อ,ฉันชื่อ,south,voice_2,voice_2,True
audio_data/south/voice_2/voice_2_aug_90.wav,3.093,16000,ฉานชื่อ,ฉันชื่อ,south,voice_2,voice_2,True
audio_data/south/voice_2/voice_2_aug_91.wav,3.093,16000,ฉานชื่อ,ฉันชื่อ,south,voice_2,voice_2,True
audio_data/south/voice_2/voice_2_aug_92.wav,3.093,16000,ฉานชื่อ,ฉันชื่อ,south,voice_2,voice_2,True
audio_data/south/voice_2/voice_2_aug_93.wav,3.093,16000,ฉานชื่อ,ฉันชื่อ,south,voice_2,voice_2,True
audio_data/south/voice_2/voice_2_aug_94.wav,3.093,16000,ฉานชื่อ,ฉันชื่อ,south,voice_2,voice_2,True
audio_data/south/voice_2/voice_2_aug_95.wav,3.093,16000,ฉานชื่อ,ฉันชื่อ,south,voice_2,voice_2,True
audio_data/south/voice_2/voice_2_aug_96.wav,3.093,16000,ฉานชื่อ,ฉันชื่อ,south,voice_2,voice_2,True
audio_data/south/voice_2/voice_2_aug_97.wav,3.093,16000,ฉานชื่อ,ฉันชื่อ,south,voice_2,voice_2,True
audio_data/south/voice_2/voice_2_aug_98.wav,3.093,16000,ฉานชื่อ,ฉันชื่อ,south,voice_2,voice_2,True
audio_data/south/voice_2/voice_2_aug_99.wav,3.093,16000,ฉานชื่อ,ฉันชื่อ,south,voice_2,voice_2,True
audio_data/south/voice_20/voice_20_1.wav,2.155,16000,แขบไปไหน,จะรีบไปไหน,south,voice_20,voice_20_1,False
audio_data/south/voice_20/voice_20_aug_1.wav,2.155,16000,แขบไปไหน,จะรีบไปไหน,south,voice_20,voice_20,True
audio_data/south/voice_20/voice_20_aug_10.wav,2.155,16000,แขบไปไหน,จะรีบไปไหน,south,voice_20,voice_20,True
audio_data/south/voice_20/voice_20_aug_100.wav,2.155,16000,แขบไปไหน,จะรีบไปไหน,south,voice_20,voice_20,True
audio_data/south/voice_20/voice_20_aug_11.wav,2.155,16000,แขบไปไหน,จะรีบไปไหน,south,voice_20,voice_20,True
audio_data/south/voice_20/voice_20_aug_12.wav,2.155,16000,แขบไปไหน,จะรีบไปไหน,south,voice_20,voice_20,True
audio_data/south/voice_20/voice_20_aug_13.wav,2.155,16000,แขบไปไหน,จะรีบไปไหน,south,voice_20,voice_20,True
audio_data/south/voice_20/voice_20_aug_14.wav,2.155,16000,แขบไปไหน,จะรีบไปไหน,south,voice_20,voice_20,True
audio_data/south/voice_20/voice_20_aug_15.wav,2.155,16000,แขบไปไหน,จะรีบไปไหน,south,voice_20,voice_20,True
audio_data/south/voice_20/voice_20_aug_16.wav,2.155,16000,แขบไปไหน,จะรีบไปไหน,south,voice_20,voice_20,True
audio_data/south/voice_20/voice_20_aug_17.wav,2.155,16000,แขบไปไหน,จะรีบไปไหน,south,voice_20,voice_20,True
audio_data/south/voice_20/voice_20_aug_18.wav,2.155,16000,แขบไปไหน,จะรีบไปไหน,south,voice_20,voice_20,True
audio_data/south/voice_20/voice_20_aug_19.wav,2.155,16000,แขบไปไหน,จะรีบไปไหน,south,voice_20,voice_20,True
audio_data/south/voice_20/voice_20_aug_2.wav,2.155,16000,แขบไปไหน,จะรีบไปไหน,south,voice_20,voice_20,True
audio_data/south/voice_20/voice_20_aug_20.wav,2.155,16000,แขบไปไหน,จะรีบไปไหน,south,voice_20,voice_20,True
audio_data/south/voice_20/voice_20_aug_21.wav,2.155,16000,แขบไปไหน,จะรีบไปไหน,south,voice_20,voice_20,True
audio_data/south/voice_20/voice_20_aug_22.wav,2.155,16000,แขบไปไหน,จะรีบไปไหน,south,voice_20,voice_20,True
audio_data/south/voice_20/voice_20_aug_23.wav,2.155,16000,แขบไปไหน,จะรีบไปไหน,south,voice_20,voice_20,True
audio_data/south/voice_20/voice_20_aug_24.wav,2.155,16000,แขบไปไหน,จะรีบไปไหน,south,voice_20,voice_20,True
audio_data/south/voice_20/voice_20_aug_25.wav,2.155,16000,แขบไปไหน,จะรีบไปไหน,south,voice_20,voice_20,True
audio_data/south/voice_20/voice_20_aug_26.wav,2.155,16000,แขบไปไหน,จะรีบไปไหน,south,voice_20,voice_20,True
audio_data/south/voice_20/voice_20_aug_27.wav,2.155,16000,แขบไปไหน,จะรีบไปไหน,south,voice_20,voice_20,True
audio_data/south/voice_20/voice_20_aug_28.wav,2.155,16000,แขบไปไหน,จะรีบไปไหน,south,voice_20,voice_20,True
audio_data/south/voice_20/voice_20_aug_29.wav,2.155,16000,แขบไปไหน,จะรีบไปไหน,south,voice_20,voice_20,True
audio_data/south/voice_20/voice_20_aug_3.wav,2.155,16000,แขบไปไหน,จะรีบไปไหน,south,voice_20,voice_20,True
audio_data/south/voice_20/voice_20_aug_30.wav,2.155,16000,แขบไปไหน,จะรีบไปไหน,south,voice_20,voice_20,True
audio_data/south/voice_20/voice_20_aug_31.wav,2.155,16000,แขบไปไหน,จะรีบไปไหน,south,voice_20,voice_20,True
audio_data/south/voice_20/voice_20_aug_32.wav,2.155,16000,แขบไปไหน,จะรีบไปไหน,south,voice_20,voice_20,True
audio_data/south/voice_20/voice_20_aug_33.wav,2.155,16000,แขบไปไหน,จะรีบไปไหน,south,voice_20,voice_20,True
audio_data/south/voice_20/voice_20_aug_34.wav,2.155,16000,แขบไปไหน,จะรีบไปไหน,south,voice_20,voice_20,True
audio_data/south/voice_20/voice_20_aug_35.wav,2.155,16000,แขบไปไหน,จะรีบไปไหน,south,voice_20,voice_20,True
audio_data/south/voice_20/voice_20_aug_36.wav,2.155,16000,แขบไปไหน,จะรีบไปไหน,south,voice_20,voice_20,True
audio_data/south/voice_20/voice_20_aug_37.wav,2.155,16000,แขบไปไหน,จะรีบไปไหน,south,voice_20,voice_20,True
audio_data/south/voice_20/voice_20_aug_38.wav,2.155,16000,แขบไปไหน,จะรีบไปไหน,south,voice_20,voice_20,True
audio_data/south/voice_20/voice_20_aug_39.wav,2.155,16000,แขบไปไหน,จะรีบไปไหน,south,voice_20,voice_20,True
audio_data/south/voice_20/voice_20_aug_4.wav,2.155,16000,แขบไปไหน,จะรีบไปไหน,south,voice_20,voice_20,True
audio_data/south/voice_20/voice_20_aug_40.wav,2.155,16000,แขบไปไหน,จะรีบไปไหน,south,voice_20,voice_20,True
audio_data/south/voice_20/voice_20_aug_41.wav,2.155,16000,แขบไปไหน,จะรีบไปไหน,south,voice_20,voice_20,True
audio_data/south/voice_20/voice_20_aug_42.wav,2.155,16000,แขบไปไหน,จะรีบไปไหน,south,voice_20,voice_20,True
audio_data/south/voice_20/voice_20_aug_43.wav,2.155,16000,แขบไปไหน,จะรีบไปไหน,south,voice_20,voice_20,True
audio_data/south/voice_20/voice_20_aug_44.wav,2.155,16000,แขบไปไหน,จะรีบไปไหน,south,voice_20,voice_20,True
audio_data/south/voice_20/voice_20_aug_45.wav,2.155,16000,แขบไปไหน,จะรีบไปไหน,south,voice_20,voice_20,True
audio_data/south/voice_20/voice_20_aug_46.wav,2.155,16000,แขบไปไหน,จะรีบไปไหน,south,voice_20,voice_20,True
audio_data/south/voice_20/voice_20_aug_47.wav,2.155,16000,แขบไปไหน,จะรีบไปไหน,south,voice_20,voice_20,True
audio_data/south/voice_20/voice_20_aug_48.wav,2.155,16000,แขบไปไหน,จะรีบไปไหน,south,voice_20,voice_20,True
audio_data/south/voice_20/voice_20_aug_49.wav,2.155,16000,แขบไปไหน,จะรีบไปไหน,south,voice_20,voice_20,True
audio_data/south/voice_20/voice_20_aug_5.wav,2.155,16000,แขบไปไหน,จะรีบไปไหน,south,voice_20,voice_20,True
audio_data/south/voice_20/voice_20_aug_50.wav,2.155,16000,แขบไปไหน,จะรีบไปไหน,south,voice_20,voice_20,True
audio_data/south/voice_20/voice_20_aug_51.wav,2.155,16000,แขบไปไหน,จะรีบไปไหน,south,voice_20,voice_20,True
audio_data/south/voice_20/voice_20_aug_52.wav,2.155,16000,แขบไปไหน,จะรีบไปไหน,south,voice_20,voice_20,True
audio_data/south/voice_20/voice_20_aug_53.wav,2.155,16000,แขบไปไหน,จะรีบไปไหน,south,voice_20,voice_20,True
audio_data/south/voice_20/voice_20_aug_54.wav,2.155,16000,แขบไปไหน,จะรีบไปไหน,south,voice_20,voice_20,True
audio_data/south/voice_20/voice_20_aug_55.wav,2.155,16000,แขบไปไหน,จะรีบไปไหน,south,voice_20,voice_20,True
audio_data/south/voice_20/voice_20_aug_56.wav,2.155,16000,แขบไปไหน,จะรีบไปไหน,south,voice_20,voice_20,True
audio_data/south/voice_20/voice_20_aug_57.wav,2.155,16000,แขบไปไหน,จะรีบไปไหน,south,voice_20,voice_20,True
audio_data/south/voice_20/voice_20_aug_58.wav,2.155,16000,แขบไปไหน,จะรีบไปไหน,south,voice_20,voice_20,True
audio_data/south/voice_20/voice_20_aug_59.wav,2.155,16000,แขบไปไหน,จะรีบไปไหน,south,voice_20,voice_20,True
audio_data/south/voice_20/voice_20_aug_6.wav,2.155,16000,แขบไปไหน,จะรีบไปไหน,south,voice_20,voice_20,True
audio_data/south/voice_20/voice_20_aug_60.wav,2.155,16000,แขบไปไหน,จะรีบไปไหน,south,voice_20,voice_20,True
audio_data/south/voice_20/voice_20_aug_61.wav,2.155,16000,แขบไปไหน,จะรีบไปไหน,south,voice_20,voice_20,True
audio_data/south/voice_20/voice_20_aug_62.wav,2.155,16000,แขบไปไหน,จะรีบไปไหน,south,voice_20,voice_20,True
audio_data/south/voice_20/voice_20_aug_63.wav,2.155,16000,แขบไปไหน,จะรีบไปไหน,south,voice_20,voice_20,True
audio_data/south/voice_20/voice_20_aug_64.wav,2.155,16000,แขบไปไหน,จะรีบไปไหน,south,voice_20,voice_20,True
audio_data/south/voice_20/voice_20_aug_65.wav,2.155,16000,แขบไปไหน,จะรีบไปไหน,south,voice_20,voice_20,True
audio_data/south/voice_20/voice_20_aug_66.wav,2.155,16000,แขบไปไหน,จะรีบไปไหน,south,voice_20,voice_20,True
audio_data/south/voice_20/voice_20_aug_67.wav,2.155,16000,แขบไปไหน,จะรีบไปไหน,south,voice_20,voice_20,True
audio_data/south/voice_20/voice_20_aug_68.wav,2.155,16000,แขบไปไหน,จะรีบไปไหน,south,voice_20,voice_20,True
audio_data/south/voice_20/voice_20_aug_69.wav,2.155,16000,แขบไปไหน,จะรีบไปไหน,south,voice_20,voice_20,True
audio_data/south/voice_20/voice_20_aug_7.wav,2.155,16000,แขบไปไหน,จะรีบไปไหน,south,voice_20,voice_20,True
audio_data/south/voice_20/voice_20_aug_70.wav,2.155,16000,แขบไปไหน,จะรีบไปไหน,south,voice_20,voice_20,True
audio_data/south/voice_20/voice_20_aug_71.wav,2.155,16000,แขบไปไหน,จะรีบไปไหน,south,voice_20,voice_20,True
audio_data/south/voice_20/voice_20_aug_72.wav,2.155,16000,แขบไปไหน,จะรีบไปไหน,south,voice_20,voice_20,True
audio_data/south/voice_20/voice_20_aug_73.wav,2.155,16000,แขบไปไหน,จะรีบไปไหน,south,voice_20,voice_20,True
audio_data/south/voice_20/voice_20_aug_74.wav,2.155,16000,แขบไปไหน,จะรีบไปไหน,south,voice_20,voice_20,True
audio_data/south/voice_20/voice_20_aug_75.wav,2.155,16000,แขบไปไหน,จะรีบไปไหน,south,voice_20,voice_20,True
audio_data/south/voice_20/voice_20_aug_76.wav,2.155,16000,แขบไปไหน,จะรีบไปไหน,south,voice_20,voice_20,True
audio_data/south/voice_20/voice_20_aug_77.wav,2.155,16000,แขบไปไหน,จะรีบไปไหน,south,voice_20,voice_20,True
audio_data/south/voice_20/voice_20_aug_78.wav,2.155,16000,แขบไปไหน,จะรีบไปไหน,south,voice_20,voice_20,True
audio_data/south/voice_20/voice_20_aug_79.wav,2.155,16000,แขบไปไหน,จะรีบไปไหน,south,voice_20,voice_20,True
audio_data/south/voice_20/voice_20_aug_8.wav,2.155,16000,แขบไปไหน,จะรีบไปไหน,south,voice_20,voice_20,True
audio_data/south/voice_20/voice_20_aug_80.wav,2.155,16000,แขบไปไหน,จะรีบไปไหน,south,voice_20,voice_20,True
audio_data/south/voice_20/voice_20_aug_81.wav,2.155,16000,แขบไปไหน,จะรีบไปไหน,south,voice_20,voice_20,True
audio_data/south/voice_20/voice_20_aug_82.wav,2.155,16000,แขบไปไหน,จะรีบไปไหน,south,voice_20,voice_20,True
audio_data/south/voice_20/voice_20_aug_83.wav,2.155,16000,แขบไปไหน,จะรีบไปไหน,south,voice_20,voice_20,True
audio_data/south/voice_20/voice_20_aug_84.wav,2.155,16000,แขบไปไหน,จะรีบไปไหน,south,voice_20,voice_20,True
audio_data/south/voice_20/voice_20_aug_85.wav,2.155,16000,แขบไปไหน,จะรีบไปไหน,south,voice_20,voice_20,True
audio_data/south/voice_20/voice_20_aug_86.wav,2.155,16000,แขบไปไหน,จะรีบไปไหน,south,voice_20,voice_20,True
audio_data/south/voice_20/voice_20_aug_87.wav,2.155,16000,แขบไปไหน,จะรีบไปไหน,south,voice_20,voice_20,True
audio_data/south/voice_20/voice_20_aug_88.wav,2.155,16000,แขบไปไหน,จะรีบไปไหน,south,voice_20,voice_20,True
audio_data/south/voice_20/voice_20_aug_89.wav,2.155,16000,แขบไปไหน,จะรีบไปไหน,south,voice_20,voice_20,True
audio_data/south/voice_20/voice_20_aug_9.wav,2.155,16000,แขบไปไหน,จะรีบไปไหน,south,voice_20,voice_20,True
audio_data/south/voice_20/voice_20_aug_90.wav,2.155,16000,แขบไปไหน,จะรีบไปไหน,south,voice_20,voice_20,True
audio_data/south/voice_20/voice_20_aug_91.wav,2.155,16000,แขบไปไหน,จะรีบไปไหน,south,voice_20,voice_20,True
audio_data/south/voice_20/voice_20_aug_92.wav,2.155,16000,แขบไปไหน,จะรีบไปไหน,south,voice_20,voice_20,True
audio_data/south/voice_20/voice_20_aug_93.wav,2.155,16000,แขบไปไหน,จะรีบไปไหน,south,voice_20,voice_20,True
audio_data/south/voice_20/voice_20_aug_94.wav,2.155,16000,แขบไปไหน,จะรีบไปไหน,south,voice_20,voice_20,True
audio_data/south/voice_20/voice_20_aug_95.wav,2.155,16000,แขบไปไหน,จะรีบไปไหน,south,voice_20,voice_20,True
audio_data/south/voice_20/voice_20_aug_96.wav,2.155,16000,แขบไปไหน,จะรีบไปไหน,south,voice_20,voice_20,True
audio_data/south/voice_20/voice_20_aug_97.wav,2.155,16000,แขบไปไหน,จะรีบไปไหน,south,voice_20,voice_20,True
audio_data/south/voice_20/voice_20_aug_98.wav,2.155,16000,แขบไปไหน,จะรีบไปไหน,south,voice_20,voice_20,True
audio_data/south/voice_20/voice_20_aug_99.wav,2.155,16000,แขบไปไหน,จะรีบไปไหน,south,voice_20,voice_20,True
audio_data/south/voice_21/voice_21_1.wav,2.304,16000,แม่ค้ามีผั๊กเหน๊าะหม้าย,แม่ค้ามีผักแกล้มไหม,south,voice_21,voice_21_1,False
audio_data/south/voice_21/voice_21_aug_1.wav,2.304,16000,แม่ค้ามีผั๊กเหน๊าะหม้าย,แม่ค้ามีผักแกล้มไหม,south,voice_21,voice_21,True
audio_data/south/voice_21/voice_21_aug_10.wav,2.304,16000,แม่ค้ามีผั๊กเหน๊าะหม้าย,แม่ค้ามีผักแกล้มไหม,south,voice_21,voice_21,True
audio_data/south/voice_21/voice_21_aug_100.wav,2.304,16000,แม่ค้ามีผั๊กเหน๊าะหม้าย,แม่ค้ามีผักแกล้มไหม,south,voice_21,voice_21,True
audio_data/south/voice_21/voice_21_aug_11.wav,2.304,16000,แม่ค้ามีผั๊กเหน๊าะหม้าย,แม่ค้ามีผักแกล้มไหม,south,voice_21,voice_21,True
audio_data/south/voice_21/voice_21_aug_12.wav,2.304,16000,แม่ค้ามีผั๊กเหน๊าะหม้าย,แม่ค้ามีผักแกล้มไหม,south,voice_21,voice_21,True
audio_data/south/voice_21/voice_21_aug_13.wav,2.304,16000,แม่ค้ามีผั๊กเหน๊าะหม้าย,แม่ค้ามีผักแกล้มไหม,south,voice_21,voice_21,True
audio_data/south/voice_21/voice_21_aug_14.wav,2.304,16000,แม่ค้ามีผั๊กเหน๊าะหม้าย,แม่ค้ามีผักแกล้มไหม,south,voice_21,voice_21,True
audio_data/south/voice_21/voice_21_aug_15.wav,2.304,16000,แม่ค้ามีผั๊กเหน๊าะหม้าย,แม่ค้ามีผักแกล้มไหม,south,voice_21,voice_21,True
audio_data/south/voice_21/voice_21_aug_16.wav,2.304,16000,แม่ค้ามีผั๊กเหน๊าะหม้าย,แม่ค้ามีผักแกล้มไหม,south,voice_21,voice_21,True
audio_data/south/voice_21/voice_21_aug_17.wav,2.304,16000,แม่ค้ามีผั๊กเหน๊าะหม้าย,แม่ค้ามีผักแกล้มไหม,south,voice_21,voice_21,True
audio_data/south/voice_21/voice_21_aug_18.wav,2.304,16000,แม่ค้ามีผั๊กเหน๊าะหม้าย,แม่ค้ามีผักแกล้มไหม,south,voice_21,voice_21,True
audio_data/south/voice_21/voice_21_aug_19.wav,2.304,16000,แม่ค้ามีผั๊กเหน๊าะหม้าย,แม่ค้ามีผักแกล้มไหม,south,voice_21,voice_21,True
audio_data/south/voice_21/voice_21_aug_2.wav,2.304,16000,แม่ค้ามีผั๊กเหน๊าะหม้าย,แม่ค้ามีผักแกล้มไหม,south,voice_21,voice_21,True
audio_data/south/voice_21/voice_21_aug_20.wav,2.304,16000,แม่ค้ามีผั๊กเหน๊าะหม้าย,แม่ค้ามีผักแกล้มไหม,south,voice_21,voice_21,True
audio_data/south/voice_21/voice_21_aug_21.wav,2.304,16000,แม่ค้ามีผั๊กเหน๊าะหม้าย,แม่ค้ามีผักแกล้มไหม,south,voice_21,voice_21,True
audio_data/south/voice_21/voice_21_aug_22.wav,2.304,16000,แม่ค้ามีผั๊กเหน๊าะหม้าย,แม่ค้ามีผักแกล้มไหม,south,voice_21,voice_21,True
audio_data/south/voice_21/voice_21_aug_23.wav,2.304,16000,แม่ค้ามีผั๊กเหน๊าะหม้าย,แม่ค้ามีผักแกล้มไหม,south,voice_21,voice_21,True
audio_data/south/voice_21/voice_21_aug_24.wav,2.304,16000,แม่ค้ามีผั๊กเหน๊าะหม้าย,แม่ค้ามีผักแกล้มไหม,south,voice_21,voice_21,True
audio_data/south/voice_21/voice_21_aug_25.wav,2.304,16000,แม่ค้ามีผั๊กเหน๊าะหม้าย,แม่ค้ามีผักแกล้มไหม,south,voice_21,voice_21,True
audio_data/south/voice_21/voice_21_aug_26.wav,2.304,16000,แม่ค้ามีผั๊กเหน๊าะหม้าย,แม่ค้ามีผักแกล้มไหม,south,voice_21,voice_21,True
audio_data/south/voice_21/voice_21_aug_27.wav,2.304,16000,แม่ค้ามีผั๊กเหน๊าะหม้าย,แม่ค้ามีผักแกล้มไหม,south,voice_21,voice_21,True
audio_data/south/voice_21/voice_21_aug_28.wav,2.304,16000,แม่ค้ามีผั๊กเหน๊าะหม้าย,แม่ค้ามีผักแกล้มไหม,south,voice_21,voice_21,True
audio_data/south/voice_21/voice_21_aug_29.wav,2.304,16000,แม่ค้ามีผั๊กเหน๊าะหม้าย,แม่ค้ามีผักแกล้มไหม,south,voice_21,voice_21,True
audio_data/south/voice_21/voice_21_aug_3.wav,2.304,16000,แม่ค้ามีผั๊กเหน๊าะหม้าย,แม่ค้ามีผักแกล้มไหม,south,voice_21,voice_21,True
audio_data/south/voice_21/voice_21_aug_30.wav,2.304,16000,แม่ค้ามีผั๊กเหน๊าะหม้าย,แม่ค้ามีผักแกล้มไหม,south,voice_21,voice_21,True
audio_data/south/voice_21/voice_21_aug_31.wav,2.304,16000,แม่ค้ามีผั๊กเหน๊าะหม้าย,แม่ค้ามีผักแกล้มไหม,south,voice_21,voice_21,True
audio_data/south/voice_21/voice_21_aug_32.wav,2.304,16000,แม่ค้ามีผั๊กเหน๊าะหม้าย,แม่ค้ามีผักแกล้มไหม,south,voice_21,voice_21,True
audio_data/south/voice_21/voice_21_aug_33.wav,2.304,16000,แม่ค้ามีผั๊กเหน๊าะหม้าย,แม่ค้ามีผักแกล้มไหม,south,voice_21,voice_21,True
audio_data/south/voice_21/voice_21_aug_34.wav,2.304,16000,แม่ค้ามีผั๊กเหน๊าะหม้าย,แม่ค้ามีผักแกล้มไหม,south,voice_21,voice_21,True
audio_data/south/voice_21/voice_21_aug_35.wav,2.304,16000,แม่ค้ามีผั๊กเหน๊าะหม้าย,แม่ค้ามีผักแกล้มไหม,south,voice_21,voice_21,True
audio_data/south/voice_21/voice_21_aug_36.wav,2.304,16000,แม่ค้ามีผั๊กเหน๊าะหม้าย,แม่ค้ามีผักแกล้มไหม,south,voice_21,voice_21,True
audio_data/south/voice_21/voice_21_aug_37.wav,2.304,16000,แม่ค้ามีผั๊กเหน๊าะหม้าย,แม่ค้ามีผักแกล้มไหม,south,voice_21,voice_21,True
audio_data/south/voice_21/voice_21_aug_38.wav,2.304,16000,แม่ค้ามีผั๊กเหน๊าะหม้าย,แม่ค้ามีผักแกล้มไหม,south,voice_21,voice_21,True
audio_data/south/voice_21/voice_21_aug_39.wav,2.304,16000,แม่ค้ามีผั๊กเหน๊าะหม้าย,แม่ค้ามีผักแกล้มไหม,south,voice_21,voice_21,True
audio_data/south/voice_21/voice_21_aug_4.wav,2.304,16000,แม่ค้ามีผั๊กเหน๊าะหม้าย,แม่ค้ามีผักแกล้มไหม,south,voice_21,voice_21,True
audio_data/south/voice_21/voice_21_aug_40.wav,2.304,16000,แม่ค้ามีผั๊กเหน๊าะหม้าย,แม่ค้ามีผักแกล้มไหม,south,voice_21,voice_21,True
audio_data/south/voice_21/voice_21_aug_41.wav,2.304,16000,แม่ค้ามีผั๊กเหน๊าะหม้าย,แม่ค้ามีผักแกล้มไหม,south,voice_21,voice_21,True
audio_data/south/voice_21/voice_21_aug_42.wav,2.304,16000,แม่ค้ามีผั๊กเหน๊าะหม้าย,แม่ค้ามีผักแกล้มไหม,south,voice_21,voice_21,True
audio_data/south/voice_21/voice_21_aug_43.wav,2.304,16000,แม่ค้ามีผั๊กเหน๊าะหม้าย,แม่ค้ามีผักแกล้มไหม,south,voice_21,voice_21,True
audio_data/south/voice_21/voice_21_aug_44.wav,2.304,16000,แม่ค้ามีผั๊กเหน๊าะหม้าย,แม่ค้ามีผักแกล้มไหม,south,voice_21,voice_21,True
audio_data/south/voice_21/voice_21_aug_45.wav,2.304,16000,แม่ค้ามีผั๊กเหน๊าะหม้าย,แม่ค้ามีผักแกล้มไหม,south,voice_21,voice_21,True
audio_data/south/voice_21/voice_21_aug_46.wav,2.304,16000,แม่ค้ามีผั๊กเหน๊าะหม้าย,แม่ค้ามีผักแกล้มไหม,south,voice_21,voice_21,True
audio_data/south/voice_21/voice_21_aug_47.wav,2.304,16000,แม่ค้ามีผั๊กเหน๊าะหม้าย,แม่ค้ามีผักแกล้มไหม,south,voice_21,voice_21,True
audio_data/south/voice_21/voice_21_aug_48.wav,2.304,16000,แม่ค้ามีผั๊กเหน๊าะหม้าย,แม่ค้ามีผักแกล้มไหม,south,voice_21,voice_21,True
audio_data/south/voice_21/voice_21_aug_49.wav,2.304,16000,แม่ค้ามีผั๊กเหน๊าะหม้าย,แม่ค้ามีผักแกล้มไหม,south,voice_21,voice_21,True
audio_data/south/voice_21/voice_21_aug_5.wav,2.304,16000,แม่ค้ามีผั๊กเหน๊าะหม้าย,แม่ค้ามีผักแกล้มไหม,south,voice_21,voice_21,True
audio_data/south/voice_21/voice_21_aug_50.wav,2.304,16000,แม่ค้ามีผั๊กเหน๊าะหม้าย,แม่ค้ามีผักแกล้มไหม,south,voice_21,voice_21,True
audio_data/south/voice_21/voice_21_aug_51.wav,2.304,16000,แม่ค้ามีผั๊กเหน๊าะหม้าย,แม่ค้ามีผักแกล้มไหม,south,voice_21,voice_21,True
audio_data/south/voice_21/voice_21_aug_52.wav,2.304,16000,แม่ค้ามีผั๊กเหน๊าะหม้าย,แม่ค้ามีผักแกล้มไหม,south,voice_21,voice_21,True
audio_data/south/voice_21/voice_21_aug_53.wav,2.304,16000,แม่ค้ามีผั๊กเหน๊าะหม้าย,แม่ค้ามีผักแกล้มไหม,south,voice_21,voice_21,True
audio_data/south/voice_21/voice_21_aug_54.wav,2.304,16000,แม่ค้ามีผั๊กเหน๊าะหม้าย,แม่ค้ามีผักแกล้มไหม,south,voice_21,voice_21,True
audio_data/south/voice_21/voice_21_aug_55.wav,2.304,16000,แม่ค้ามีผั๊กเหน๊าะหม้าย,แม่ค้ามีผักแกล้มไหม,south,voice_21,voice_21,True
audio_data/south/voice_21/voice_21_aug_56.wav,2.304,16000,แม่ค้ามีผั๊กเหน๊าะหม้าย,แม่ค้ามีผักแกล้มไหม,south,voice_21,voice_21,True
audio_data/south/voice_21/voice_21_aug_57.wav,2.304,16000,แม่ค้ามีผั๊กเหน๊าะหม้าย,แม่ค้ามีผักแกล้มไหม,south,voice_21,voice_21,True
audio_data/south/voice_21/voice_21_aug_58.wav,2.304,16000,แม่ค้ามีผั๊กเหน๊าะหม้าย,แม่ค้ามีผักแกล้มไหม,south,voice_21,voice_21,True
audio_data/south/voice_21/voice_21_aug_59.wav,2.304,16000,แม่ค้ามีผั๊กเหน๊าะหม้าย,แม่ค้ามีผักแกล้มไหม,south,voice_21,voice_21,True
audio_data/south/voice_21/voice_21_aug_6.wav,2.304,16000,แม่ค้ามีผั๊กเหน๊าะหม้าย,แม่ค้ามีผักแกล้มไหม,south,voice_21,voice_21,True
audio_data/south/voice_21/voice_21_aug_60.wav,2.304,16000,แม่ค้ามีผั๊กเหน๊าะหม้าย,แม่ค้ามีผักแกล้มไหม,south,voice_21,voice_21,True
audio_data/south/voice_21/voice_21_aug_61.wav,2.304,16000,แม่ค้ามีผั๊กเหน๊าะหม้าย,แม่ค้ามีผักแกล้มไหม,south,voice_21,voice_21,True
audio_data/south/voice_21/voice_21_aug_62.wav,2.304,16000,แม่ค้ามีผั๊กเหน๊าะหม้าย,แม่ค้ามีผักแกล้มไหม,south,voice_21,voice_21,True
audio_data/south/voice_21/voice_21_aug_63.wav,2.304,16000,แม่ค้ามีผั๊กเหน๊าะหม้าย,แม่ค้ามีผักแกล้มไหม,south,voice_21,voice_21,True
audio_data/south/voice_21/voice_21_aug_64.wav,2.304,16000,แม่ค้ามีผั๊กเหน๊าะหม้าย,แม่ค้ามีผักแกล้มไหม,south,voice_21,voice_21,True
audio_data/south/voice_21/voice_21_aug_65.wav,2.304,16000,แม่ค้ามีผั๊กเหน๊าะหม้าย,แม่ค้ามีผักแกล้มไหม,south,voice_21,voice_21,True
audio_data/south/voice_21/voice_21_aug_66.wav,2.304,16000,แม่ค้ามีผั๊กเหน๊าะหม้าย,แม่ค้ามีผักแกล้มไหม,south,voice_21,voice_21,True
audio_data/south/voice_21/voice_21_aug_67.wav,2.304,16000,แม่ค้ามีผั๊กเหน๊าะหม้าย,แม่ค้ามีผักแกล้มไหม,south,voice_21,voice_21,True
audio_data/south/voice_21/voice_21_aug_68.wav,2.304,16000,แม่ค้ามีผั๊กเหน๊าะหม้าย,แม่ค้ามีผักแกล้มไหม,south,voice_21,voice_21,True
audio_data/south/voice_21/voice_21_aug_69.wav,2.304,16000,แม่ค้ามีผั๊กเหน๊าะหม้าย,แม่ค้ามีผักแกล้มไหม,south,voice_21,voice_21,True
audio_data/south/voice_21/voice_21_aug_7.wav,2.304,16000,แม่ค้ามีผั๊กเหน๊าะหม้าย,แม่ค้ามีผักแกล้มไหม,south,voice_21,voice_21,True
audio_data/south/voice_21/voice_21_aug_70.wav,2.304,16000,แม่ค้ามีผั๊กเหน๊าะหม้าย,แม่ค้ามีผักแกล้มไหม,south,voice_21,voice_21,True
audio_data/south/voice_21/voice_21_aug_71.wav,2.304,16000,แม่ค้ามีผั๊กเหน๊าะหม้าย,แม่ค้ามีผักแกล้มไหม,south,voice_21,voice_21,True
audio_data/south/voice_21/voice_21_aug_72.wav,2.304,16000,แม่ค้ามีผั๊กเหน๊าะหม้าย,แม่ค้ามีผักแกล้มไหม,south,voice_21,voice_21,True
audio_data/south/voice_21/voice_21_aug_73.wav,2.304,16000,แม่ค้ามีผั๊กเหน๊าะหม้าย,แม่ค้ามีผักแกล้มไหม,south,voice_21,voice_21,True
audio_data/south/voice_21/voice_21_aug_74.wav,2.304,16000,แม่ค้ามีผั๊กเหน๊าะหม้าย,แม่ค้ามีผักแกล้มไหม,south,voice_21,voice_21,True
audio_data/south/voice_21/voice_21_aug_75.wav,2.304,16000,แม่ค้ามีผั๊กเหน๊าะหม้าย,แม่ค้ามีผักแกล้มไหม,south,voice_21,voice_21,True
audio_data/south/voice_21/voice_21_aug_76.wav,2.304,16000,แม่ค้ามีผั๊กเหน๊าะหม้าย,แม่ค้ามีผักแกล้มไหม,south,voice_21,voice_21,True
audio_data/south/voice_21/voice_21_aug_77.wav,2.304,16000,แม่ค้ามีผั๊กเหน๊าะหม้าย,แม่ค้ามีผักแกล้มไหม,south,voice_21,voice_21,True
audio_data/south/voice_21/voice_21_aug_78.wav,2.304,16000,แม่ค้ามีผั๊กเหน๊าะหม้าย,แม่ค้ามีผักแกล้มไหม,south,voice_21,voice_21,True
audio_data/south/voice_21/voice_21_aug_79.wav,2.304,16000,แม่ค้ามีผั๊กเหน๊าะหม้าย,แม่ค้ามีผักแกล้มไหม,south,voice_21,voice_21,True
audio_data/south/voice_21/voice_21_aug_8.wav,2.304,16000,แม่ค้ามีผั๊กเหน๊าะหม้าย,แม่ค้ามีผักแกล้มไหม,south,voice_21,voice_21,True
audio_data/south/voice_21/voice_21_aug_80.wav,2.304,16000,แม่ค้ามีผั๊กเหน๊าะหม้าย,แม่ค้ามีผักแกล้มไหม,south,voice_21,voice_21,True
audio_data/south/voice_21/voice_21_aug_81.wav,2.304,16000,แม่ค้ามีผั๊กเหน๊าะหม้าย,แม่ค้ามีผักแกล้มไหม,south,voice_21,voice_21,True
audio_data/south/voice_21/voice_21_aug_82.wav,2.304,16000,แม่ค้ามีผั๊กเหน๊าะหม้าย,แม่ค้ามีผักแกล้มไหม,south,voice_21,voice_21,True
audio_data/south/voice_21/voice_21_aug_83.wav,2.304,16000,แม่ค้ามีผั๊กเหน๊าะหม้าย,แม่ค้ามีผักแกล้มไหม,south,voice_21,voice_21,True
audio_data/south/voice_21/voice_21_aug_84.wav,2.304,16000,แม่ค้ามีผั๊กเหน๊าะหม้าย,แม่ค้ามีผักแกล้มไหม,south,voice_21,voice_21,True
audio_data/south/voice_21/voice_21_aug_85.wav,2.304,16000,แม่ค้ามีผั๊กเหน๊าะหม้าย,แม่ค้ามีผักแกล้มไหม,south,voice_21,voice_21,True
audio_data/south/voice_21/voice_21_aug_86.wav,2.304,16000,แม่ค้ามีผั๊กเหน๊าะหม้าย,แม่ค้ามีผักแกล้มไหม,south,voice_21,voice_21,True
audio_data/south/voice_21/voice_21_aug_87.wav,2.304,16000,แม่ค้ามีผั๊กเหน๊าะหม้าย,แม่ค้ามีผักแกล้มไหม,south,voice_21,voice_21,True
audio_data/south/voice_21/voice_21_aug_88.wav,2.304,16000,แม่ค้ามีผั๊กเหน๊าะหม้าย,แม่ค้ามีผักแกล้มไหม,south,voice_21,voice_21,True
audio_data/south/voice_21/voice_21_aug_89.wav,2.304,16000,แม่ค้ามีผั๊กเหน๊าะหม้าย,แม่ค้ามีผักแกล้มไหม,south,voice_21,voice_21,True
audio_data/south/voice_21/voice_21_aug_9.wav,2.304,16000,แม่ค้ามีผั๊กเหน๊าะหม้าย,แม่ค้ามีผักแกล้มไหม,south,voice_21,voice_21,True
audio_data/south/voice_21/voice_21_aug_90.wav,2.304,16000,แม่ค้ามีผั๊กเหน๊าะหม้าย,แม่ค้ามีผักแกล้มไหม,south,voice_21,voice_21,True
audio_data/south/voice_21/voice_21_aug_91.wav,2.304,16000,แม่ค้ามีผั๊กเหน๊าะหม้าย,แม่ค้ามีผักแกล้มไหม,south,voice_21,voice_21,True
audio_data/south/voice_21/voice_21_aug_92.wav,2.304,16000,แม่ค้ามีผั๊กเหน๊าะหม้าย,แม่ค้ามีผักแกล้มไหม,south,voice_21,voice_21,True
audio_data/south/voice_21/voice_21_aug_93.wav,2.304,16000,แม่ค้ามีผั๊กเหน๊าะหม้าย,แม่ค้ามีผักแกล้มไหม,south,voice_21,voice_21,True
audio_data/south/voice_21/voice_21_aug_94.wav,2.304,16000,แม่ค้ามีผั๊กเหน๊าะหม้าย,แม่ค้ามีผักแกล้มไหม,south,voice_21,voice_21,True
audio_data/south/voice_21/voice_21_aug_95.wav,2.304,16000,แม่ค้ามีผั๊กเหน๊าะหม้าย,แม่ค้ามีผักแกล้มไหม,south,voice_21,voice_21,True
audio_data/south/voice_21/voice_21_aug_96.wav,2.304,16000,แม่ค้ามีผั๊กเหน๊าะหม้าย,แม่ค้ามีผักแกล้มไหม,south,voice_21,voice_21,True
audio_data/south/voice_21/voice_21_aug_97.wav,2.304,16000,แม่ค้ามีผั๊กเหน๊าะหม้าย,แม่ค้ามีผักแกล้มไหม,south,voice_21,voice_21,True
audio_data/south/voice_21/voice_21_aug_98.wav,2.304,16000,แม่ค้ามีผั๊กเหน๊าะหม้าย,แม่ค้ามีผักแกล้มไหม,south,voice_21,voice_21,True
audio_data/south/voice_21/voice_21_aug_99.wav,2.304,16000,แม่ค้ามีผั๊กเหน๊าะหม้าย,แม่ค้ามีผักแกล้มไหม,south,voice_21,voice_21,True
audio_data/south/voice_22/voice_22_1.wav,3.84,16000,วันนี้แม่ทำใบเหลีบงตมเถให้กิน,วันนี้แม่ทำใบเหลียงต้มกะทิให้กิน,south,voice_22,voice_22_1,False
audio_data/south/voice_22/voice_22_aug_1.wav,3.84,16000,วันนี้แม่ทำใบเหลีบงตมเถให้กิน,วันนี้แม่ทำใบเหลียงต้มกะทิให้กิน,south,voice_22,voice_22,True
audio_data/south/voice_22/voice_22_aug_10.wav,3.84,16000,วันนี้แม่ทำใบเหลีบงตมเถให้กิน,วันนี้แม่ทำใบเหลียงต้มกะทิให้กิน,south,voice_22,voice_22,True
audio_data/south/voice_22/voice_22_aug_100.wav,3.84,16000,วันนี้แม่ทำใบเหลีบงตมเถให้กิน,วันนี้แม่ทำใบเหลียงต้มกะทิให้กิน,south,voice_22,voice_22,True
audio_data/south/voice_22/voice_22_aug_11.wav,3.84,16000,วันนี้แม่ทำใบเหลีบงตมเถให้กิน,วันนี้แม่ทำใบเหลียงต้มกะทิให้กิน,south,voice_22,voice_22,True
audio_data/south/voice_22/voice_22_aug_12.wav,3.84,16000,วันนี้แม่ทำใบเหลีบงตมเถให้กิน,วันนี้แม่ทำใบเหลียงต้มกะทิให้กิน,south,voice_22,voice_22,True
audio_data/south/voice_22/voice_22_aug_13.wav,3.84,16000,วันนี้แม่ทำใบเหลีบงตมเถให้กิน,วันนี้แม่ทำใบเหลียงต้มกะทิให้กิน,south,voice_22,voice_22,True
audio_data/south/voice_22/voice_22_aug_14.wav,3.84,16000,วันนี้แม่ทำใบเหลีบงตมเถให้กิน,วันนี้แม่ทำใบเหลียงต้มกะทิให้กิน,south,voice_22,voice_22,True
audio_data/south/voice_22/voice_22_aug_15.wav,3.84,16000,วันนี้แม่ทำใบเหลีบงตมเถให้กิน,วันนี้แม่ทำใบเหลียงต้มกะทิให้กิน,south,voice_22,voice_22,True
audio_data/south/voice_22/voice_22_aug_16.wav,3.84,16000,วันนี้แม่ทำใบเหลีบงตมเถให้กิน,วันนี้แม่ทำใบเหลียงต้มกะทิให้กิน,south,voice_22,voice_22,True
audio_data/south/voice_22/voice_22_aug_17.wav,3.84,16000,วันนี้แม่ทำใบเหลีบงตมเถให้กิน,วันนี้แม่ทำใบเหลียงต้มกะทิให้กิน,south,voice_22,voice_22,True
audio_data/south/voice_22/voice_22_aug_18.wav,3.84,16000,วันนี้แม่ทำใบเหลีบงตมเถให้กิน,วันนี้แม่ทำใบเหลียงต้มกะทิให้กิน,south,voice_22,voice_22,True
audio_data/south/voice_22/voice_22_aug_19.wav,3.84,16000,วันนี้แม่ทำใบเหลีบงตมเถให้กิน,วันนี้แม่ทำใบเหลียงต้มกะทิให้กิน,south,voice_22,voice_22,True
audio_data/south/voice_22/voice_22_aug_2.wav,3.84,16000,วันนี้แม่ทำใบเหลีบงตมเถให้กิน,วันนี้แม่ทำใบเหลียงต้มกะทิให้กิน,south,voice_22,voice_22,True
audio_data/south/voice_22/voice_22_aug_20.wav,3.84,16000,วันนี้แม่ทำใบเหลีบงตมเถให้กิน,วันนี้แม่ทำใบเหลียงต้มกะทิให้กิน,south,voice_22,voice_22,True
audio_data/south/voice_22/voice_22_aug_21.wav,3.84,16000,วันนี้แม่ทำใบเหลีบงตมเถให้กิน,วันนี้แม่ทำใบเหลียงต้มกะทิให้กิน,south,voice_22,voice_22,True
audio_data/south/voice_22/voice_22_aug_22.wav,3.84,16000,วันนี้แม่ทำใบเหลีบงตมเถให้กิน,วันนี้แม่ทำใบเหลียงต้มกะทิให้กิน,south,voice_22,voice_22,True
audio_data/south/voice_22/voice_22_aug_23.wav,3.84,16000,วันนี้แม่ทำใบเหลีบงตมเถให้กิน,วันนี้แม่ทำใบเหลียงต้มกะทิให้กิน,south,voice_22,voice_22,True
audio_data/south/voice_22/voice_22_aug_24.wav,3.84,16000,วันนี้แม่ทำใบเหลีบงตมเถให้กิน,วันนี้แม่ทำใบเหลียงต้มกะทิให้กิน,south,voice_22,voice_22,True
audio_data/south/voice_22/voice_22_aug_25.wav,3.84,16000,วันนี้แม่ทำใบเหลีบงตมเถให้กิน,วันนี้แม่ทำใบเหลียงต้มกะทิให้กิน,south,voice_22,voice_22,True
audio_data/south/voice_22/voice_22_aug_26.wav,3.84,16000,วันนี้แม่ทำใบเหลีบงตมเถให้กิน,วันนี้แม่ทำใบเหลียงต้มกะทิให้กิน,south,voice_22,voice_22,True
audio_data/south/voice_22/voice_22_aug_27.wav,3.84,16000,วันนี้แม่ทำใบเหลีบงตมเถให้กิน,วันนี้แม่ทำใบเหลียงต้มกะทิให้กิน,south,voice_22,voice_22,True
audio_data/south/voice_22/voice_22_aug_28.wav,3.84,16000,วันนี้แม่ทำใบเหลีบงตมเถให้กิน,วันนี้แม่ทำใบเหลียงต้มกะทิให้กิน,south,voice_22,voice_22,True
audio_data/south/voice_22/voice_22_aug_29.wav,3.84,16000,วันนี้แม่ทำใบเหลีบงตมเถให้กิน,วันนี้แม่ทำใบเหลียงต้มกะทิให้กิน,south,voice_22,voice_22,True
audio_data/south/voice_22/voice_22_aug_3.wav,3.84,16000,วันนี้แม่ทำใบเหลีบงตมเถให้กิน,วันนี้แม่ทำใบเหลียงต้มกะทิให้กิน,south,voice_22,voice_22,True
audio_data/south/voice_22/voice_22_aug_30.wav,3.84,16000,วันนี้แม่ทำใบเหลีบงตมเถให้กิน,วันนี้แม่ทำใบเหลียงต้มกะทิให้กิน,south,voice_22,voice_22,True
audio_data/south/voice_22/voice_22_aug_31.wav,3.84,16000,วันนี้แม่ทำใบเหลีบงตมเถให้กิน,วันนี้แม่ทำใบเหลียงต้มกะทิให้กิน,south,voice_22,voice_22,True
audio_data/south/voice_22/voice_22_aug_32.wav,3.84,16000,วันนี้แม่ทำใบเหลีบงตมเถให้กิน,วันนี้แม่ทำใบเหลียงต้มกะทิให้กิน,south,voice_22,voice_22,True
audio_data/south/voice_22/voice_22_aug_33.wav,3.84,16000,วันนี้แม่ทำใบเหลีบงตมเถให้กิน,วันนี้แม่ทำใบเหลียงต้มกะทิให้กิน,south,voice_22,voice_22,True
audio_data/south/voice_22/voice_22_aug_34.wav,3.84,16000,วันนี้แม่ทำใบเหลีบงตมเถให้กิน,วันนี้แม่ทำใบเหลียงต้มกะทิให้กิน,south,voice_22,voice_22,True
audio_data/south/voice_22/voice_22_aug_35.wav,3.84,16000,วันนี้แม่ทำใบเหลีบงตมเถให้กิน,วันนี้แม่ทำใบเหลียงต้มกะทิให้กิน,south,voice_22,voice_22,True
audio_data/south/voice_22/voice_22_aug_36.wav,3.84,16000,วันนี้แม่ทำใบเหลีบงตมเถให้กิน,วันนี้แม่ทำใบเหลียงต้มกะทิให้กิน,south,voice_22,voice_22,True
audio_data/south/voice_22/voice_22_aug_37.wav,3.84,16000,วันนี้แม่ทำใบเหลีบงตมเถให้กิน,วันนี้แม่ทำใบเหลียงต้มกะทิให้กิน,south,voice_22,voice_22,True
audio_data/south/voice_22/voice_22_aug_38.wav,3.84,16000,วันนี้แม่ทำใบเหลีบงตมเถให้กิน,วันนี้แม่ทำใบเหลียงต้มกะทิให้กิน,south,voice_22,voice_22,True
audio_data/south/voice_22/voice_22_aug_39.wav,3.84,16000,วันนี้แม่ทำใบเหลีบงตมเถให้กิน,วันนี้แม่ทำใบเหลียงต้มกะทิให้กิน,south,voice_22,voice_22,True
audio_data/south/voice_22/voice_22_aug_4.wav,3.84,16000,วันนี้แม่ทำใบเหลีบงตมเถให้กิน,วันนี้แม่ทำใบเหลียงต้มกะทิให้กิน,south,voice_22,voice_22,True
audio_data/south/voice_22/voice_22_aug_40.wav,3.84,16000,วันนี้แม่ทำใบเหลีบงตมเถให้กิน,วันนี้แม่ทำใบเหลียงต้มกะทิให้กิน,south,voice_22,voice_22,True
audio_data/south/voice_22/voice_22_aug_41.wav,3.84,16000,วันนี้แม่ทำใบเหลีบงตมเถให้กิน,วันนี้แม่ทำใบเหลียงต้มกะทิให้กิน,south,voice_22,voice_22,True
audio_data/south/voice_22/voice_22_aug_42.wav,3.84,16000,วันนี้แม่ทำใบเหลีบงตมเถให้กิน,วันนี้แม่ทำใบเหลียงต้มกะทิให้กิน,south,voice_22,voice_22,True
audio_data/south/voice_22/voice_22_aug_43.wav,3.84,16000,วันนี้แม่ทำใบเหลีบงตมเถให้กิน,วันนี้แม่ทำใบเหลียงต้มกะทิให้กิน,south,voice_22,voice_22,True
audio_data/south/voice_22/voice_22_aug_44.wav,3.84,16000,วันนี้แม่ทำใบเหลีบงตมเถให้กิน,วันนี้แม่ทำใบเหลียงต้มกะทิให้กิน,south,voice_22,voice_22,True
audio_data/south/voice_22/voice_22_aug_45.wav,3.84,16000,วันนี้แม่ทำใบเหลีบงตมเถให้กิน,วันนี้แม่ทำใบเหลียงต้มกะทิให้กิน,south,voice_22,voice_22,True
audio_data/south/voice_22/voice_22_aug_46.wav,3.84,16000,วันนี้แม่ทำใบเหลีบงตมเถให้กิน,วันนี้แม่ทำใบเหลียงต้มกะทิให้กิน,south,voice_22,voice_22,True
audio_data/south/voice_22/voice_22_aug_47.wav,3.84,16000,วันนี้แม่ทำใบเหลีบงตมเถให้กิน,วันนี้แม่ทำใบเหลียงต้มกะทิให้กิน,south,voice_22,voice_22,True
audio_data/south/voice_22/voice_22_aug_48.wav,3.84,16000,วันนี้แม่ทำใบเหลีบงตมเถให้กิน,วันนี้แม่ทำใบเหลียงต้มกะทิให้กิน,south,voice_22,voice_22,True
audio_data/south/voice_22/voice_22_aug_49.wav,3.84,16000,วันนี้แม่ทำใบเหลีบงตมเถให้กิน,วันนี้แม่ทำใบเหลียงต้มกะทิให้กิน,south,voice_22,voice_22,True
audio_data/south/voice_22/voice_22_aug_5.wav,3.84,16000,วันนี้แม่ทำใบเหลีบงตมเถให้กิน,วันนี้แม่ทำใบเหลียงต้มกะทิให้กิน,south,voice_22,voice_22,True
audio_data/south/voice_22/voice_22_aug_50.wav,3.84,16000,วันนี้แม่ทำใบเหลีบงตมเถให้กิน,วันนี้แม่ทำใบเหลียงต้มกะทิให้กิน,south,voice_22,voice_22,True
audio_data/south/voice_22/voice_22_aug_51.wav,3.84,16000,วันนี้แม่ทำใบเหลีบงตมเถให้กิน,วันนี้แม่ทำใบเหลียงต้มกะทิให้กิน,south,voice_22,voice_22,True
audio_data/south/voice_22/voice_22_aug_52.wav,3.84,16000,วันนี้แม่ทำใบเหลีบงตมเถให้กิน,วันนี้แม่ทำใบเหลียงต้มกะทิให้กิน,south,voice_22,voice_22,True
audio_data/south/voice_22/voice_22_aug_53.wav,3.84,16000,วันนี้แม่ทำใบเหลีบงตมเถให้กิน,วันนี้แม่ทำใบเหลียงต้มกะทิให้กิน,south,voice_22,voice_22,True
audio_data/south/voice_22/voice_22_aug_54.wav,3.84,16000,วันนี้แม่ทำใบเหลีบงตมเถให้กิน,วันนี้แม่ทำใบเหลียงต้มกะทิให้กิน,south,voice_22,voice_22,True
audio_data/south/voice_22/voice_22_aug_55.wav,3.84,16000,วันนี้แม่ทำใบเหลีบงตมเถให้กิน,วันนี้แม่ทำใบเหลียงต้มกะทิให้กิน,south,voice_22,voice_22,True
audio_data/south/voice_22/voice_22_aug_56.wav,3.84,16000,วันนี้แม่ทำใบเหลีบงตมเถให้กิน,วันนี้แม่ทำใบเหลียงต้มกะทิให้กิน,south,voice_22,voice_22,True
audio_data/south/voice_22/voice_22_aug_57.wav,3.84,16000,วันนี้แม่ทำใบเหลีบงตมเถให้กิน,วันนี้แม่ทำใบเหลียงต้มกะทิให้กิน,south,voice_22,voice_22,True
audio_data/south/voice_22/voice_22_aug_58.wav,3.84,16000,วันนี้แม่ทำใบเหลีบงตมเถให้กิน,วันนี้แม่ทำใบเหลียงต้มกะทิให้กิน,south,voice_22,voice_22,True
audio_data/south/voice_22/voice_22_aug_59.wav,3.84,16000,วันนี้แม่ทำใบเหลีบงตมเถให้กิน,วันนี้แม่ทำใบเหลียงต้มกะทิให้กิน,south,voice_22,voice_22,True
audio_data/south/voice_22/voice_22_aug_6.wav,3.84,16000,วันนี้แม่ทำใบเหลีบงตมเถให้กิน,วันนี้แม่ทำใบเหลียงต้มกะทิให้กิน,south,voice_22,voice_22,True
audio_data/south/voice_22/voice_22_aug_60.wav,3.84,16000,วันนี้แม่ทำใบเหลีบงตมเถให้กิน,วันนี้แม่ทำใบเหลียงต้มกะทิให้กิน,south,voice_22,voice_22,True
audio_data/south/voice_22/voice_22_aug_61.wav,3.84,16000,วันนี้แม่ทำใบเหลีบงตมเถให้กิน,วันนี้แม่ทำใบเหลียงต้มกะทิให้กิน,south,voice_22,voice_22,True
audio_data/south/voice_22/voice_22_aug_62.wav,3.84,16000,วันนี้แม่ทำใบเหลีบงตมเถให้กิน,วันนี้แม่ทำใบเหลียงต้มกะทิให้กิน,south,voice_22,voice_22,True
audio_data/south/voice_22/voice_22_aug_63.wav,3.84,16000,วันนี้แม่ทำใบเหลีบงตมเถให้กิน,วันนี้แม่ทำใบเหลียงต้มกะทิให้กิน,south,voice_22,voice_22,True
audio_data/south/voice_22/voice_22_aug_64.wav,3.84,16000,วันนี้แม่ทำใบเหลีบงตมเถให้กิน,วันนี้แม่ทำใบเหลียงต้มกะทิให้กิน,south,voice_22,voice_22,True
audio_data/south/voice_22/voice_22_aug_65.wav,3.84,16000,วันนี้แม่ทำใบเหลีบงตมเถให้กิน,วันนี้แม่ทำใบเหลียงต้มกะทิให้กิน,south,voice_22,voice_22,True
audio_data/south/voice_22/voice_22_aug_66.wav,3.84,16000,วันนี้แม่ทำใบเหลีบงตมเถให้กิน,วันนี้แม่ทำใบเหลียงต้มกะทิให้กิน,south,voice_22,voice_22,True
audio_data/south/voice_22/voice_22_aug_67.wav,3.84,16000,วันนี้แม่ทำใบเหลีบงตมเถให้กิน,วันนี้แม่ทำใบเหลียงต้มกะทิให้กิน,south,voice_22,voice_22,True
audio_data/south/voice_22/voice_22_aug_68.wav,3.84,16000,วันนี้แม่ทำใบเหลีบงตมเถให้กิน,วันนี้แม่ทำใบเหลียงต้มกะทิให้กิน,south,voice_22,voice_22,True
audio_data/south/voice_22/voice_22_aug_69.wav,3.84,16000,วันนี้แม่ทำใบเหลีบงตมเถให้กิน,วันนี้แม่ทำใบเหลียงต้มกะทิให้กิน,south,voice_22,voice_22,True
audio_data/south/voice_22/voice_22_aug_7.wav,3.84,16000,วันนี้แม่ทำใบเหลีบงตมเถให้กิน,วันนี้แม่ทำใบเหลียงต้มกะทิให้กิน,south,voice_22,voice_22,True
audio_data/south/voice_22/voice_22_aug_70.wav,3.84,16000,วันนี้แม่ทำใบเหลีบงตมเถให้กิน,วันนี้แม่ทำใบเหลียงต้มกะทิให้กิน,south,voice_22,voice_22,True
audio_data/south/voice_22/voice_22_aug_71.wav,3.84,16000,วันนี้แม่ทำใบเหลีบงตมเถให้กิน,วันนี้แม่ทำใบเหลียงต้มกะทิให้กิน,south,voice_22,voice_22,True
audio_data/south/voice_22/voice_22_aug_72.wav,3.84,16000,วันนี้แม่ทำใบเหลีบงตมเถให้กิน,วันนี้แม่ทำใบเหลียงต้มกะทิให้กิน,south,voice_22,voice_22,True
audio_data/south/voice_22/voice_22_aug_73.wav,3.84,16000,วันนี้แม่ทำใบเหลีบงตมเถให้กิน,วันนี้แม่ทำใบเหลียงต้มกะทิให้กิน,south,voice_22,voice_22,True
audio_data/south/voice_22/voice_22_aug_74.wav,3.84,16000,วันนี้แม่ทำใบเหลีบงตมเถให้กิน,วันนี้แม่ทำใบเหลียงต้มกะทิให้กิน,south,voice_22,voice_22,True
audio_data/south/voice_22/voice_22_aug_75.wav,3.84,16000,วันนี้แม่ทำใบเหลีบงตมเถให้กิน,วันนี้แม่ทำใบเหลียงต้มกะทิให้กิน,south,voice_22,voice_22,True
audio_data/south/voice_22/voice_22_aug_76.wav,3.84,16000,วันนี้แม่ทำใบเหลีบงตมเถให้กิน,วันนี้แม่ทำใบเหลียงต้มกะทิให้กิน,south,voice_22,voice_22,True
audio_data/south/voice_22/voice_22_aug_77.wav,3.84,16000,วันนี้แม่ทำใบเหลีบงตมเถให้กิน,วันนี้แม่ทำใบเหลียงต้มกะทิให้กิน,south,voice_22,voice_22,True
audio_data/south/voice_22/voice_22_aug_78.wav,3.84,16000,วันนี้แม่ทำใบเหลีบงตมเถให้กิน,วันนี้แม่ทำใบเหลียงต้มกะทิให้กิน,south,voice_22,voice_22,True
audio_data/south/voice_22/voice_22_aug_79.wav,3.84,16000,วันนี้แม่ทำใบเหลีบงตมเถให้กิน,วันนี้แม่ทำใบเหลียงต้มกะทิให้กิน,south,voice_22,voice_22,True
audio_data/south/voice_22/voice_22_aug_8.wav,3.84,16000,วันนี้แม่ทำใบเหลีบงตมเถให้กิน,วันนี้แม่ทำใบเหลียงต้มกะทิให้กิน,south,voice_22,voice_22,True
audio_data/south/voice_22/voice_22_aug_80.wav,3.84,16000,วันนี้แม่ทำใบเหลีบงตมเถให้กิน,วันนี้แม่ทำใบเหลียงต้มกะทิให้กิน,south,voice_22,voice_22,True
audio_data/south/voice_22/voice_22_aug_81.wav,3.84,16000,วันนี้แม่ทำใบเหลีบงตมเถให้กิน,วันนี้แม่ทำใบเหลียงต้มกะทิให้กิน,south,voice_22,voice_22,True
audio_data/south/voice_22/voice_22_aug_82.wav,3.84,16000,วันนี้แม่ทำใบเหลีบงตมเถให้กิน,วันนี้แม่ทำใบเหลียงต้มกะทิให้กิน,south,voice_22,voice_22,True
audio_data/south/voice_22/voice_22_aug_83.wav,3.84,16000,วันนี้แม่ทำใบเหลีบงตมเถให้กิน,วันนี้แม่ทำใบเหลียงต้มกะทิให้กิน,south,voice_22,voice_22,True
audio_data/south/voice_22/voice_22_aug_84.wav,3.84,16000,วันนี้แม่ทำใบเหลีบงตมเถให้กิน,วันนี้แม่ทำใบเหลียงต้มกะทิให้กิน,south,voice_22,voice_22,True
audio_data/south/voice_22/voice_22_aug_85.wav,3.84,16000,วันนี้แม่ทำใบเหลีบงตมเถให้กิน,วันนี้แม่ทำใบเหลียงต้มกะทิให้กิน,south,voice_22,voice_22,True
audio_data/south/voice_22/voice_22_aug_86.wav,3.84,16000,วันนี้แม่ทำใบเหลีบงตมเถให้กิน,วันนี้แม่ทำใบเหลียงต้มกะทิให้กิน,south,voice_22,voice_22,True
audio_data/south/voice_22/voice_22_aug_87.wav,3.84,16000,วันนี้แม่ทำใบเหลีบงตมเถให้กิน,วันนี้แม่ทำใบเหลียงต้มกะทิให้กิน,south,voice_22,voice_22,True
audio_data/south/voice_22/voice_22_aug_88.wav,3.84,16000,วันนี้แม่ทำใบเหลีบงตมเถให้กิน,วันนี้แม่ทำใบเหลียงต้มกะทิให้กิน,south,voice_22,voice_22,True
audio_data/south/voice_22/voice_22_aug_89.wav,3.84,16000,วันนี้แม่ทำใบเหลีบงตมเถให้กิน,วันนี้แม่ทำใบเหลียงต้มกะทิให้กิน,south,voice_22,voice_22,True
audio_data/south/voice_22/voice_22_aug_9.wav,3.84,16000,วันนี้แม่ทำใบเหลีบงตมเถให้กิน,วันนี้แม่ทำใบเหลียงต้มกะทิให้กิน,south,voice_22,voice_22,True
audio_data/south/voice_22/voice_22_aug_90.wav,3.84,16000,วันนี้แม่ทำใบเหลีบงตมเถให้กิน,วันนี้แม่ทำใบเหลียงต้มกะทิให้กิน,south,voice_22,voice_22,True
audio_data/south/voice_22/voice_22_aug_91.wav,3.84,16000,วันนี้แม่ทำใบเหลีบงตมเถให้กิน,วันนี้แม่ทำใบเหลียงต้มกะทิให้กิน,south,voice_22,voice_22,True
audio_data/south/voice_22/voice_22_aug_92.wav,3.84,16000,วันนี้แม่ทำใบเหลีบงตมเถให้กิน,วันนี้แม่ทำใบเหลียงต้มกะทิให้กิน,south,voice_22,voice_22,True
audio_data/south/voice_22/voice_22_aug_93.wav,3.84,16000,วันนี้แม่ทำใบเหลีบงตมเถให้กิน,วันนี้แม่ทำใบเหลียงต้มกะทิให้กิน,south,voice_22,voice_22,True
audio_data/south/voice_22/voice_22_aug_94.wav,3.84,16000,วันนี้แม่ทำใบเหลีบงตมเถให้กิน,วันนี้แม่ทำใบเหลียงต้มกะทิให้กิน,south,voice_22,voice_22,True
audio_data/south/voice_22/voice_22_aug_95.wav,3.84,16000,วันนี้แม่ทำใบเหลีบงตมเถให้กิน,วันนี้แม่ทำใบเหลียงต้มกะทิให้กิน,south,voice_22,voice_22,True
audio_data/south/voice_22/voice_22_aug_96.wav,3.84,16000,วันนี้แม่ทำใบเหลีบงตมเถให้กิน,วันนี้แม่ทำใบเหลียงต้มกะทิให้กิน,south,voice_22,voice_22,True
audio_data/south/voice_22/voice_22_aug_97.wav,3.84,16000,วันนี้แม่ทำใบเหลีบงตมเถให้กิน,วันนี้แม่ทำใบเหลียงต้มกะทิให้กิน,south,voice_22,voice_22,True
audio_data/south/voice_22/voice_22_aug_98.wav,3.84,16000,วันนี้แม่ทำใบเหลีบงตมเถให้กิน,วันนี้แม่ทำใบเหลียงต้มกะทิให้กิน,south,voice_22,voice_22,True
audio_data/south/voice_22/voice_22_aug_99.wav,3.84,16000,วันนี้แม่ทำใบเหลีบงตมเถให้กิน,วันนี้แม่ทำใบเหลียงต้มกะทิให้กิน,south,voice_22,voice_22,True
audio_data/south/voice_23/voice_23_1.wav,2.411,16000,อยากกินผั้ดหลูกต๋อ,อยากกินผัดสะตอ,south,voice_23,voice_23_1,False
audio_data/south/voice_23/voice_23_aug_1.wav,2.411,16000,อยากกินผั้ดหลูกต๋อ,อยากกินผัดสะตอ,south,voice_23,voice_23,True
audio_data/south/voice_23/voice_23_aug_10.wav,2.411,16000,อยากกินผั้ดหลูกต๋อ,อยากกินผัดสะตอ,south,voice_23,voice_23,True
audio_data/south/voice_23/voice_23_aug_100.wav,2.411,16000,อยากกินผั้ดหลูกต๋อ,อยากกินผัดสะตอ,south,voice_23,voice_23,True
audio_data/south/voice_23/voice_23_aug_11.wav,2.411,16000,อยากกินผั้ดหลูกต๋อ,อยากกินผัดสะตอ,south,voice_23,voice_23,True
audio_data/south/voice_23/voice_23_aug_12.wav,2.411,16000,อยากกินผั้ดหลูกต๋อ,อยากกินผัดสะตอ,south,voice_23,voice_23,True
audio_data/south/voice_23/voice_23_aug_13.wav,2.411,16000,อยากกินผั้ดหลูกต๋อ,อยากกินผัดสะตอ,south,voice_23,voice_23,True
audio_data/south/voice_23/voice_23_aug_14.wav,2.411,16000,อยากกินผั้ดหลูกต๋อ,อยากกินผัดสะตอ,south,voice_23,voice_23,True
audio_data/south/voice_23/voice_23_aug_15.wav,2.411,16000,อยากกินผั้ดหลูกต๋อ,อยากกินผัดสะตอ,south,voice_23,voice_23,True
audio_data/south/voice_23/voice_23_aug_16.wav,2.411,16000,อยากกินผั้ดหลูกต๋อ,อยากกินผัดสะตอ,south,voice_23,voice_23,True
audio_data/south/voice_23/voice_23_aug_17.wav,2.411,16000,อยากกินผั้ดหลูกต๋อ,อยากกินผัดสะตอ,south,voice_23,voice_23,True
audio_data/south/voice_23/voice_23_aug_18.wav,2.411,16000,อยากกินผั้ดหลูกต๋อ,อยากกินผัดสะตอ,south,voice_23,voice_23,True
audio_data/south/voice_23/voice_23_aug_19.wav,2.411,16000,อยากกินผั้ดหลูกต๋อ,อยากกินผัดสะตอ,south,voice_23,voice_23,True
audio_data/south/voice_23/voice_23_aug_2.wav,2.411,16000,อยากกินผั้ดหลูกต๋อ,อยากกินผัดสะตอ,south,voice_23,voice_23,True
audio_data/south/voice_23/voice_23_aug_20.wav,2.411,16000,อยากกินผั้ดหลูกต๋อ,อยากกินผัดสะตอ,south,voice_23,voice_23,True
audio_data/south/voice_23/voice_23_aug_21.wav,2.411,16000,อยากกินผั้ดหลูกต๋อ,อยากกินผัดสะตอ,south,voice_23,voice_23,True
audio_data/south/voice_23/voice_23_aug_22.wav,2.411,16000,อยากกินผั้ดหลูกต๋อ,อยากกินผัดสะตอ,south,voice_23,voice_23,True
audio_data/south/voice_23/voice_23_aug_23.wav,2.411,16000,อยากกินผั้ดหลูกต๋อ,อยากกินผัดสะตอ,south,voice_23,voice_23,True
audio_data/south/voice_23/voice_23_aug_24.wav,2.411,16000,อยากกินผั้ดหลูกต๋อ,อยากกินผัดสะตอ,south,voice_23,voice_23,True
audio_data/south/voice_23/voice_23_aug_25.wav,2.411,16000,อยากกินผั้ดหลูกต๋อ,อยากกินผัดสะตอ,south,voice_23,voice_23,True
audio_data/south/voice_23/voice_23_aug_26.wav,2.411,16000,อยากกินผั้ดหลูกต๋อ,อยากกินผัดสะตอ,south,voice_23,voice_23,True
audio_data/south/voice_23/voice_23_aug_27.wav,2.411,16000,อยากกินผั้ดหลูกต๋อ,อยากกินผัดสะตอ,south,voice_23,voice_23,True
audio_data/south/voice_23/voice_23_aug_28.wav,2.411,16000,อยากกินผั้ดหลูกต๋อ,อยากกินผัดสะตอ,south,voice_23,voice_23,True
audio_data/south/voice_23/voice_23_aug_29.wav,2.411,16000,อยากกินผั้ดหลูกต๋อ,อยากกินผัดสะตอ,south,voice_23,voice_23,True
audio_data/south/voice_23/voice_23_aug_3.wav,2.411,16000,อยากกินผั้ดหลูกต๋อ,อยากกินผัดสะตอ,south,voice_23,voice_23,True
audio_data/south/voice_23/voice_23_aug_30.wav,2.411,16000,อยากกินผั้ดหลูกต๋อ,อยากกินผัดสะตอ,south,voice_23,voice_23,True
audio_data/south/voice_23/voice_23_aug_31.wav,2.411,16000,อยากกินผั้ดหลูกต๋อ,อยากกินผัดสะตอ,south,voice_23,voice_23,True
audio_data/south/voice_23/voice_23_aug_32.wav,2.411,16000,อยากกินผั้ดหลูกต๋อ,อยากกินผัดสะตอ,south,voice_23,voice_23,True
audio_data/south/voice_23/voice_23_aug_33.wav,2.411,16000,อยากกินผั้ดหลูกต๋อ,อยากกินผัดสะตอ,south,voice_23,voice_23,True
audio_data/south/voice_23/voice_23_aug_34.wav,2.411,16000,อยากกินผั้ดหลูกต๋อ,อยากกินผัดสะตอ,south,voice_23,voice_23,True
audio_data/south/voice_23/voice_23_aug_35.wav,2.411,16000,อยากกินผั้ดหลูกต๋อ,อยากกินผัดสะตอ,south,voice_23,voice_23,True
audio_data/south/voice_23/voice_23_aug_36.wav,2.411,16000,อยากกินผั้ดหลูกต๋อ,อยากกินผัดสะตอ,south,voice_23,voice_23,True
audio_data/south/voice_23/voice_23_aug_37.wav,2.411,16000,อยากกินผั้ดหลูกต๋อ,อยากกินผัดสะตอ,south,voice_23,voice_23,True
audio_data/south/voice_23/voice_23_aug_38.wav,2.411,16000,อยากกินผั้ดหลูกต๋อ,อยากกินผัดสะตอ,south,voice_23,voice_23,True
audio_data/south/voice_23/voice_23_aug_39.wav,2.411,16000,อยากกินผั้ดหลูกต๋อ,อยากกินผัดสะตอ,south,voice_23,voice_23,True
audio_data/south/voice_23/voice_23_aug_4.wav,2.411,16000,อยากกินผั้ดหลูกต๋อ,อยากกินผัดสะตอ,south,voice_23,voice_23,True
audio_data/south/voice_23/voice_23_aug_40.wav,2.411,16000,อยากกินผั้ดหลูกต๋อ,อยากกินผัดสะตอ,south,voice_23,voice_23,True
audio_data/south/voice_23/voice_23_aug_41.wav,2.411,16000,อยากกินผั้ดหลูกต๋อ,อยากกินผัดสะตอ,south,voice_23,voice_23,True
audio_data/south/voice_23/voice_23_aug_42.wav,2.411,16000,อยากกินผั้ดหลูกต๋อ,อยากกินผัดสะตอ,south,voice_23,voice_23,True
audio_data/south/voice_23/voice_23_aug_43.wav,2.411,16000,อยากกินผั้ดหลูกต๋อ,อยากกินผัดสะตอ,south,voice_23,voice_23,True
audio_data/south/voice_23/voice_23_aug_44.wav,2.411,16000,อยากกินผั้ดหลูกต๋อ,อยากกินผัดสะตอ,south,voice_23,voice_23,True
audio_data/south/voice_23/voice_23_aug_45.wav,2.411,16000,อยากกินผั้ดหลูกต๋อ,อยากกินผัดสะตอ,south,voice_23,voice_23,True
audio_data/south/voice_23/voice_23_aug_46.wav,2.411,16000,อยากกินผั้ดหลูกต๋อ,อยากกินผัดสะตอ,south,voice_23,voice_23,True
audio_data/south/voice_23/voice_23_aug_47.wav,2.411,16000,อยากกินผั้ดหลูกต๋อ,อยากกินผัดสะตอ,south,voice_23,voice_23,True
audio_data/south/voice_23/voice_23_aug_48.wav,2.411,16000,อยากกินผั้ดหลูกต๋อ,อยากกินผัดสะตอ,south,voice_23,voice_23,True
audio_data/south/voice_23/voice_23_aug_49.wav,2.411,16000,อยากกินผั้ดหลูกต๋อ,อยากกินผัดสะตอ,south,voice_23,voice_23,True
audio_data/south/voice_23/voice_23_aug_5.wav,2.411,16000,อยากกินผั้ดหลูกต๋อ,อยากกินผัดสะตอ,south,voice_23,voice_23,True
audio_data/south/voice_23/voice_23_aug_50.wav,2.411,16000,อยากกินผั้ดหลูกต๋อ,อยากกินผัดสะตอ,south,voice_23,voice_23,True
audio_data/south/voice_23/voice_23_aug_51.wav,2.411,16000,อยากกินผั้ดหลูกต๋อ,อยากกินผัดสะตอ,south,voice_23,voice_23,True
audio_data/south/voice_23/voice_23_aug_52.wav,2.411,16000,อยากกินผั้ดหลูกต๋อ,อยากกินผัดสะตอ,south,voice_23,voice_23,True
audio_data/south/voice_23/voice_23_aug_53.wav,2.411,16000,อยากกินผั้ดหลูกต๋อ,อยากกินผัดสะตอ,south,voice_23,voice_23,True
audio_data/south/voice_23/voice_23_aug_54.wav,2.411,16000,อยากกินผั้ดหลูกต๋อ,อยากกินผัดสะตอ,south,voice_23,voice_23,True
audio_data/south/voice_23/voice_23_aug_55.wav,2.411,16000,อยากกินผั้ดหลูกต๋อ,อยากกินผัดสะตอ,south,voice_23,voice_23,True
audio_data/south/voice_23/voice_23_aug_56.wav,2.411,16000,อยากกินผั้ดหลูกต๋อ,อยากกินผัดสะตอ,south,voice_23,voice_23,True
audio_data/south/voice_23/voice_23_aug_57.wav,2.411,16000,อยากกินผั้ดหลูกต๋อ,อยากกินผัดสะตอ,south,voice_23,voice_23,True
audio_data/south/voice_23/voice_23_aug_58.wav,2.411,16000,อยากกินผั้ดหลูกต๋อ,อยากกินผัดสะตอ,south,voice_23,voice_23,True
audio_data/south/voice_23/voice_23_aug_59.wav,2.411,16000,อยากกินผั้ดหลูกต๋อ,อยากกินผัดสะตอ,south,voice_23,voice_23,True
audio_data/south/voice_23/voice_23_aug_6.wav,2.411,16000,อยากกินผั้ดหลูกต๋อ,อยากกินผัดสะตอ,south,voice_23,voice_23,True
audio_data/south/voice_23/voice_23_aug_60.wav,2.411,16000,อยากกินผั้ดหลูกต๋อ,อยากกินผัดสะตอ,south,voice_23,voice_23,True
audio_data/south/voice_23/voice_23_aug_61.wav,2.411,16000,อยากกินผั้ดหลูกต๋อ,อยากกินผัดสะตอ,south,voice_23,voice_23,True
audio_data/south/voice_23/voice_23_aug_62.wav,2.411,16000,อยากกินผั้ดหลูกต๋อ,อยากกินผัดสะตอ,south,voice_23,voice_23,True
audio_data/south/voice_23/voice_23_aug_63.wav,2.411,16000,อยากกินผั้ดหลูกต๋อ,อยากกินผัดสะตอ,south,voice_23,voice_23,True
audio_data/south/voice_23/voice_23_aug_64.wav,2.411,16000,อยากกินผั้ดหลูกต๋อ,อยากกินผัดสะตอ,south,voice_23,voice_23,True
audio_data/south/voice_23/voice_23_aug_65.wav,2.411,16000,อยากกินผั้ดหลูกต๋อ,อยากกินผัดสะตอ,south,voice_23,voice_23,True
audio_data/south/voice_23/voice_23_aug_66.wav,2.411,16000,อยากกินผั้ดหลูกต๋อ,อยากกินผัดสะตอ,south,voice_23,voice_23,True
audio_data/south/voice_23/voice_23_aug_67.wav,2.411,16000,อยากกินผั้ดหลูกต๋อ,อยากกินผัดสะตอ,south,voice_23,voice_23,True
audio_data/south/voice_23/voice_23_aug_68.wav,2.411,16000,อยากกินผั้ดหลูกต๋อ,อยากกินผัดสะตอ,south,voice_23,voice_23,True
audio_data/south/voice_23/voice_23_aug_69.wav,2.411,16000,อยากกินผั้ดหลูกต๋อ,อยากกินผัดสะตอ,south,voice_23,voice_23,True
audio_data/south/voice_23/voice_23_aug_7.wav,2.411,16000,อยากกินผั้ดหลูกต๋อ,อยากกินผัดสะตอ,south,voice_23,voice_23,True
audio_data/south/voice_23/voice_23_aug_70.wav,2.411,16000,อยากกินผั้ดหลูกต๋อ,อยากกินผัดสะตอ,south,voice_23,voice_23,True
audio_data/south/voice_23/voice_23_aug_71.wav,2.411,16000,อยากกินผั้ดหลูกต๋อ,อยากกินผัดสะตอ,south,voice_23,voice_23,True
audio_data/south/voice_23/voice_23_aug_72.wav,2.411,16000,อยากกินผั้ดหลูกต๋อ,อยากกินผัดสะตอ,south,voice_23,voice_23,True
audio_data/south/voice_23/voice_23_aug_73.wav,2.411,16000,อยากกินผั้ดหลูกต๋อ,อยากกินผัดสะตอ,south,voice_23,voice_23,True
audio_data/south/voice_23/voice_23_aug_74.wav,2.411,16000,อยากกินผั้ดหลูกต๋อ,อยากกินผัดสะตอ,south,voice_23,voice_23,True
audio_data/south/voice_23/voice_23_aug_75.wav,2.411,16000,อยากกินผั้ดหลูกต๋อ,อยากกินผัดสะตอ,south,voice_23,voice_23,True
audio_data/south/voice_23/voice_23_aug_76.wav,2.411,16000,อยากกินผั้ดหลูกต๋อ,อยากกินผัดสะตอ,south,voice_23,voice_23,True
audio_data/south/voice_23/voice_23_aug_77.wav,2.411,16000,อยากกินผั้ดหลูกต๋อ,อยากกินผัดสะตอ,south,voice_23,voice_23,True
audio_data/south/voice_23/voice_23_aug_78.wav,2.411,16000,อยากกินผั้ดหลูกต๋อ,อยากกินผัดสะตอ,south,voice_23,voice_23,True
audio_data/south/voice_23/voice_23_aug_79.wav,2.411,16000,อยากกินผั้ดหลูกต๋อ,อยากกินผัดสะตอ,south,voice_23,voice_23,True
audio_data/south/voice_23/voice_23_aug_8.wav,2.411,16000,อยากกินผั้ดหลูกต๋อ,อยากกินผัดสะตอ,south,voice_23,voice_23,True
audio_data/south/voice_23/voice_23_aug_80.wav,2.411,16000,อยากกินผั้ดหลูกต๋อ,อยากกินผัดสะตอ,south,voice_23,voice_23,True
audio_data/south/voice_23/voice_23_aug_81.wav,2.411,16000,อยากกินผั้ดหลูกต๋อ,อยากกินผัดสะตอ,south,voice_23,voice_23,True
audio_data/south/voice_23/voice_23_aug_82.wav,2.411,16000,อยากกินผั้ดหลูกต๋อ,อยากกินผัดสะตอ,south,voice_23,voice_23,True
audio_data/south/voice_23/voice_23_aug_83.wav,2.411,16000,อยากกินผั้ดหลูกต๋อ,อยากกินผัดสะตอ,south,voice_23,voice_23,True
audio_data/south/voice_23/voice_23_aug_84.wav,2.411,16000,อยากกินผั้ดหลูกต๋อ,อยากกินผัดสะตอ,south,voice_23,voice_23,True
audio_data/south/voice_23/voice_23_aug_85.wav,2.411,16000,อยากกินผั้ดหลูกต๋อ,อยากกินผัดสะตอ,south,voice_23,voice_23,True
audio_data/south/voice_23/voice_23_aug_86.wav,2.411,16000,อยากกินผั้ดหลูกต๋อ,อยากกินผัดสะตอ,south,voice_23,voice_23,True
audio_data/south/voice_23/voice_23_aug_87.wav,2.411,16000,อยากกินผั้ดหลูกต๋อ,อยากกินผัดสะตอ,south,voice_23,voice_23,True
audio_data/south/voice_23/voice_23_aug_88.wav,2.411,16000,อยากกินผั้ดหลูกต๋อ,อยากกินผัดสะตอ,south,voice_23,voice_23,True
audio_data/south/voice_23/voice_23_aug_89.wav,2.411,16000,อยากกินผั้ดหลูกต๋อ,อยากกินผัดสะตอ,south,voice_23,voice_23,True
audio_data/south/voice_23/voice_23_aug_9.wav,2.411,16000,อยากกินผั้ดหลูกต๋อ,อยากกินผัดสะตอ,south,voice_23,voice_23,True
audio_data/south/voice_23/voice_23_aug_90.wav,2.411,16000,อยากกินผั้ดหลูกต๋อ,อยากกินผัดสะตอ,south,voice_23,voice_23,True
audio_data/south/voice_23/voice_23_aug_91.wav,2.411,16000,อยากกินผั้ดหลูกต๋อ,อยากกินผัดสะตอ,south,voice_23,voice_23,True
audio_data/south/voice_23/voice_23_aug_92.wav,2.411,16000,อยากกินผั้ดหลูกต๋อ,อยากกินผัดสะตอ,south,voice_23,voice_23,True
audio_data/south/voice_23/voice_23_aug_93.wav,2.411,16000,อยากกินผั้ดหลูกต๋อ,อยากกินผัดสะตอ,south,voice_23,voice_23,True
audio_data/south/voice_23/voice_23_aug_94.wav,2.411,16000,อยากกินผั้ดหลูกต๋อ,อยากกินผัดสะตอ,south,voice_23,voice_23,True
audio_data/south/voice_23/voice_23_aug_95.wav,2.411,16000,อยากกินผั้ดหลูกต๋อ,อยากกินผัดสะตอ,south,voice_23,voice_23,True
audio_data/south/voice_23/voice_23_aug_96.wav,2.411,16000,อยากกินผั้ดหลูกต๋อ,อยากกินผัดสะตอ,south,voice_23,voice_23,True
audio_data/south/voice_23/voice_23_aug_97.wav,2.411,16000,อยากกินผั้ดหลูกต๋อ,อยากกินผัดสะตอ,south,voice_23,voice_23,True
audio_data/south/voice_23/voice_23_aug_98.wav,2.411,16000,อยากกินผั้ดหลูกต๋อ,อยากกินผัดสะตอ,south,voice_23,voice_23,True
audio_data/south/voice_23/voice_23_aug_99.wav,2.411,16000,อยากกินผั้ดหลูกต๋อ,อยากกินผัดสะตอ,south,voice_23,voice_23,True
audio_data/south/voice_24/voice_24_1.wav,2.389,16000,สั่งน้ำฉุบมากัน,สั่งน้ำพริกมาด้วย,south,voice_24,voice_24_1,False
audio_data/south/voice_24/voice_24_aug_1.wav,2.389,16000,สั่งน้ำฉุบมากัน,สั่งน้ำพริกมาด้วย,south,voice_24,voice_24,True
audio_data/south/voice_24/voice_24_aug_10.wav,2.389,16000,สั่งน้ำฉุบมากัน,สั่งน้ำพริกมาด้วย,south,voice_24,voice_24,True
audio_data/south/voice_24/voice_24_aug_100.wav,2.389,16000,สั่งน้ำฉุบมากัน,สั่งน้ำพริกมาด้วย,south,voice_24,voice_24,True
audio_data/south/voice_24/voice_24_aug_11.wav,2.389,16000,สั่งน้ำฉุบมากัน,สั่งน้ำพริกมาด้วย,south,voice_24,voice_24,True
audio_data/south/voice_24/voice_24_aug_12.wav,2.389,16000,สั่งน้ำฉุบมากัน,สั่งน้ำพริกมาด้วย,south,voice_24,voice_24,True
audio_data/south/voice_24/voice_24_aug_13.wav,2.389,16000,สั่งน้ำฉุบมากัน,สั่งน้ำพริกมาด้วย,south,voice_24,voice_24,True
audio_data/south/voice_24/voice_24_aug_14.wav,2.389,16000,สั่งน้ำฉุบมากัน,สั่งน้ำพริกมาด้วย,south,voice_24,voice_24,True
audio_data/south/voice_24/voice_24_aug_15.wav,2.389,16000,สั่งน้ำฉุบมากัน,สั่งน้ำพริกมาด้วย,south,voice_24,voice_24,True
audio_data/south/voice_24/voice_24_aug_16.wav,2.389,16000,สั่งน้ำฉุบมากัน,สั่งน้ำพริกมาด้วย,south,voice_24,voice_24,True
audio_data/south/voice_24/voice_24_aug_17.wav,2.389,16000,สั่งน้ำฉุบมากัน,สั่งน้ำพริกมาด้วย,south,voice_24,voice_24,True
audio_data/south/voice_24/voice_24_aug_18.wav,2.389,16000,สั่งน้ำฉุบมากัน,สั่งน้ำพริกมาด้วย,south,voice_24,voice_24,True
audio_data/south/voice_24/voice_24_aug_19.wav,2.389,16000,สั่งน้ำฉุบมากัน,สั่งน้ำพริกมาด้วย,south,voice_24,voice_24,True
audio_data/south/voice_24/voice_24_aug_2.wav,2.389,16000,สั่งน้ำฉุบมากัน,สั่งน้ำพริกมาด้วย,south,voice_24,voice_24,True
audio_data/south/voice_24/voice_24_aug_20.wav,2.389,16000,สั่งน้ำฉุบมากัน,สั่งน้ำพริกมาด้วย,south,voice_24,voice_24,True
audio_data/south/voice_24/voice_24_aug_21.wav,2.389,16000,สั่งน้ำฉุบมากัน,สั่งน้ำพริกมาด้วย,south,voice_24,voice_24,True
audio_data/south/voice_24/voice_24_aug_22.wav,2.389,16000,สั่งน้ำฉุบมากัน,สั่งน้ำพริกมาด้วย,south,voice_24,voice_24,True
audio_data/south/voice_24/voice_24_aug_23.wav,2.389,16000,สั่งน้ำฉุบมากัน,สั่งน้ำพริกมาด้วย,south,voice_24,voice_24,True
audio_data/south/voice_24/voice_24_aug_24.wav,2.389,16000,สั่งน้ำฉุบมากัน,สั่งน้ำพริกมาด้วย,south,voice_24,voice_24,True
audio_data/south/voice_24/voice_24_aug_25.wav,2.389,16000,สั่งน้ำฉุบมากัน,สั่งน้ำพริกมาด้วย,south,voice_24,voice_24,True
audio_data/south/voice_24/voice_24_aug_26.wav,2.389,16000,สั่งน้ำฉุบมากัน,สั่งน้ำพริกมาด้วย,south,voice_24,voice_24,True
audio_data/south/voice_24/voice_24_aug_27.wav,2.389,16000,สั่งน้ำฉุบมากัน,สั่งน้ำพริกมาด้วย,south,voice_24,voice_24,True
audio_data/south/voice_24/voice_24_aug_28.wav,2.389,16000,สั่งน้ำฉุบมากัน,สั่งน้ำพริกมาด้วย,south,voice_24,voice_24,True
audio_data/south/voice_24/voice_24_aug_29.wav,2.389,16000,สั่งน้ำฉุบมากัน,สั่งน้ำพริกมาด้วย,south,voice_24,voice_24,True
audio_data/south/voice_24/voice_24_aug_3.wav,2.389,16000,สั่งน้ำฉุบมากัน,สั่งน้ำพริกมาด้วย,south,voice_24,voice_24,True
audio_data/south/voice_24/voice_24_aug_30.wav,2.389,16000,สั่งน้ำฉุบมากัน,สั่งน้ำพริกมาด้วย,south,voice_24,voice_24,True
audio_data/south/voice_24/voice_24_aug_31.wav,2.389,16000,สั่งน้ำฉุบมากัน,สั่งน้ำพริกมาด้วย,south,voice_24,voice_24,True
audio_data/south/voice_24/voice_24_aug_32.wav,2.389,16000,สั่งน้ำฉุบมากัน,สั่งน้ำพริกมาด้วย,south,voice_24,voice_24,True
audio_data/south/voice_24/voice_24_aug_33.wav,2.389,16000,สั่งน้ำฉุบมากัน,สั่งน้ำพริกมาด้วย,south,voice_24,voice_24,True
audio_data/south/voice_24/voice_24_aug_34.wav,2.389,16000,สั่งน้ำฉุบมากัน,สั่งน้ำพริกมาด้วย,south,voice_24,voice_24,True
audio_data/south/voice_24/voice_24_aug_35.wav,2.389,16000,สั่งน้ำฉุบมากัน,สั่งน้ำพริกมาด้วย,south,voice_24,voice_24,True
audio_data/south/voice_24/voice_24_aug_36.wav,2.389,16000,สั่งน้ำฉุบมากัน,สั่งน้ำพริกมาด้วย,south,voice_24,voice_24,True
audio_data/south/voice_24/voice_24_aug_37.wav,2.389,16000,สั่งน้ำฉุบมากัน,สั่งน้ำพริกมาด้วย,south,voice_24,voice_24,True
audio_data/south/voice_24/voice_24_aug_38.wav,2.389,16000,สั่งน้ำฉุบมากัน,สั่งน้ำพริกมาด้วย,south,voice_24,voice_24,True
audio_data/south/voice_24/voice_24_aug_39.wav,2.389,16000,สั่งน้ำฉุบมากัน,สั่งน้ำพริกมาด้วย,south,voice_24,voice_24,True
audio_data/south/voice_24/voice_24_aug_4.wav,2.389,16000,สั่งน้ำฉุบมากัน,สั่งน้ำพริกมาด้วย,south,voice_24,voice_24,True
audio_data/south/voice_24/voice_24_aug_40.wav,2.389,16000,สั่งน้ำฉุบมากัน,สั่งน้ำพริกมาด้วย,south,voice_24,voice_24,True
audio_data/south/voice_24/voice_24_aug_41.wav,2.389,16000,สั่งน้ำฉุบมากัน,สั่งน้ำพริกมาด้วย,south,voice_24,voice_24,True
audio_data/south/voice_24/voice_24_aug_42.wav,2.389,16000,สั่งน้ำฉุบมากัน,สั่งน้ำพริกมาด้วย,south,voice_24,voice_24,True
audio_data/south/voice_24/voice_24_aug_43.wav,2.389,16000,สั่งน้ำฉุบมากัน,สั่งน้ำพริกมาด้วย,south,voice_24,voice_24,True
audio_data/south/voice_24/voice_24_aug_44.wav,2.389,16000,สั่งน้ำฉุบมากัน,สั่งน้ำพริกมาด้วย,south,voice_24,voice_24,True
audio_data/south/voice_24/voice_24_aug_45.wav,2.389,16000,สั่งน้ำฉุบมากัน,สั่งน้ำพริกมาด้วย,south,voice_24,voice_24,True
audio_data/south/voice_24/voice_24_aug_46.wav,2.389,16000,สั่งน้ำฉุบมากัน,สั่งน้ำพริกมาด้วย,south,voice_24,voice_24,True
audio_data/south/voice_24/voice_24_aug_47.wav,2.389,16000,สั่งน้ำฉุบมากัน,สั่งน้ำพริกมาด้วย,south,voice_24,voice_24,True
audio_data/south/voice_24/voice_24_aug_48.wav,2.389,16000,สั่งน้ำฉุบมากัน,สั่งน้ำพริกมาด้วย,south,voice_24,voice_24,True
audio_data/south/voice_24/voice_24_aug_49.wav,2.389,16000,สั่งน้ำฉุบมากัน,สั่งน้ำพริกมาด้วย,south,voice_24,voice_24,True
audio_data/south/voice_24/voice_24_aug_5.wav,2.389,16000,สั่งน้ำฉุบมากัน,สั่งน้ำพริกมาด้วย,south,voice_24,voice_24,True
audio_data/south/voice_24/voice_24_aug_50.wav,2.389,16000,สั่งน้ำฉุบมากัน,สั่งน้ำพริกมาด้วย,south,voice_24,voice_24,True
audio_data/south/voice_24/voice_24_aug_51.wav,2.389,16000,สั่งน้ำฉุบมากัน,สั่งน้ำพริกมาด้วย,south,voice_24,voice_24,True
audio_data/south/voice_24/voice_24_aug_52.wav,2.389,16000,สั่งน้ำฉุบมากัน,สั่งน้ำพริกมาด้วย,south,voice_24,voice_24,True
audio_data/south/voice_24/voice_24_aug_53.wav,2.389,16000,สั่งน้ำฉุบมากัน,สั่งน้ำพริกมาด้วย,south,voice_24,voice_24,True
audio_data/south/voice_24/voice_24_aug_54.wav,2.389,16000,สั่งน้ำฉุบมากัน,สั่งน้ำพริกมาด้วย,south,voice_24,voice_24,True
audio_data/south/voice_24/voice_24_aug_55.wav,2.389,16000,สั่งน้ำฉุบมากัน,สั่งน้ำพริกมาด้วย,south,voice_24,voice_24,True
audio_data/south/voice_24/voice_24_aug_56.wav,2.389,16000,สั่งน้ำฉุบมากัน,สั่งน้ำพริกมาด้วย,south,voice_24,voice_24,True
audio_data/south/voice_24/voice_24_aug_57.wav,2.389,16000,สั่งน้ำฉุบมากัน,สั่งน้ำพริกมาด้วย,south,voice_24,voice_24,True
audio_data/south/voice_24/voice_24_aug_58.wav,2.389,16000,สั่งน้ำฉุบมากัน,สั่งน้ำพริกมาด้วย,south,voice_24,voice_24,True
audio_data/south/voice_24/voice_24_aug_59.wav,2.389,16000,สั่งน้ำฉุบมากัน,สั่งน้ำพริกมาด้วย,south,voice_24,voice_24,True
audio_data/south/voice_24/voice_24_aug_6.wav,2.389,16000,สั่งน้ำฉุบมากัน,สั่งน้ำพริกมาด้วย,south,voice_24,voice_24,True
audio_data/south/voice_24/voice_24_aug_60.wav,2.389,16000,สั่งน้ำฉุบมากัน,สั่งน้ำพริกมาด้วย,south,voice_24,voice_24,True
audio_data/south/voice_24/voice_24_aug_61.wav,2.389,16000,สั่งน้ำฉุบมากัน,สั่งน้ำพริกมาด้วย,south,voice_24,voice_24,True
audio_data/south/voice_24/voice_24_aug_62.wav,2.389,16000,สั่งน้ำฉุบมากัน,สั่งน้ำพริกมาด้วย,south,voice_24,voice_24,True
audio_data/south/voice_24/voice_24_aug_63.wav,2.389,16000,สั่งน้ำฉุบมากัน,สั่งน้ำพริกมาด้วย,south,voice_24,voice_24,True
audio_data/south/voice_24/voice_24_aug_64.wav,2.389,16000,สั่งน้ำฉุบมากัน,สั่งน้ำพริกมาด้วย,south,voice_24,voice_24,True
audio_data/south/voice_24/voice_24_aug_65.wav,2.389,16000,สั่งน้ำฉุบมากัน,สั่งน้ำพริกมาด้วย,south,voice_24,voice_24,True
audio_data/south/voice_24/voice_24_aug_66.wav,2.389,16000,สั่งน้ำฉุบมากัน,สั่งน้ำพริกมาด้วย,south,voice_24,voice_24,True
audio_data/south/voice_24/voice_24_aug_67.wav,2.389,16000,สั่งน้ำฉุบมากัน,สั่งน้ำพริกมาด้วย,south,voice_24,voice_24,True
audio_data/south/voice_24/voice_24_aug_68.wav,2.389,16000,สั่งน้ำฉุบมากัน,สั่งน้ำพริกมาด้วย,south,voice_24,voice_24,True
audio_data/south/voice_24/voice_24_aug_69.wav,2.389,16000,สั่งน้ำฉุบมากัน,สั่งน้ำพริกมาด้วย,south,voice_24,voice_24,True
audio_data/south/voice_24/voice_24_aug_7.wav,2.389,16000,สั่งน้ำฉุบมากัน,สั่งน้ำพริกมาด้วย,south,voice_24,voice_24,True
audio_data/south/voice_24/voice_24_aug_70.wav,2.389,16000,สั่งน้ำฉุบมากัน,สั่งน้ำพริกมาด้วย,south,voice_24,voice_24,True
audio_data/south/voice_24/voice_24_aug_71.wav,2.389,16000,สั่งน้ำฉุบมากัน,สั่งน้ำพริกมาด้วย,south,voice_24,voice_24,True
audio_data/south/voice_24/voice_24_aug_72.wav,2.389,16000,สั่งน้ำฉุบมากัน,สั่งน้ำพริกมาด้วย,south,voice_24,voice_24,True
audio_data/south/voice_24/voice_24_aug_73.wav,2.389,16000,สั่งน้ำฉุบมากัน,สั่งน้ำพริกมาด้วย,south,voice_24,voice_24,True
audio_data/south/voice_24/voice_24_aug_74.wav,2.389,16000,สั่งน้ำฉุบมากัน,สั่งน้ำพริกมาด้วย,south,voice_24,voice_24,True
audio_data/south/voice_24/voice_24_aug_75.wav,2.389,16000,สั่งน้ำฉุบมากัน,สั่งน้ำพริกมาด้วย,south,voice_24,voice_24,True
audio_data/south/voice_24/voice_24_aug_76.wav,2.389,16000,สั่งน้ำฉุบมากัน,สั่งน้ำพริกมาด้วย,south,voice_24,voice_24,True
audio_data/south/voice_24/voice_24_aug_77.wav,2.389,16000,สั่งน้ำฉุบมากัน,สั่งน้ำพริกมาด้วย,south,voice_24,voice_24,True
audio_data/south/voice_24/voice_24_aug_78.wav,2.389,16000,สั่งน้ำฉุบมากัน,สั่งน้ำพริกมาด้วย,south,voice_24,voice_24,True
audio_data/south/voice_24/voice_24_aug_79.wav,2.389,16000,สั่งน้ำฉุบมากัน,สั่งน้ำพริกมาด้วย,south,voice_24,voice_24,True
audio_data/south/voice_24/voice_24_aug_8.wav,2.389,16000,สั่งน้ำฉุบมากัน,สั่งน้ำพริกมาด้วย,south,voice_24,voice_24,True
audio_data/south/voice_24/voice_24_aug_80.wav,2.389,16000,สั่งน้ำฉุบมากัน,สั่งน้ำพริกมาด้วย,south,voice_24,voice_24,True
audio_data/south/voice_24/voice_24_aug_81.wav,2.389,16000,สั่งน้ำฉุบมากัน,สั่งน้ำพริกมาด้วย,south,voice_24,voice_24,True
audio_data/south/voice_24/voice_24_aug_82.wav,2.389,16000,สั่งน้ำฉุบมากัน,สั่งน้ำพริกมาด้วย,south,voice_24,voice_24,True
audio_data/south/voice_24/voice_24_aug_83.wav,2.389,16000,สั่งน้ำฉุบมากัน,สั่งน้ำพริกมาด้วย,south,voice_24,voice_24,True
audio_data/south/voice_24/voice_24_aug_84.wav,2.389,16000,สั่งน้ำฉุบมากัน,สั่งน้ำพริกมาด้วย,south,voice_24,voice_24,True
audio_data/south/voice_24/voice_24_aug_85.wav,2.389,16000,สั่งน้ำฉุบมากัน,สั่งน้ำพริกมาด้วย,south,voice_24,voice_24,True
audio_data/south/voice_24/voice_24_aug_86.wav,2.389,16000,สั่งน้ำฉุบมากัน,สั่งน้ำพริกมาด้วย,south,voice_24,voice_24,True
audio_data/south/voice_24/voice_24_aug_87.wav,2.389,16000,สั่งน้ำฉุบมากัน,สั่งน้ำพริกมาด้วย,south,voice_24,voice_24,True
audio_data/south/voice_24/voice_24_aug_88.wav,2.389,16000,สั่งน้ำฉุบมากัน,สั่งน้ำพริกมาด้วย,south,voice_24,voice_24,True
audio_data/south/voice_24/voice_24_aug_89.wav,2.389,16000,สั่งน้ำฉุบมากัน,สั่งน้ำพริกมาด้วย,south,voice_24,voice_24,True
audio_data/south/voice_24/voice_24_aug_9.wav,2.389,16000,สั่งน้ำฉุบมากัน,สั่งน้ำพริกมาด้วย,south,voice_24,voice_24,True
audio_data/south/voice_24/voice_24_aug_90.wav,2.389,16000,สั่งน้ำฉุบมากัน,สั่งน้ำพริกมาด้วย,south,voice_24,voice_24,True
audio_data/south/voice_24/voice_24_aug_91.wav,2.389,16000,สั่งน้ำฉุบมากัน,สั่งน้ำพริกมาด้วย,south,voice_24,voice_24,True
audio_data/south/voice_24/voice_24_aug_92.wav,2.389,16000,สั่งน้ำฉุบมากัน,สั่งน้ำพริกมาด้วย,south,voice_24,voice_24,True
audio_data/south/voice_24/voice_24_aug_93.wav,2.389,16000,สั่งน้ำฉุบมากัน,สั่งน้ำพริกมาด้วย,south,voice_24,voice_24,True
audio_data/south/voice_24/voice_24_aug_94.wav,2.389,16000,สั่งน้ำฉุบมากัน,สั่งน้ำพริกมาด้วย,south,voice_24,voice_24,True
audio_data/south/voice_24/voice_24_aug_95.wav,2.389,16000,สั่งน้ำฉุบมากัน,สั่งน้ำพริกมาด้วย,south,voice_24,voice_24,True
audio_data/south/voice_24/voice_24_aug_96.wav,2.389,16000,สั่งน้ำฉุบมากัน,สั่งน้ำพริกมาด้วย,south,voice_24,voice_24,True
audio_data/south/voice_24/voice_24_aug_97.wav,2.389,16000,สั่งน้ำฉุบมากัน,สั่งน้ำพริกมาด้วย,south,voice_24,voice_24,True
audio_data/south/voice_24/voice_24_aug_98.wav,2.389,16000,สั่งน้ำฉุบมากัน,สั่งน้ำพริกมาด้วย,south,voice_24,voice_24,True
audio_data/south/voice_24/voice_24_aug_99.wav,2.389,16000,สั่งน้ำฉุบมากัน,สั่งน้ำพริกมาด้วย,south,voice_24,voice_24,True
audio_data/south/voice_25/voice_25_1.wav,3.072,16000,เคยกินน้ำชุบเคยหม้าย,เคยกินน้ำพริกกะปิไหม,south,voice_25,voice_25_1,False
audio_data/south/voice_25/voice_25_aug_1.wav,3.072,16000,เคยกินน้ำชุบเคยหม้าย,เคยกินน้ำพริกกะปิไหม,south,voice_25,voice_25,True
audio_data/south/voice_25/voice_25_aug_10.wav,3.072,16000,เคยกินน้ำชุบเคยหม้าย,เคยกินน้ำพริกกะปิไหม,south,voice_25,voice_25,True
audio_data/south/voice_25/voice_25_aug_100.wav,3.072,16000,เคยกินน้ำชุบเคยหม้าย,เคยกินน้ำพริกกะปิไหม,south,voice_25,voice_25,True
audio_data/south/voice_25/voice_25_aug_11.wav,3.072,16000,เคยกินน้ำชุบเคยหม้าย,เคยกินน้ำพริกกะปิไหม,south,voice_25,voice_25,True
audio_data/south/voice_25/voice_25_aug_12.wav,3.072,16000,เคยกินน้ำชุบเคยหม้าย,เคยกินน้ำพริกกะปิไหม,south,voice_25,voice_25,True
audio_data/south/voice_25/voice_25_aug_13.wav,3.072,16000,เคยกินน้ำชุบเคยหม้าย,เคยกินน้ำพริกกะปิไหม,south,voice_25,voice_25,True
audio_data/south/voice_25/voice_25_aug_14.wav,3.072,16000,เคยกินน้ำชุบเคยหม้าย,เคยกินน้ำพริกกะปิไหม,south,voice_25,voice_25,True
audio_data/south/voice_25/voice_25_aug_15.wav,3.072,16000,เคยกินน้ำชุบเคยหม้าย,เคยกินน้ำพริกกะปิไหม,south,voice_25,voice_25,True
audio_data/south/voice_25/voice_25_aug_16.wav,3.072,16000,เคยกินน้ำชุบเคยหม้าย,เคยกินน้ำพริกกะปิไหม,south,voice_25,voice_25,True
audio_data/south/voice_25/voice_25_aug_17.wav,3.072,16000,เคยกินน้ำชุบเคยหม้าย,เคยกินน้ำพริกกะปิไหม,south,voice_25,voice_25,True
audio_data/south/voice_25/voice_25_aug_18.wav,3.072,16000,เคยกินน้ำชุบเคยหม้าย,เคยกินน้ำพริกกะปิไหม,south,voice_25,voice_25,True
audio_data/south/voice_25/voice_25_aug_19.wav,3.072,16000,เคยกินน้ำชุบเคยหม้าย,เคยกินน้ำพริกกะปิไหม,south,voice_25,voice_25,True
audio_data/south/voice_25/voice_25_aug_2.wav,3.072,16000,เคยกินน้ำชุบเคยหม้าย,เคยกินน้ำพริกกะปิไหม,south,voice_25,voice_25,True
audio_data/south/voice_25/voice_25_aug_20.wav,3.072,16000,เคยกินน้ำชุบเคยหม้าย,เคยกินน้ำพริกกะปิไหม,south,voice_25,voice_25,True
audio_data/south/voice_25/voice_25_aug_21.wav,3.072,16000,เคยกินน้ำชุบเคยหม้าย,เคยกินน้ำพริกกะปิไหม,south,voice_25,voice_25,True
audio_data/south/voice_25/voice_25_aug_22.wav,3.072,16000,เคยกินน้ำชุบเคยหม้าย,เคยกินน้ำพริกกะปิไหม,south,voice_25,voice_25,True
audio_data/south/voice_25/voice_25_aug_23.wav,3.072,16000,เคยกินน้ำชุบเคยหม้าย,เคยกินน้ำพริกกะปิไหม,south,voice_25,voice_25,True
audio_data/south/voice_25/voice_25_aug_24.wav,3.072,16000,เคยกินน้ำชุบเคยหม้าย,เคยกินน้ำพริกกะปิไหม,south,voice_25,voice_25,True
audio_data/south/voice_25/voice_25_aug_25.wav,3.072,16000,เคยกินน้ำชุบเคยหม้าย,เคยกินน้ำพริกกะปิไหม,south,voice_25,voice_25,True
audio_data/south/voice_25/voice_25_aug_26.wav,3.072,16000,เคยกินน้ำชุบเคยหม้าย,เคยกินน้ำพริกกะปิไหม,south,voice_25,voice_25,True
audio_data/south/voice_25/voice_25_aug_27.wav,3.072,16000,เคยกินน้ำชุบเคยหม้าย,เคยกินน้ำพริกกะปิไหม,south,voice_25,voice_25,True
audio_data/south/voice_25/voice_25_aug_28.wav,3.072,16000,เคยกินน้ำชุบเคยหม้าย,เคยกินน้ำพริกกะปิไหม,south,voice_25,voice_25,True
audio_data/south/voice_25/voice_25_aug_29.wav,3.072,16000,เคยกินน้ำชุบเคยหม้าย,เคยกินน้ำพริกกะปิไหม,south,voice_25,voice_25,True
audio_data/south/voice_25/voice_25_aug_3.wav,3.072,16000,เคยกินน้ำชุบเคยหม้าย,เคยกินน้ำพริกกะปิไหม,south,voice_25,voice_25,True
audio_data/south/voice_25/voice_25_aug_30.wav,3.072,16000,เคยกินน้ำชุบเคยหม้าย,เคยกินน้ำพริกกะปิไหม,south,voice_25,voice_25,True
audio_data/south/voice_25/voice_25_aug_31.wav,3.072,16000,เคยกินน้ำชุบเคยหม้าย,เคยกินน้ำพริกกะปิไหม,south,voice_25,voice_25,True
audio_data/south/voice_25/voice_25_aug_32.wav,3.072,16000,เคยกินน้ำชุบเคยหม้าย,เคยกินน้ำพริกกะปิไหม,south,voice_25,voice_25,True
audio_data/south/voice_25/voice_25_aug_33.wav,3.072,16000,เคยกินน้ำชุบเคยหม้าย,เคยกินน้ำพริกกะปิไหม,south,voice_25,voice_25,True
audio_data/south/voice_25/voice_25_aug_34.wav,3.072,16000,เคยกินน้ำชุบเคยหม้าย,เคยกินน้ำพริกกะปิไหม,south,voice_25,voice_25,True
audio_data/south/voice_25/voice_25_aug_35.wav,3.072,16000,เคยกินน้ำชุบเคยหม้าย,เคยกินน้ำพริกกะปิไหม,south,voice_25,voice_25,True
audio_data/south/voice_25/voice_25_aug_36.wav,3.072,16000,เคยกินน้ำชุบเคยหม้าย,เคยกินน้ำพริกกะปิไหม,south,voice_25,voice_25,True
audio_data/south/voice_25/voice_25_aug_37.wav,3.072,16000,เคยกินน้ำชุบเคยหม้าย,เคยกินน้ำพริกกะปิไหม,south,voice_25,voice_25,True
audio_data/south/voice_25/voice_25_aug_38.wav,3.072,16000,เคยกินน้ำชุบเคยหม้าย,เคยกินน้ำพริกกะปิไหม,south,voice_25,voice_25,True
audio_data/south/voice_25/voice_25_aug_39.wav,3.072,16000,เคยกินน้ำชุบเคยหม้าย,เคยกินน้ำพริกกะปิไหม,south,voice_25,voice_25,True
audio_data/south/voice_25/voice_25_aug_4.wav,3.072,16000,เคยกินน้ำชุบเคยหม้าย,เคยกินน้ำพริกกะปิไหม,south,voice_25,voice_25,True
audio_data/south/voice_25/voice_25_aug_40.wav,3.072,16000,เคยกินน้ำชุบเคยหม้าย,เคยกินน้ำพริกกะปิไหม,south,voice_25,voice_25,True
audio_data/south/voice_25/voice_25_aug_41.wav,3.072,16000,เคยกินน้ำชุบเคยหม้าย,เคยกินน้ำพริกกะปิไหม,south,voice_25,voice_25,True
audio_data/south/voice_25/voice_25_aug_42.wav,3.072,16000,เคยกินน้ำชุบเคยหม้าย,เคยกินน้ำพริกกะปิไหม,south,voice_25,voice_25,True
audio_data/south/voice_25/voice_25_aug_43.wav,3.072,16000,เคยกินน้ำชุบเคยหม้าย,เคยกินน้ำพริกกะปิไหม,south,voice_25,voice_25,True
audio_data/south/voice_25/voice_25_aug_44.wav,3.072,16000,เคยกินน้ำชุบเคยหม้าย,เคยกินน้ำพริกกะปิไหม,south,voice_25,voice_25,True
audio_data/south/voice_25/voice_25_aug_45.wav,3.072,16000,เคยกินน้ำชุบเคยหม้าย,เคยกินน้ำพริกกะปิไหม,south,voice_25,voice_25,True
audio_data/south/voice_25/voice_25_aug_46.wav,3.072,16000,เคยกินน้ำชุบเคยหม้าย,เคยกินน้ำพริกกะปิไหม,south,voice_25,voice_25,True
audio_data/south/voice_25/voice_25_aug_47.wav,3.072,16000,เคยกินน้ำชุบเคยหม้าย,เคยกินน้ำพริกกะปิไหม,south,voice_25,voice_25,True
audio_data/south/voice_25/voice_25_aug_48.wav,3.072,16000,เคยกินน้ำชุบเคยหม้าย,เคยกินน้ำพริกกะปิไหม,south,voice_25,voice_25,True
audio_data/south/voice_25/voice_25_aug_49.wav,3.072,16000,เคยกินน้ำชุบเคยหม้าย,เคยกินน้ำพริกกะปิไหม,south,voice_25,voice_25,True
audio_data/south/voice_25/voice_25_aug_5.wav,3.072,16000,เคยกินน้ำชุบเคยหม้าย,เคยกินน้ำพริกกะปิไหม,south,voice_25,voice_25,True
audio_data/south/voice_25/voice_25_aug_50.wav,3.072,16000,เคยกินน้ำชุบเคยหม้าย,เคยกินน้ำพริกกะปิไหม,south,voice_25,voice_25,True
audio_data/south/voice_25/voice_25_aug_51.wav,3.072,16000,เคยกินน้ำชุบเคยหม้าย,เคยกินน้ำพริกกะปิไหม,south,voice_25,voice_25,True
audio_data/south/voice_25/voice_25_aug_52.wav,3.072,16000,เคยกินน้ำชุบเคยหม้าย,เคยกินน้ำพริกกะปิไหม,south,voice_25,voice_25,True
audio_data/south/voice_25/voice_25_aug_53.wav,3.072,16000,เคยกินน้ำชุบเคยหม้าย,เคยกินน้ำพริกกะปิไหม,south,voice_25,voice_25,True
audio_data/south/voice_25/voice_25_aug_54.wav,3.072,16000,เคยกินน้ำชุบเคยหม้าย,เคยกินน้ำพริกกะปิไหม,south,voice_25,voice_25,True
audio_data/south/voice_25/voice_25_aug_55.wav,3.072,16000,เคยกินน้ำชุบเคยหม้าย,เคยกินน้ำพริกกะปิไหม,south,voice_25,voice_25,True
audio_data/south/voice_25/voice_25_aug_56.wav,3.072,16000,เคยกินน้ำชุบเคยหม้าย,เคยกินน้ำพริกกะปิไหม,south,voice_25,voice_25,True
audio_data/south/voice_25/voice_25_aug_57.wav,3.072,16000,เคยกินน้ำชุบเคยหม้าย,เคยกินน้ำพริกกะปิไหม,south,voice_25,voice_25,True
audio_data/south/voice_25/voice_25_aug_58.wav,3.072,16000,เคยกินน้ำชุบเคยหม้าย,เคยกินน้ำพริกกะปิไหม,south,voice_25,voice_25,True
audio_data/south/voice_25/voice_25_aug_59.wav,3.072,16000,เคยกินน้ำชุบเคยหม้าย,เคยกินน้ำพริกกะปิไหม,south,voice_25,voice_25,True
audio_data/south/voice_25/voice_25_aug_6.wav,3.072,16000,เคยกินน้ำชุบเคยหม้าย,เคยกินน้ำพริกกะปิไหม,south,voice_25,voice_25,True
audio_data/south/voice_25/voice_25_aug_60.wav,3.072,16000,เคยกินน้ำชุบเคยหม้าย,เคยกินน้ำพริกกะปิไหม,south,voice_25,voice_25,True
audio_data/south/voice_25/voice_25_aug_61.wav,3.072,16000,เคยกินน้ำชุบเคยหม้าย,เคยกินน้ำพริกกะปิไหม,south,voice_25,voice_25,True
audio_data/south/voice_25/voice_25_aug_62.wav,3.072,16000,เคยกินน้ำชุบเคยหม้าย,เคยกินน้ำพริกกะปิไหม,south,voice_25,voice_25,True
audio_data/south/voice_25/voice_25_aug_63.wav,3.072,16000,เคยกินน้ำชุบเคยหม้าย,เคยกินน้ำพริกกะปิไหม,south,voice_25,voice_25,True
audio_data/south/voice_25/voice_25_aug_64.wav,3.072,16000,เคยกินน้ำชุบเคยหม้าย,เคยกินน้ำพริกกะปิไหม,south,voice_25,voice_25,True
audio_data/south/voice_25/voice_25_aug_65.wav,3.072,16000,เคยกินน้ำชุบเคยหม้าย,เคยกินน้ำพริกกะปิไหม,south,voice_25,voice_25,True
audio_data/south/voice_25/voice_25_aug_66.wav,3.072,16000,เคยกินน้ำชุบเคยหม้าย,เคยกินน้ำพริกกะปิไหม,south,voice_25,voice_25,True
audio_data/south/voice_25/voice_25_aug_67.wav,3.072,16000,เคยกินน้ำชุบเคยหม้าย,เคยกินน้ำพริกกะปิไหม,south,voice_25,voice_25,True
audio_data/south/voice_25/voice_25_aug_68.wav,3.072,16000,เคยกินน้ำชุบเคยหม้าย,เคยกินน้ำพริกกะปิไหม,south,voice_25,voice_25,True
audio_data/south/voice_25/voice_25_aug_69.wav,3.072,16000,เคยกินน้ำชุบเคยหม้าย,เคยกินน้ำพริกกะปิไหม,south,voice_25,voice_25,True
audio_data/south/voice_25/voice_25_aug_7.wav,3.072,16000,เคยกินน้ำชุบเคยหม้าย,เคยกินน้ำพริกกะปิไหม,south,voice_25,voice_25,True
audio_data/south/voice_25/voice_25_aug_70.wav,3.072,16000,เคยกินน้ำชุบเคยหม้าย,เคยกินน้ำพริกกะปิไหม,south,voice_25,voice_25,True
audio_data/south/voice_25/voice_25_aug_71.wav,3.072,16000,เคยกินน้ำชุบเคยหม้าย,เคยกินน้ำพริกกะปิไหม,south,voice_25,voice_25,True
audio_data/south/voice_25/voice_25_aug_72.wav,3.072,16000,เคยกินน้ำชุบเคยหม้าย,เคยกินน้ำพริกกะปิไหม,south,voice_25,voice_25,True
audio_data/south/voice_25/voice_25_aug_73.wav,3.072,16000,เคยกินน้ำชุบเคยหม้าย,เคยกินน้ำพริกกะปิไหม,south,voice_25,voice_25,True
audio_data/south/voice_25/voice_25_aug_74.wav,3.072,16000,เคยกินน้ำชุบเคยหม้าย,เคยกินน้ำพริกกะปิไหม,south,voice_25,voice_25,True
audio_data/south/voice_25/voice_25_aug_75.wav,3.072,16000,เคยกินน้ำชุบเคยหม้าย,เคยกินน้ำพริกกะปิไหม,south,voice_25,voice_25,True
audio_data/south/voice_25/voice_25_aug_76.wav,3.072,16000,เคยกินน้ำชุบเคยหม้าย,เคยกินน้ำพริกกะปิไหม,south,voice_25,voice_25,True
audio_data/south/voice_25/voice_25_aug_77.wav,3.072,16000,เคยกินน้ำชุบเคยหม้าย,เคยกินน้ำพริกกะปิไหม,south,voice_25,voice_25,True
audio_data/south/voice_25/voice_25_aug_78.wav,3.072,16000,เคยกินน้ำชุบเคยหม้าย,เคยกินน้ำพริกกะปิไหม,south,voice_25,voice_25,True
audio_data/south/voice_25/voice_25_aug_79.wav,3.072,16000,เคยกินน้ำชุบเคยหม้าย,เคยกินน้ำพริกกะปิไหม,south,voice_25,voice_25,True
audio_data/south/voice_25/voice_25_aug_8.wav,3.072,16000,เคยกินน้ำชุบเคยหม้าย,เคยกินน้ำพริกกะปิไหม,south,voice_25,voice_25,True
audio_data/south/voice_25/voice_25_aug_80.wav,3.072,16000,เคยกินน้ำชุบเคยหม้าย,เคยกินน้ำพริกกะปิไหม,south,voice_25,voice_25,True
audio_data/south/voice_25/voice_25_aug_81.wav,3.072,16000,เคยกินน้ำชุบเคยหม้าย,เคยกินน้ำพริกกะปิไหม,south,voice_25,voice_25,True
audio_data/south/voice_25/voice_25_aug_82.wav,3.072,16000,เคยกินน้ำชุบเคยหม้าย,เคยกินน้ำพริกกะปิไหม,south,voice_25,voice_25,True
audio_data/south/voice_25/voice_25_aug_83.wav,3.072,16000,เคยกินน้ำชุบเคยหม้าย,เคยกินน้ำพริกกะปิไหม,south,voice_25,voice_25,True
audio_data/south/voice_25/voice_25_aug_84.wav,3.072,16000,เคยกินน้ำชุบเคยหม้าย,เคยกินน้ำพริกกะปิไหม,south,voice_25,voice_25,True
audio_data/south/voice_25/voice_25_aug_85.wav,3.072,16000,เคยกินน้ำชุบเคยหม้าย,เคยกินน้ำพริกกะปิไหม,south,voice_25,voice_25,True
audio_data/south/voice_25/voice_25_aug_86.wav,3.072,16000,เคยกินน้ำชุบเคยหม้าย,เคยกินน้ำพริกกะปิไหม,south,voice_25,voice_25,True
audio_data/south/voice_25/voice_25_aug_87.wav,3.072,16000,เคยกินน้ำชุบเคยหม้าย,เคยกินน้ำพริกกะปิไหม,south,voice_25,voice_25,True
audio_data/south/voice_25/voice_25_aug_88.wav,3.072,16000,เคยกินน้ำชุบเคยหม้าย,เคยกินน้ำพริกกะปิไหม,south,voice_25,voice_25,True
audio_data/south/voice_25/voice_25_aug_89.wav,3.072,16000,เคยกินน้ำชุบเคยหม้าย,เคยกินน้ำพริกกะปิไหม,south,voice_25,voice_25,True
audio_data/south/voice_25/voice_25_aug_9.wav,3.072,16000,เคยกินน้ำชุบเคยหม้าย,เคยกินน้ำพริกกะปิไหม,south,voice_25,voice_25,True
audio_data/south/voice_25/voice_25_aug_90.wav,3.072,16000,เคยกินน้ำชุบเคยหม้าย,เคยกินน้ำพริกกะปิไหม,south,voice_25,voice_25,True
audio_data/south/voice_25/voice_25_aug_91.wav,3.072,16000,เคยกินน้ำชุบเคยหม้าย,เคยกินน้ำพริกกะปิไหม,south,voice_25,voice_25,True
audio_data/south/voice_25/voice_25_aug_92.wav,3.072,16000,เคยกินน้ำชุบเคยหม้าย,เคยกินน้ำพริกกะปิไหม,south,voice_25,voice_25,True
audio_data/south/voice_25/voice_25_aug_93.wav,3.072,16000,เคยกินน้ำชุบเคยหม้าย,เคยกินน้ำพริกกะปิไหม,south,voice_25,voice_25,True
audio_data/south/voice_25/voice_25_aug_94.wav,3.072,16000,เคยกินน้ำชุบเคยหม้าย,เคยกินน้ำพริกกะปิไหม,south,voice_25,voice_25,True
audio_data/south/voice_25/voice_25_aug_95.wav,3.072,16000,เคยกินน้ำชุบเคยหม้าย,เคยกินน้ำพริกกะปิไหม,south,voice_25,voice_25,True
audio_data/south/voice_25/voice_25_aug_96.wav,3.072,16000,เคยกินน้ำชุบเคยหม้าย,เคยกินน้ำพริกกะปิไหม,south,voice_25,voice_25,True
audio_data/south/voice_25/voice_25_aug_97.wav,3.072,16000,เคยกินน้ำชุบเคยหม้าย,เคยกินน้ำพริกกะปิไหม,south,voice_25,voice_25,True
audio_data/south/voice_25/voice_25_aug_98.wav,3.072,16000,เคยกินน้ำชุบเคยหม้าย,เคยกินน้ำพริกกะปิไหม,south,voice_25,voice_25,True
audio_data/south/voice_25/voice_25_aug_99.wav,3.072,16000,เคยกินน้ำชุบเคยหม้าย,เคยกินน้ำพริกกะปิไหม,south,voice_25,voice_25,True
audio_data/south/voice_26/voice_26_1.wav,2.453,16000,จะไปไหนหลาววันนี้,วันนี้จะไปไหนเหรอ,south,voice_26,voice_26_1,False
audio_data/south/voice_26/voice_26_aug_1.wav,2.453,16000,จะไปไหนหลาววันนี้,วันนี้จะไปไหนเหรอ,south,voice_26,voice_26,True
audio_data/south/voice_26/voice_26_aug_10.wav,2.453,16000,จะไปไหนหลาววันนี้,วันนี้จะไปไหนเหรอ,south,voice_26,voice_26,True
audio_data/south/voice_26/voice_26_aug_100.wav,2.453,16000,จะไปไหนหลาววันนี้,วันนี้จะไปไหนเหรอ,south,voice_26,voice_26,True
audio_data/south/voice_26/voice_26_aug_11.wav,2.453,16000,จะไปไหนหลาววันนี้,วันนี้จะไปไหนเหรอ,south,voice_26,voice_26,True
audio_data/south/voice_26/voice_26_aug_12.wav,2.453,16000,จะไปไหนหลาววันนี้,วันนี้จะไปไหนเหรอ,south,voice_26,voice_26,True
audio_data/south/voice_26/voice_26_aug_13.wav,2.453,16000,จะไปไหนหลาววันนี้,วันนี้จะไปไหนเหรอ,south,voice_26,voice_26,True
audio_data/south/voice_26/voice_26_aug_14.wav,2.453,16000,จะไปไหนหลาววันนี้,วันนี้จะไปไหนเหรอ,south,voice_26,voice_26,True
audio_data/south/voice_26/voice_26_aug_15.wav,2.453,16000,จะไปไหนหลาววันนี้,วันนี้จะไปไหนเหรอ,south,voice_26,voice_26,True
audio_data/south/voice_26/voice_26_aug_16.wav,2.453,16000,จะไปไหนหลาววันนี้,วันนี้จะไปไหนเหรอ,south,voice_26,voice_26,True
audio_data/south/voice_26/voice_26_aug_17.wav,2.453,16000,จะไปไหนหลาววันนี้,วันนี้จะไปไหนเหรอ,south,voice_26,voice_26,True
audio_data/south/voice_26/voice_26_aug_18.wav,2.453,16000,จะไปไหนหลาววันนี้,วันนี้จะไปไหนเหรอ,south,voice_26,voice_26,True
audio_data/south/voice_26/voice_26_aug_19.wav,2.453,16000,จะไปไหนหลาววันนี้,วันนี้จะไปไหนเหรอ,south,voice_26,voice_26,True
audio_data/south/voice_26/voice_26_aug_2.wav,2.453,16000,จะไปไหนหลาววันนี้,วันนี้จะไปไหนเหรอ,south,voice_26,voice_26,True
audio_data/south/voice_26/voice_26_aug_20.wav,2.453,16000,จะไปไหนหลาววันนี้,วันนี้จะไปไหนเหรอ,south,voice_26,voice_26,True
audio_data/south/voice_26/voice_26_aug_21.wav,2.453,16000,จะไปไหนหลาววันนี้,วันนี้จะไปไหนเหรอ,south,voice_26,voice_26,True
audio_data/south/voice_26/voice_26_aug_22.wav,2.453,16000,จะไปไหนหลาววันนี้,วันนี้จะไปไหนเหรอ,south,voice_26,voice_26,True
audio_data/south/voice_26/voice_26_aug_23.wav,2.453,16000,จะไปไหนหลาววันนี้,วันนี้จะไปไหนเหรอ,south,voice_26,voice_26,True
audio_data/south/voice_26/voice_26_aug_24.wav,2.453,16000,จะไปไหนหลาววันนี้,วันนี้จะไปไหนเหรอ,south,voice_26,voice_26,True
audio_data/south/voice_26/voice_26_aug_25.wav,2.453,16000,จะไปไหนหลาววันนี้,วันนี้จะไปไหนเหรอ,south,voice_26,voice_26,True
audio_data/south/voice_26/voice_26_aug_26.wav,2.453,16000,จะไปไหนหลาววันนี้,วันนี้จะไปไหนเหรอ,south,voice_26,voice_26,True
audio_data/south/voice_26/voice_26_aug_27.wav,2.453,16000,จะไปไหนหลาววันนี้,วันนี้จะไปไหนเหรอ,south,voice_26,voice_26,True
audio_data/south/voice_26/voice_26_aug_28.wav,2.453,16000,จะไปไหนหลาววันนี้,วันนี้จะไปไหนเหรอ,south,voice_26,voice_26,True
audio_data/south/voice_26/voice_26_aug_29.wav,2.453,16000,จะไปไหนหลาววันนี้,วันนี้จะไปไหนเหรอ,south,voice_26,voice_26,True
audio_data/south/voice_26/voice_26_aug_3.wav,2.453,16000,จะไปไหนหลาววันนี้,วันนี้จะไปไหนเหรอ,south,voice_26,voice_26,True
audio_data/south/voice_26/voice_26_aug_30.wav,2.453,16000,จะไปไหนหลาววันนี้,วันนี้จะไปไหนเหรอ,south,voice_26,voice_26,True
audio_data/south/voice_26/voice_26_aug_31.wav,2.453,16000,จะไปไหนหลาววันนี้,วันนี้จะไปไหนเหรอ,south,voice_26,voice_26,True
audio_data/south/voice_26/voice_26_aug_32.wav,2.453,16000,จะไปไหนหลาววันนี้,วันนี้จะไปไหนเหรอ,south,voice_26,voice_26,True
audio_data/south/voice_26/voice_26_aug_33.wav,2.453,16000,จะไปไหนหลาววันนี้,วันนี้จะไปไหนเหรอ,south,voice_26,voice_26,True
audio_data/south/voice_26/voice_26_aug_34.wav,2.453,16000,จะไปไหนหลาววันนี้,วันนี้จะไปไหนเหรอ,south,voice_26,voice_26,True
audio_data/south/voice_26/voice_26_aug_35.wav,2.453,16000,จะไปไหนหลาววันนี้,วันนี้จะไปไหนเหรอ,south,voice_26,voice_26,True
audio_data/south/voice_26/voice_26_aug_36.wav,2.453,16000,จะไปไหนหลาววันนี้,วันนี้จะไปไหนเหรอ,south,voice_26,voice_26,True
audio_data/south/voice_26/voice_26_aug_37.wav,2.453,16000,จะไปไหนหลาววันนี้,วันนี้จะไปไหนเหรอ,south,voice_26,voice_26,True
audio_data/south/voice_26/voice_26_aug_38.wav,2.453,16000,จะไปไหนหลาววันนี้,วันนี้จะไปไหนเหรอ,south,voice_26,voice_26,True
audio_data/south/voice_26/voice_26_aug_39.wav,2.453,16000,จะไปไหนหลาววันนี้,วันนี้จะไปไหนเหรอ,south,voice_26,voice_26,True
audio_data/south/voice_26/voice_26_aug_4.wav,2.453,16000,จะไปไหนหลาววันนี้,วันนี้จะไปไหนเหรอ,south,voice_26,voice_26,True
audio_data/south/voice_26/voice_26_aug_40.wav,2.453,16000,จะไปไหนหลาววันนี้,วันนี้จะไปไหนเหรอ,south,voice_26,voice_26,True
audio_data/south/voice_26/voice_26_aug_41.wav,2.453,16000,จะไปไหนหลาววันนี้,วันนี้จะไปไหนเหรอ,south,voice_26,voice_26,True
audio_data/south/voice_26/voice_26_aug_42.wav,2.453,16000,จะไปไหนหลาววันนี้,วันนี้จะไปไหนเหรอ,south,voice_26,voice_26,True
audio_data/south/voice_26/voice_26_aug_43.wav,2.453,16000,จะไปไหนหลาววันนี้,วันนี้จะไปไหนเหรอ,south,voice_26,voice_26,True
audio_data/south/voice_26/voice_26_aug_44.wav,2.453,16000,จะไปไหนหลาววันนี้,วันนี้จะไปไหนเหรอ,south,voice_26,voice_26,True
audio_data/south/voice_26/voice_26_aug_45.wav,2.453,16000,จะไปไหนหลาววันนี้,วันนี้จะไปไหนเหรอ,south,voice_26,voice_26,True
audio_data/south/voice_26/voice_26_aug_46.wav,2.453,16000,จะไปไหนหลาววันนี้,วันนี้จะไปไหนเหรอ,south,voice_26,voice_26,True
audio_data/south/voice_26/voice_26_aug_47.wav,2.453,16000,จะไปไหนหลาววันนี้,วันนี้จะไปไหนเหรอ,south,voice_26,voice_26,True
audio_data/south/voice_26/voice_26_aug_48.wav,2.453,16000,จะไปไหนหลาววันนี้,วันนี้จะไปไหนเหรอ,south,voice_26,voice_26,True
audio_data/south/voice_26/voice_26_aug_49.wav,2.453,16000,จะไปไหนหลาววันนี้,วันนี้จะไปไหนเหรอ,south,voice_26,voice_26,True
audio_data/south/voice_26/voice_26_aug_5.wav,2.453,16000,จะไปไหนหลาววันนี้,วันนี้จะไปไหนเหรอ,south,voice_26,voice_26,True
audio_data/south/voice_26/voice_26_aug_50.wav,2.453,16000,จะไปไหนหลาววันนี้,วันนี้จะไปไหนเหรอ,south,voice_26,voice_26,True
audio_data/south/voice_26/voice_26_aug_51.wav,2.453,16000,จะไปไหนหลาววันนี้,วันนี้จะไปไหนเหรอ,south,voice_26,voice_26,True
audio_data/south/voice_26/voice_26_aug_52.wav,2.453,16000,จะไปไหนหลาววันนี้,วันนี้จะไปไหนเหรอ,south,voice_26,voice_26,True
audio_data/south/voice_26/voice_26_aug_53.wav,2.453,16000,จะไปไหนหลาววันนี้,วันนี้จะไปไหนเหรอ,south,voice_26,voice_26,True
audio_data/south/voice_26/voice_26_aug_54.wav,2.453,16000,จะไปไหนหลาววันนี้,วันนี้จะไปไหนเหรอ,south,voice_26,voice_26,True
audio_data/south/voice_26/voice_26_aug_55.wav,2.453,16000,จะไปไหนหลาววันนี้,วันนี้จะไปไหนเหรอ,south,voice_26,voice_26,True
audio_data/south/voice_26/voice_26_aug_56.wav,2.453,16000,จะไปไหนหลาววันนี้,วันนี้จะไปไหนเหรอ,south,voice_26,voice_26,True
audio_data/south/voice_26/voice_26_aug_57.wav,2.453,16000,จะไปไหนหลาววันนี้,วันนี้จะไปไหนเหรอ,south,voice_26,voice_26,True
audio_data/south/voice_26/voice_26_aug_58.wav,2.453,16000,จะไปไหนหลาววันนี้,วันนี้จะไปไหนเหรอ,south,voice_26,voice_26,True
audio_data/south/voice_26/voice_26_aug_59.wav,2.453,16000,จะไปไหนหลาววันนี้,วันนี้จะไปไหนเหรอ,south,voice_26,voice_26,True
audio_data/south/voice_26/voice_26_aug_6.wav,2.453,16000,จะไปไหนหลาววันนี้,วันนี้จะไปไหนเหรอ,south,voice_26,voice_26,True
audio_data/south/voice_26/voice_26_aug_60.wav,2.453,16000,จะไปไหนหลาววันนี้,วันนี้จะไปไหนเหรอ,south,voice_26,voice_26,True
audio_data/south/voice_26/voice_26_aug_61.wav,2.453,16000,จะไปไหนหลาววันนี้,วันนี้จะไปไหนเหรอ,south,voice_26,voice_26,True
audio_data/south/voice_26/voice_26_aug_62.wav,2.453,16000,จะไปไหนหลาววันนี้,วันนี้จะไปไหนเหรอ,south,voice_26,voice_26,True
audio_data/south/voice_26/voice_26_aug_63.wav,2.453,16000,จะไปไหนหลาววันนี้,วันนี้จะไปไหนเหรอ,south,voice_26,voice_26,True
audio_data/south/voice_26/voice_26_aug_64.wav,2.453,16000,จะไปไหนหลาววันนี้,วันนี้จะไปไหนเหรอ,south,voice_26,voice_26,True
audio_data/south/voice_26/voice_26_aug_65.wav,2.453,16000,จะไปไหนหลาววันนี้,วันนี้จะไปไหนเหรอ,south,voice_26,voice_26,True
audio_data/south/voice_26/voice_26_aug_66.wav,2.453,16000,จะไปไหนหลาววันนี้,วันนี้จะไปไหนเหรอ,south,voice_26,voice_26,True
audio_data/south/voice_26/voice_26_aug_67.wav,2.453,16000,จะไปไหนหลาววันนี้,วันนี้จะไปไหนเหรอ,south,voice_26,voice_26,True
audio_data/south/voice_26/voice_26_aug_68.wav,2.453,16000,จะไปไหนหลาววันนี้,วันนี้จะไปไหนเหรอ,south,voice_26,voice_26,True
audio_data/south/voice_26/voice_26_aug_69.wav,2.453,16000,จะไปไหนหลาววันนี้,วันนี้จะไปไหนเหรอ,south,voice_26,voice_26,True
audio_data/south/voice_26/voice_26_aug_7.wav,2.453,16000,จะไปไหนหลาววันนี้,วันนี้จะไปไหนเหรอ,south,voice_26,voice_26,True
audio_data/south/voice_26/voice_26_aug_70.wav,2.453,16000,จะไปไหนหลาววันนี้,วันนี้จะไปไหนเหรอ,south,voice_26,voice_26,True
audio_data/south/voice_26/voice_26_aug_71.wav,2.453,16000,จะไปไหนหลาววันนี้,วันนี้จะไปไหนเหรอ,south,voice_26,voice_26,True
audio_data/south/voice_26/voice_26_aug_72.wav,2.453,16000,จะไปไหนหลาววันนี้,วันนี้จะไปไหนเหรอ,south,voice_26,voice_26,True
audio_data/south/voice_26/voice_26_aug_73.wav,2.453,16000,จะไปไหนหลาววันนี้,วันนี้จะไปไหนเหรอ,south,voice_26,voice_26,True
audio_data/south/voice_26/voice_26_aug_74.wav,2.453,16000,จะไปไหนหลาววันนี้,วันนี้จะไปไหนเหรอ,south,voice_26,voice_26,True
audio_data/south/voice_26/voice_26_aug_75.wav,2.453,16000,จะไปไหนหลาววันนี้,วันนี้จะไปไหนเหรอ,south,voice_26,voice_26,True
audio_data/south/voice_26/voice_26_aug_76.wav,2.453,16000,จะไปไหนหลาววันนี้,วันนี้จะไปไหนเหรอ,south,voice_26,voice_26,True
audio_data/south/voice_26/voice_26_aug_77.wav,2.453,16000,จะไปไหนหลาววันนี้,วันนี้จะไปไหนเหรอ,south,voice_26,voice_26,True
audio_data/south/voice_26/voice_26_aug_78.wav,2.453,16000,จะไปไหนหลาววันนี้,วันนี้จะไปไหนเหรอ,south,voice_26,voice_26,True
audio_data/south/voice_26/voice_26_aug_79.wav,2.453,16000,จะไปไหนหลาววันนี้,วันนี้จะไปไหนเหรอ,south,voice_26,voice_26,True
audio_data/south/voice_26/voice_26_aug_8.wav,2.453,16000,จะไปไหนหลาววันนี้,วันนี้จะไปไหนเหรอ,south,voice_26,voice_26,True
audio_data/south/voice_26/voice_26_aug_80.wav,2.453,16000,จะไปไหนหลาววันนี้,วันนี้จะไปไหนเหรอ,south,voice_26,voice_26,True
audio_data/south/voice_26/voice_26_aug_81.wav,2.453,16000,จะไปไหนหลาววันนี้,วันนี้จะไปไหนเหรอ,south,voice_26,voice_26,True
audio_data/south/voice_26/voice_26_aug_82.wav,2.453,16000,จะไปไหนหลาววันนี้,วันนี้จะไปไหนเหรอ,south,voice_26,voice_26,True
audio_data/south/voice_26/voice_26_aug_83.wav,2.453,16000,จะไปไหนหลาววันนี้,วันนี้จะไปไหนเหรอ,south,voice_26,voice_26,True
audio_data/south/voice_26/voice_26_aug_84.wav,2.453,16000,จะไปไหนหลาววันนี้,วันนี้จะไปไหนเหรอ,south,voice_26,voice_26,True
audio_data/south/voice_26/voice_26_aug_85.wav,2.453,16000,จะไปไหนหลาววันนี้,วันนี้จะไปไหนเหรอ,south,voice_26,voice_26,True
audio_data/south/voice_26/voice_26_aug_86.wav,2.453,16000,จะไปไหนหลาววันนี้,วันนี้จะไปไหนเหรอ,south,voice_26,voice_26,True
audio_data/south/voice_26/voice_26_aug_87.wav,2.453,16000,จะไปไหนหลาววันนี้,วันนี้จะไปไหนเหรอ,south,voice_26,voice_26,True
audio_data/south/voice_26/voice_26_aug_88.wav,2.453,16000,จะไปไหนหลาววันนี้,วันนี้จะไปไหนเหรอ,south,voice_26,voice_26,True
audio_data/south/voice_26/voice_26_aug_89.wav,2.453,16000,จะไปไหนหลาววันนี้,วันนี้จะไปไหนเหรอ,south,voice_26,voice_26,True
audio_data/south/voice_26/voice_26_aug_9.wav,2.453,16000,จะไปไหนหลาววันนี้,วันนี้จะไปไหนเหรอ,south,voice_26,voice_26,True
audio_data/south/voice_26/voice_26_aug_90.wav,2.453,16000,จะไปไหนหลาววันนี้,วันนี้จะไปไหนเหรอ,south,voice_26,voice_26,True
audio_data/south/voice_26/voice_26_aug_91.wav,2.453,16000,จะไปไหนหลาววันนี้,วันนี้จะไปไหนเหรอ,south,voice_26,voice_26,True
audio_data/south/voice_26/voice_26_aug_92.wav,2.453,16000,จะไปไหนหลาววันนี้,วันนี้จะไปไหนเหรอ,south,voice_26,voice_26,True
audio_data/south/voice_26/voice_26_aug_93.wav,2.453,16000,จะไปไหนหลาววันนี้,วันนี้จะไปไหนเหรอ,south,voice_26,voice_26,True
audio_data/south/voice_26/voice_26_aug_94.wav,2.453,16000,จะไปไหนหลาววันนี้,วันนี้จะไปไหนเหรอ,south,voice_26,voice_26,True
audio_data/south/voice_26/voice_26_aug_95.wav,2.453,16000,จะไปไหนหลาววันนี้,วันนี้จะไปไหนเหรอ,south,voice_26,voice_26,True
audio_data/south/voice_26/voice_26_aug_96.wav,2.453,16000,จะไปไหนหลาววันนี้,วันนี้จะไปไหนเหรอ,south,voice_26,voice_26,True
audio_data/south/voice_26/voice_26_aug_97.wav,2.453,16000,จะไปไหนหลาววันนี้,วันนี้จะไปไหนเหรอ,south,voice_26,voice_26,True
audio_data/south/voice_26/voice_26_aug_98.wav,2.453,16000,จะไปไหนหลาววันนี้,วันนี้จะไปไหนเหรอ,south,voice_26,voice_26,True
audio_data/south/voice_26/voice_26_aug_99.wav,2.453,16000,จะไปไหนหลาววันนี้,วันนี้จะไปไหนเหรอ,south,voice_26,voice_26,True
audio_data/south/voice_27/voice_27_1.wav,2.944,16000,ลงป้ายหน้ากันครับนายหัว,จอดป้ายหน้าด้วยน่ะครับ,south,voice_27,voice_27_1,False
audio_data/south/voice_27/voice_27_aug_1.wav,2.944,16000,ลงป้ายหน้ากันครับนายหัว,จอดป้ายหน้าด้วยน่ะครับ,south,voice_27,voice_27,True
audio_data/south/voice_27/voice_27_aug_10.wav,2.944,16000,ลงป้ายหน้ากันครับนายหัว,จอดป้ายหน้าด้วยน่ะครับ,south,voice_27,voice_27,True
audio_data/south/voice_27/voice_27_aug_100.wav,2.944,16000,ลงป้ายหน้ากันครับนายหัว,จอดป้ายหน้าด้วยน่ะครับ,south,voice_27,voice_27,True
audio_data/south/voice_27/voice_27_aug_11.wav,2.944,16000,ลงป้ายหน้ากันครับนายหัว,จอดป้ายหน้าด้วยน่ะครับ,south,voice_27,voice_27,True
audio_data/south/voice_27/voice_27_aug_12.wav,2.944,16000,ลงป้ายหน้ากันครับนายหัว,จอดป้ายหน้าด้วยน่ะครับ,south,voice_27,voice_27,True
audio_data/south/voice_27/voice_27_aug_13.wav,2.944,16000,ลงป้ายหน้ากันครับนายหัว,จอดป้ายหน้าด้วยน่ะครับ,south,voice_27,voice_27,True
audio_data/south/voice_27/voice_27_aug_14.wav,2.944,16000,ลงป้ายหน้ากันครับนายหัว,จอดป้ายหน้าด้วยน่ะครับ,south,voice_27,voice_27,True
audio_data/south/voice_27/voice_27_aug_15.wav,2.944,16000,ลงป้ายหน้ากันครับนายหัว,จอดป้ายหน้าด้วยน่ะครับ,south,voice_27,voice_27,True
audio_data/south/voice_27/voice_27_aug_16.wav,2.944,16000,ลงป้ายหน้ากันครับนายหัว,จอดป้ายหน้าด้วยน่ะครับ,south,voice_27,voice_27,True
audio_data/south/voice_27/voice_27_aug_17.wav,2.944,16000,ลงป้ายหน้ากันครับนายหัว,จอดป้ายหน้าด้วยน่ะครับ,south,voice_27,voice_27,True
audio_data/south/voice_27/voice_27_aug_18.wav,2.944,16000,ลงป้ายหน้ากันครับนายหัว,จอดป้ายหน้าด้วยน่ะครับ,south,voice_27,voice_27,True
audio_data/south/voice_27/voice_27_aug_19.wav,2.944,16000,ลงป้ายหน้ากันครับนายหัว,จอดป้ายหน้าด้วยน่ะครับ,south,voice_27,voice_27,True
audio_data/south/voice_27/voice_27_aug_2.wav,2.944,16000,ลงป้ายหน้ากันครับนายหัว,จอดป้ายหน้าด้วยน่ะครับ,south,voice_27,voice_27,True
audio_data/south/voice_27/voice_27_aug_20.wav,2.944,16000,ลงป้ายหน้ากันครับนายหัว,จอดป้ายหน้าด้วยน่ะครับ,south,voice_27,voice_27,True
audio_data/south/voice_27/voice_27_aug_21.wav,2.944,16000,ลงป้ายหน้ากันครับนายหัว,จอดป้ายหน้าด้วยน่ะครับ,south,voice_27,voice_27,True
audio_data/south/voice_27/voice_27_aug_22.wav,2.944,16000,ลงป้ายหน้ากันครับนายหัว,จอดป้ายหน้าด้วยน่ะครับ,south,voice_27,voice_27,True
audio_data/south/voice_27/voice_27_aug_23.wav,2.944,16000,ลงป้ายหน้ากันครับนายหัว,จอดป้ายหน้าด้วยน่ะครับ,south,voice_27,voice_27,True
audio_data/south/voice_27/voice_27_aug_24.wav,2.944,16000,ลงป้ายหน้ากันครับนายหัว,จอดป้ายหน้าด้วยน่ะครับ,south,voice_27,voice_27,True
audio_data/south/voice_27/voice_27_aug_25.wav,2.944,16000,ลงป้ายหน้ากันครับนายหัว,จอดป้ายหน้าด้วยน่ะครับ,south,voice_27,voice_27,True
audio_data/south/voice_27/voice_27_aug_26.wav,2.944,16000,ลงป้ายหน้ากันครับนายหัว,จอดป้ายหน้าด้วยน่ะครับ,south,voice_27,voice_27,True
audio_data/south/voice_27/voice_27_aug_27.wav,2.944,16000,ลงป้ายหน้ากันครับนายหัว,จอดป้ายหน้าด้วยน่ะครับ,south,voice_27,voice_27,True
audio_data/south/voice_27/voice_27_aug_28.wav,2.944,16000,ลงป้ายหน้ากันครับนายหัว,จอดป้ายหน้าด้วยน่ะครับ,south,voice_27,voice_27,True
audio_data/south/voice_27/voice_27_aug_29.wav,2.944,16000,ลงป้ายหน้ากันครับนายหัว,จอดป้ายหน้าด้วยน่ะครับ,south,voice_27,voice_27,True
audio_data/south/voice_27/voice_27_aug_3.wav,2.944,16000,ลงป้ายหน้ากันครับนายหัว,จอดป้ายหน้าด้วยน่ะครับ,south,voice_27,voice_27,True
audio_data/south/voice_27/voice_27_aug_30.wav,2.944,16000,ลงป้ายหน้ากันครับนายหัว,จอดป้ายหน้าด้วยน่ะครับ,south,voice_27,voice_27,True
audio_data/south/voice_27/voice_27_aug_31.wav,2.944,16000,ลงป้ายหน้ากันครับนายหัว,จอดป้ายหน้าด้วยน่ะครับ,south,voice_27,voice_27,True
audio_data/south/voice_27/voice_27_aug_32.wav,2.944,16000,ลงป้ายหน้ากันครับนายหัว,จอดป้ายหน้าด้วยน่ะครับ,south,voice_27,voice_27,True
audio_data/south/voice_27/voice_27_aug_33.wav,2.944,16000,ลงป้ายหน้ากันครับนายหัว,จอดป้ายหน้าด้วยน่ะครับ,south,voice_27,voice_27,True
audio_data/south/voice_27/voice_27_aug_34.wav,2.944,16000,ลงป้ายหน้ากันครับนายหัว,จอดป้ายหน้าด้วยน่ะครับ,south,voice_27,voice_27,True
audio_data/south/voice_27/voice_27_aug_35.wav,2.944,16000,ลงป้ายหน้ากันครับนายหัว,จอดป้ายหน้าด้วยน่ะครับ,south,voice_27,voice_27,True
audio_data/south/voice_27/voice_27_aug_36.wav,2.944,16000,ลงป้ายหน้ากันครับนายหัว,จอดป้ายหน้าด้วยน่ะครับ,south,voice_27,voice_27,True
audio_data/south/voice_27/voice_27_aug_37.wav,2.944,16000,ลงป้ายหน้ากันครับนายหัว,จอดป้ายหน้าด้วยน่ะครับ,south,voice_27,voice_27,True
audio_data/south/voice_27/voice_27_aug_38.wav,2.944,16000,ลงป้ายหน้ากันครับนายหัว,จอดป้ายหน้าด้วยน่ะครับ,south,voice_27,voice_27,True
audio_data/south/voice_27/voice_27_aug_39.wav,2.944,16000,ลงป้ายหน้ากันครับนายหัว,จอดป้ายหน้าด้วยน่ะครับ,south,voice_27,voice_27,True
audio_data/south/voice_27/voice_27_aug_4.wav,2.944,16000,ลงป้ายหน้ากันครับนายหัว,จอดป้ายหน้าด้วยน่ะครับ,south,voice_27,voice_27,True
audio_data/south/voice_27/voice_27_aug_40.wav,2.944,16000,ลงป้ายหน้ากันครับนายหัว,จอดป้ายหน้าด้วยน่ะครับ,south,voice_27,voice_27,True
audio_data/south/voice_27/voice_27_aug_41.wav,2.944,16000,ลงป้ายหน้ากันครับนายหัว,จอดป้ายหน้าด้วยน่ะครับ,south,voice_27,voice_27,True
audio_data/south/voice_27/voice_27_aug_42.wav,2.944,16000,ลงป้ายหน้ากันครับนายหัว,จอดป้ายหน้าด้วยน่ะครับ,south,voice_27,voice_27,True
audio_data/south/voice_27/voice_27_aug_43.wav,2.944,16000,ลงป้ายหน้ากันครับนายหัว,จอดป้ายหน้าด้วยน่ะครับ,south,voice_27,voice_27,True
audio_data/south/voice_27/voice_27_aug_44.wav,2.944,16000,ลงป้ายหน้ากันครับนายหัว,จอดป้ายหน้าด้วยน่ะครับ,south,voice_27,voice_27,True
audio_data/south/voice_27/voice_27_aug_45.wav,2.944,16000,ลงป้ายหน้ากันครับนายหัว,จอดป้ายหน้าด้วยน่ะครับ,south,voice_27,voice_27,True
audio_data/south/voice_27/voice_27_aug_46.wav,2.944,16000,ลงป้ายหน้ากันครับนายหัว,จอดป้ายหน้าด้วยน่ะครับ,south,voice_27,voice_27,True
audio_data/south/voice_27/voice_27_aug_47.wav,2.944,16000,ลงป้ายหน้ากันครับนายหัว,จอดป้ายหน้าด้วยน่ะครับ,south,voice_27,voice_27,True
audio_data/south/voice_27/voice_27_aug_48.wav,2.944,16000,ลงป้ายหน้ากันครับนายหัว,จอดป้ายหน้าด้วยน่ะครับ,south,voice_27,voice_27,True
audio_data/south/voice_27/voice_27_aug_49.wav,2.944,16000,ลงป้ายหน้ากันครับนายหัว,จอดป้ายหน้าด้วยน่ะครับ,south,voice_27,voice_27,True
audio_data/south/voice_27/voice_27_aug_5.wav,2.944,16000,ลงป้ายหน้ากันครับนายหัว,จอดป้ายหน้าด้วยน่ะครับ,south,voice_27,voice_27,True
audio_data/south/voice_27/voice_27_aug_50.wav,2.944,16000,ลงป้ายหน้ากันครับนายหัว,จอดป้ายหน้าด้วยน่ะครับ,south,voice_27,voice_27,True
audio_data/south/voice_27/voice_27_aug_51.wav,2.944,16000,ลงป้ายหน้ากันครับนายหัว,จอดป้ายหน้าด้วยน่ะครับ,south,voice_27,voice_27,True
audio_data/south/voice_27/voice_27_aug_52.wav,2.944,16000,ลงป้ายหน้ากันครับนายหัว,จอดป้ายหน้าด้วยน่ะครับ,south,voice_27,voice_27,True
audio_data/south/voice_27/voice_27_aug_53.wav,2.944,16000,ลงป้ายหน้ากันครับนายหัว,จอดป้ายหน้าด้วยน่ะครับ,south,voice_27,voice_27,True
audio_data/south/voice_27/voice_27_aug_54.wav,2.944,16000,ลงป้ายหน้ากันครับนายหัว,จอดป้ายหน้าด้วยน่ะครับ,south,voice_27,voice_27,True
audio_data/south/voice_27/voice_27_aug_55.wav,2.944,16000,ลงป้ายหน้ากันครับนายหัว,จอดป้ายหน้าด้วยน่ะครับ,south,voice_27,voice_27,True
audio_data/south/voice_27/voice_27_aug_56.wav,2.944,16000,ลงป้ายหน้ากันครับนายหัว,จอดป้ายหน้าด้วยน่ะครับ,south,voice_27,voice_27,True
audio_data/south/voice_27/voice_27_aug_57.wav,2.944,16000,ลงป้ายหน้ากันครับนายหัว,จอดป้ายหน้าด้วยน่ะครับ,south,voice_27,voice_27,True
audio_data/south/voice_27/voice_27_aug_58.wav,2.944,16000,ลงป้ายหน้ากันครับนายหัว,จอดป้ายหน้าด้วยน่ะครับ,south,voice_27,voice_27,True
audio_data/south/voice_27/voice_27_aug_59.wav,2.944,16000,ลงป้ายหน้ากันครับนายหัว,จอดป้ายหน้าด้วยน่ะครับ,south,voice_27,voice_27,True
audio_data/south/voice_27/voice_27_aug_6.wav,2.944,16000,ลงป้ายหน้ากันครับนายหัว,จอดป้ายหน้าด้วยน่ะครับ,south,voice_27,voice_27,True
audio_data/south/voice_27/voice_27_aug_60.wav,2.944,16000,ลงป้ายหน้ากันครับนายหัว,จอดป้ายหน้าด้วยน่ะครับ,south,voice_27,voice_27,True
audio_data/south/voice_27/voice_27_aug_61.wav,2.944,16000,ลงป้ายหน้ากันครับนายหัว,จอดป้ายหน้าด้วยน่ะครับ,south,voice_27,voice_27,True
audio_data/south/voice_27/voice_27_aug_62.wav,2.944,16000,ลงป้ายหน้ากันครับนายหัว,จอดป้ายหน้าด้วยน่ะครับ,south,voice_27,voice_27,True
audio_data/south/voice_27/voice_27_aug_63.wav,2.944,16000,ลงป้ายหน้ากันครับนายหัว,จอดป้ายหน้าด้วยน่ะครับ,south,voice_27,voice_27,True
audio_data/south/voice_27/voice_27_aug_64.wav,2.944,16000,ลงป้ายหน้ากันครับนายหัว,จอดป้ายหน้าด้วยน่ะครับ,south,voice_27,voice_27,True
audio_data/south/voice_27/voice_27_aug_65.wav,2.944,16000,ลงป้ายหน้ากันครับนายหัว,จอดป้ายหน้าด้วยน่ะครับ,south,voice_27,voice_27,True
audio_data/south/voice_27/voice_27_aug_66.wav,2.944,16000,ลงป้ายหน้ากันครับนายหัว,จอดป้ายหน้าด้วยน่ะครับ,south,voice_27,voice_27,True
audio_data/south/voice_27/voice_27_aug_67.wav,2.944,16000,ลงป้ายหน้ากันครับนายหัว,จอดป้ายหน้าด้วยน่ะครับ,south,voice_27,voice_27,True
audio_data/south/voice_27/voice_27_aug_68.wav,2.944,16000,ลงป้ายหน้ากันครับนายหัว,จอดป้ายหน้าด้วยน่ะครับ,south,voice_27,voice_27,True
audio_data/south/voice_27/voice_27_aug_69.wav,2.944,16000,ลงป้ายหน้ากันครับนายหัว,จอดป้ายหน้าด้วยน่ะครับ,south,voice_27,voice_27,True
audio_data/south/voice_27/voice_27_aug_7.wav,2.944,16000,ลงป้ายหน้ากันครับนายหัว,จอดป้ายหน้าด้วยน่ะครับ,south,voice_27,voice_27,True
audio_data/south/voice_27/voice_27_aug_70.wav,2.944,16000,ลงป้ายหน้ากันครับนายหัว,จอดป้ายหน้าด้วยน่ะครับ,south,voice_27,voice_27,True
audio_data/south/voice_27/voice_27_aug_71.wav,2.944,16000,ลงป้ายหน้ากันครับนายหัว,จอดป้ายหน้าด้วยน่ะครับ,south,voice_27,voice_27,True
audio_data/south/voice_27/voice_27_aug_72.wav,2.944,16000,ลงป้ายหน้ากันครับนายหัว,จอดป้ายหน้าด้วยน่ะครับ,south,voice_27,voice_27,True
audio_data/south/voice_27/voice_27_aug_73.wav,2.944,16000,ลงป้ายหน้ากันครับนายหัว,จอดป้ายหน้าด้วยน่ะครับ,south,voice_27,voice_27,True
audio_data/south/voice_27/voice_27_aug_74.wav,2.944,16000,ลงป้ายหน้ากันครับนายหัว,จอดป้ายหน้าด้วยน่ะครับ,south,voice_27,voice_27,True
audio_data/south/voice_27/voice_27_aug_75.wav,2.944,16000,ลงป้ายหน้ากันครับนายหัว,จอดป้ายหน้าด้วยน่ะครับ,south,voice_27,voice_27,True
audio_data/south/voice_27/voice_27_aug_76.wav,2.944,16000,ลงป้ายหน้ากันครับนายหัว,จอดป้ายหน้าด้วยน่ะครับ,south,voice_27,voice_27,True
audio_data/south/voice_27/voice_27_aug_77.wav,2.944,16000,ลงป้ายหน้ากันครับนายหัว,จอดป้ายหน้าด้วยน่ะครับ,south,voice_27,voice_27,True
audio_data/south/voice_27/voice_27_aug_78.wav,2.944,16000,ลงป้ายหน้ากันครับนายหัว,จอดป้ายหน้าด้วยน่ะครับ,south,voice_27,voice_27,True
audio_data/south/voice_27/voice_27_aug_79.wav,2.944,16000,ลงป้ายหน้ากันครับนายหัว,จอดป้ายหน้าด้วยน่ะครับ,south,voice_27,voice_27,True
audio_data/south/voice_27/voice_27_aug_8.wav,2.944,16000,ลงป้ายหน้ากันครับนายหัว,จอดป้ายหน้าด้วยน่ะครับ,south,voice_27,voice_27,True
audio_data/south/voice_27/voice_27_aug_80.wav,2.944,16000,ลงป้ายหน้ากันครับนายหัว,จอดป้ายหน้าด้วยน่ะครับ,south,voice_27,voice_27,True
audio_data/south/voice_27/voice_27_aug_81.wav,2.944,16000,ลงป้ายหน้ากันครับนายหัว,จอดป้ายหน้าด้วยน่ะครับ,south,voice_27,voice_27,True
audio_data/south/voice_27/voice_27_aug_82.wav,2.944,16000,ลงป้ายหน้ากันครับนายหัว,จอดป้ายหน้าด้วยน่ะครับ,south,voice_27,voice_27,True
audio_data/south/voice_27/voice_27_aug_83.wav,2.944,16000,ลงป้ายหน้ากันครับนายหัว,จอดป้ายหน้าด้วยน่ะครับ,south,voice_27,voice_27,True
audio_data/south/voice_27/voice_27_aug_84.wav,2.944,16000,ลงป้ายหน้ากันครับนายหัว,จอดป้ายหน้าด้วยน่ะครับ,south,voice_27,voice_27,True
audio_data/south/voice_27/voice_27_aug_85.wav,2.944,16000,ลงป้ายหน้ากันครับนายหัว,จอดป้ายหน้าด้วยน่ะครับ,south,voice_27,voice_27,True
audio_data/south/voice_27/voice_27_aug_86.wav,2.944,16000,ลงป้ายหน้ากันครับนายหัว,จอดป้ายหน้าด้วยน่ะครับ,south,voice_27,voice_27,True
audio_data/south/voice_27/voice_27_aug_87.wav,2.944,16000,ลงป้ายหน้ากันครับนายหัว,จอดป้ายหน้าด้วยน่ะครับ,south,voice_27,voice_27,True
audio_data/south/voice_27/voice_27_aug_88.wav,2.944,16000,ลงป้ายหน้ากันครับนายหัว,จอดป้ายหน้าด้วยน่ะครับ,south,voice_27,voice_27,True
audio_data/south/voice_27/voice_27_aug_89.wav,2.944,16000,ลงป้ายหน้ากันครับนายหัว,จอดป้ายหน้าด้วยน่ะครับ,south,voice_27,voice_27,True
audio_data/south/voice_27/voice_27_aug_9.wav,2.944,16000,ลงป้ายหน้ากันครับนายหัว,จอดป้ายหน้าด้วยน่ะครับ,south,voice_27,voice_27,True
audio_data/south/voice_27/voice_27_aug_90.wav,2.944,16000,ลงป้ายหน้ากันครับนายหัว,จอดป้ายหน้าด้วยน่ะครับ,south,voice_27,voice_27,True
audio_data/south/voice_27/voice_27_aug_91.wav,2.944,16000,ลงป้ายหน้ากันครับนายหัว,จอดป้ายหน้าด้วยน่ะครับ,south,voice_27,voice_27,True
audio_data/south/voice_27/voice_27_aug_92.wav,2.944,16000,ลงป้ายหน้ากันครับนายหัว,จอดป้ายหน้าด้วยน่ะครับ,south,voice_27,voice_27,True
audio_data/south/voice_27/voice_27_aug_93.wav,2.944,16000,ลงป้ายหน้ากันครับนายหัว,จอดป้ายหน้าด้วยน่ะครับ,south,voice_27,voice_27,True
audio_data/south/voice_27/voice_27_aug_94.wav,2.944,16000,ลงป้ายหน้ากันครับนายหัว,จอดป้ายหน้าด้วยน่ะครับ,south,voice_27,voice_27,True
audio_data/south/voice_27/voice_27_aug_95.wav,2.944,16000,ลงป้ายหน้ากันครับนายหัว,จอดป้ายหน้าด้วยน่ะครับ,south,voice_27,voice_27,True
audio_data/south/voice_27/voice_27_aug_96.wav,2.944,16000,ลงป้ายหน้ากันครับนายหัว,จอดป้ายหน้าด้วยน่ะครับ,south,voice_27,voice_27,True
audio_data/south/voice_27/voice_27_aug_97.wav,2.944,16000,ลงป้ายหน้ากันครับนายหัว,จอดป้ายหน้าด้วยน่ะครับ,south,voice_27,voice_27,True
audio_data/south/voice_27/voice_27_aug_98.wav,2.944,16000,ลงป้ายหน้ากันครับนายหัว,จอดป้ายหน้าด้วยน่ะครับ,south,voice_27,voice_27,True
audio_data/south/voice_27/voice_27_aug_99.wav,2.944,16000,ลงป้ายหน้ากันครับนายหัว,จอดป้ายหน้าด้วยน่ะครับ,south,voice_27,voice_27,True
audio_data/south/voice_28/voice_28_1.wav,2.624,16000,ไปไหนครับพี่บาว,ไปไหนครับพี่ชาย,south,voice_28,voice_28_1,False
audio_data/south/voice_28/voice_28_aug_1.wav,2.624,16000,ไปไหนครับพี่บาว,ไปไหนครับพี่ชาย,south,voice_28,voice_28,True
audio_data/south/voice_28/voice_28_aug_10.wav,2.624,16000,ไปไหนครับพี่บาว,ไปไหนครับพี่ชาย,south,voice_28,voice_28,True
audio_data/south/voice_28/voice_28_aug_100.wav,2.624,16000,ไปไหนครับพี่บาว,ไปไหนครับพี่ชาย,south,voice_28,voice_28,True
audio_data/south/voice_28/voice_28_aug_11.wav,2.624,16000,ไปไหนครับพี่บาว,ไปไหนครับพี่ชาย,south,voice_28,voice_28,True
audio_data/south/voice_28/voice_28_aug_12.wav,2.624,16000,ไปไหนครับพี่บาว,ไปไหนครับพี่ชาย,south,voice_28,voice_28,True
audio_data/south/voice_28/voice_28_aug_13.wav,2.624,16000,ไปไหนครับพี่บาว,ไปไหนครับพี่ชาย,south,voice_28,voice_28,True
audio_data/south/voice_28/voice_28_aug_14.wav,2.624,16000,ไปไหนครับพี่บาว,ไปไหนครับพี่ชาย,south,voice_28,voice_28,True
audio_data/south/voice_28/voice_28_aug_15.wav,2.624,16000,ไปไหนครับพี่บาว,ไปไหนครับพี่ชาย,south,voice_28,voice_28,True
audio_data/south/voice_28/voice_28_aug_16.wav,2.624,16000,ไปไหนครับพี่บาว,ไปไหนครับพี่ชาย,south,voice_28,voice_28,True
audio_data/south/voice_28/voice_28_aug_17.wav,2.624,16000,ไปไหนครับพี่บาว,ไปไหนครับพี่ชาย,south,voice_28,voice_28,True
audio_data/south/voice_28/voice_28_aug_18.wav,2.624,16000,ไปไหนครับพี่บาว,ไปไหนครับพี่ชาย,south,voice_28,voice_28,True
audio_data/south/voice_28/voice_28_aug_19.wav,2.624,16000,ไปไหนครับพี่บาว,ไปไหนครับพี่ชาย,south,voice_28,voice_28,True
audio_data/south/voice_28/voice_28_aug_2.wav,2.624,16000,ไปไหนครับพี่บาว,ไปไหนครับพี่ชาย,south,voice_28,voice_28,True
audio_data/south/voice_28/voice_28_aug_20.wav,2.624,16000,ไปไหนครับพี่บาว,ไปไหนครับพี่ชาย,south,voice_28,voice_28,True
audio_data/south/voice_28/voice_28_aug_21.wav,2.624,16000,ไปไหนครับพี่บาว,ไปไหนครับพี่ชาย,south,voice_28,voice_28,True
audio_data/south/voice_28/voice_28_aug_22.wav,2.624,16000,ไปไหนครับพี่บาว,ไปไหนครับพี่ชาย,south,voice_28,voice_28,True
audio_data/south/voice_28/voice_28_aug_23.wav,2.624,16000,ไปไหนครับพี่บาว,ไปไหนครับพี่ชาย,south,voice_28,voice_28,True
audio_data/south/voice_28/voice_28_aug_24.wav,2.624,16000,ไปไหนครับพี่บาว,ไปไหนครับพี่ชาย,south,voice_28,voice_28,True
audio_data/south/voice_28/voice_28_aug_25.wav,2.624,16000,ไปไหนครับพี่บาว,ไปไหนครับพี่ชาย,south,voice_28,voice_28,True
audio_data/south/voice_28/voice_28_aug_26.wav,2.624,16000,ไปไหนครับพี่บาว,ไปไหนครับพี่ชาย,south,voice_28,voice_28,True
audio_data/south/voice_28/voice_28_aug_27.wav,2.624,16000,ไปไหนครับพี่บาว,ไปไหนครับพี่ชาย,south,voice_28,voice_28,True
audio_data/south/voice_28/voice_28_aug_28.wav,2.624,16000,ไปไหนครับพี่บาว,ไปไหนครับพี่ชาย,south,voice_28,voice_28,True
audio_data/south/voice_28/voice_28_aug_29.wav,2.624,16000,ไปไหนครับพี่บาว,ไปไหนครับพี่ชาย,south,voice_28,voice_28,True
audio_data/south/voice_28/voice_28_aug_3.wav,2.624,16000,ไปไหนครับพี่บาว,ไปไหนครับพี่ชาย,south,voice_28,voice_28,True
audio_data/south/voice_28/voice_28_aug_30.wav,2.624,16000,ไปไหนครับพี่บาว,ไปไหนครับพี่ชาย,south,voice_28,voice_28,True
audio_data/south/voice_28/voice_28_aug_31.wav,2.624,16000,ไปไหนครับพี่บาว,ไปไหนครับพี่ชาย,south,voice_28,voice_28,True
audio_data/south/voice_28/voice_28_aug_32.wav,2.624,16000,ไปไหนครับพี่บาว,ไปไหนครับพี่ชาย,south,voice_28,voice_28,True
audio_data/south/voice_28/voice_28_aug_33.wav,2.624,16000,ไปไหนครับพี่บาว,ไปไหนครับพี่ชาย,south,voice_28,voice_28,True
audio_data/south/voice_28/voice_28_aug_34.wav,2.624,16000,ไปไหนครับพี่บาว,ไปไหนครับพี่ชาย,south,voice_28,voice_28,True
audio_data/south/voice_28/voice_28_aug_35.wav,2.624,16000,ไปไหนครับพี่บาว,ไปไหนครับพี่ชาย,south,voice_28,voice_28,True
audio_data/south/voice_28/voice_28_aug_36.wav,2.624,16000,ไปไหนครับพี่บาว,ไปไหนครับพี่ชาย,south,voice_28,voice_28,True
audio_data/south/voice_28/voice_28_aug_37.wav,2.624,16000,ไปไหนครับพี่บาว,ไปไหนครับพี่ชาย,south,voice_28,voice_28,True
audio_data/south/voice_28/voice_28_aug_38.wav,2.624,16000,ไปไหนครับพี่บาว,ไปไหนครับพี่ชาย,south,voice_28,voice_28,True
audio_data/south/voice_28/voice_28_aug_39.wav,2.624,16000,ไปไหนครับพี่บาว,ไปไหนครับพี่ชาย,south,voice_28,voice_28,True
audio_data/south/voice_28/voice_28_aug_4.wav,2.624,16000,ไปไหนครับพี่บาว,ไปไหนครับพี่ชาย,south,voice_28,voice_28,True
audio_data/south/voice_28/voice_28_aug_40.wav,2.624,16000,ไปไหนครับพี่บาว,ไปไหนครับพี่ชาย,south,voice_28,voice_28,True
audio_data/south/voice_28/voice_28_aug_41.wav,2.624,16000,ไปไหนครับพี่บาว,ไปไหนครับพี่ชาย,south,voice_28,voice_28,True
audio_data/south/voice_28/voice_28_aug_42.wav,2.624,16000,ไปไหนครับพี่บาว,ไปไหนครับพี่ชาย,south,voice_28,voice_28,True
audio_data/south/voice_28/voice_28_aug_43.wav,2.624,16000,ไปไหนครับพี่บาว,ไปไหนครับพี่ชาย,south,voice_28,voice_28,True
audio_data/south/voice_28/voice_28_aug_44.wav,2.624,16000,ไปไหนครับพี่บาว,ไปไหนครับพี่ชาย,south,voice_28,voice_28,True
audio_data/south/voice_28/voice_28_aug_45.wav,2.624,16000,ไปไหนครับพี่บาว,ไปไหนครับพี่ชาย,south,voice_28,voice_28,True
audio_data/south/voice_28/voice_28_aug_46.wav,2.624,16000,ไปไหนครับพี่บาว,ไปไหนครับพี่ชาย,south,voice_28,voice_28,True
audio_data/south/voice_28/voice_28_aug_47.wav,2.624,16000,ไปไหนครับพี่บาว,ไปไหนครับพี่ชาย,south,voice_28,voice_28,True
audio_data/south/voice_28/voice_28_aug_48.wav,2.624,16000,ไปไหนครับพี่บาว,ไปไหนครับพี่ชาย,south,voice_28,voice_28,True
audio_data/south/voice_28/voice_28_aug_49.wav,2.624,16000,ไปไหนครับพี่บาว,ไปไหนครับพี่ชาย,south,voice_28,voice_28,True
audio_data/south/voice_28/voice_28_aug_5.wav,2.624,16000,ไปไหนครับพี่บาว,ไปไหนครับพี่ชาย,south,voice_28,voice_28,True
audio_data/south/voice_28/voice_28_aug_50.wav,2.624,16000,ไปไหนครับพี่บาว,ไปไหนครับพี่ชาย,south,voice_28,voice_28,True
audio_data/south/voice_28/voice_28_aug_51.wav,2.624,16000,ไปไหนครับพี่บาว,ไปไหนครับพี่ชาย,south,voice_28,voice_28,True
audio_data/south/voice_28/voice_28_aug_52.wav,2.624,16000,ไปไหนครับพี่บาว,ไปไหนครับพี่ชาย,south,voice_28,voice_28,True
audio_data/south/voice_28/voice_28_aug_53.wav,2.624,16000,ไปไหนครับพี่บาว,ไปไหนครับพี่ชาย,south,voice_28,voice_28,True
audio_data/south/voice_28/voice_28_aug_54.wav,2.624,16000,ไปไหนครับพี่บาว,ไปไหนครับพี่ชาย,south,voice_28,voice_28,True
audio_data/south/voice_28/voice_28_aug_55.wav,2.624,16000,ไปไหนครับพี่บาว,ไปไหนครับพี่ชาย,south,voice_28,voice_28,True
audio_data/south/voice_28/voice_28_aug_56.wav,2.624,16000,ไปไหนครับพี่บาว,ไปไหนครับพี่ชาย,south,voice_28,voice_28,True
audio_data/south/voice_28/voice_28_aug_57.wav,2.624,16000,ไปไหนครับพี่บาว,ไปไหนครับพี่ชาย,south,voice_28,voice_28,True
audio_data/south/voice_28/voice_28_aug_58.wav,2.624,16000,ไปไหนครับพี่บาว,ไปไหนครับพี่ชาย,south,voice_28,voice_28,True
audio_data/south/voice_28/voice_28_aug_59.wav,2.624,16000,ไปไหนครับพี่บาว,ไปไหนครับพี่ชาย,south,voice_28,voice_28,True
audio_data/south/voice_28/voice_28_aug_6.wav,2.624,16000,ไปไหนครับพี่บาว,ไปไหนครับพี่ชาย,south,voice_28,voice_28,True
audio_data/south/voice_28/voice_28_aug_60.wav,2.624,16000,ไปไหนครับพี่บาว,ไปไหนครับพี่ชาย,south,voice_28,voice_28,True
audio_data/south/voice_28/voice_28_aug_61.wav,2.624,16000,ไปไหนครับพี่บาว,ไปไหนครับพี่ชาย,south,voice_28,voice_28,True
audio_data/south/voice_28/voice_28_aug_62.wav,2.624,16000,ไปไหนครับพี่บาว,ไปไหนครับพี่ชาย,south,voice_28,voice_28,True
audio_data/south/voice_28/voice_28_aug_63.wav,2.624,16000,ไปไหนครับพี่บาว,ไปไหนครับพี่ชาย,south,voice_28,voice_28,True
audio_data/south/voice_28/voice_28_aug_64.wav,2.624,16000,ไปไหนครับพี่บาว,ไปไหนครับพี่ชาย,south,voice_28,voice_28,True
audio_data/south/voice_28/voice_28_aug_65.wav,2.624,16000,ไปไหนครับพี่บาว,ไปไหนครับพี่ชาย,south,voice_28,voice_28,True
audio_data/south/voice_28/voice_28_aug_66.wav,2.624,16000,ไปไหนครับพี่บาว,ไปไหนครับพี่ชาย,south,voice_28,voice_28,True
audio_data/south/voice_28/voice_28_aug_67.wav,2.624,16000,ไปไหนครับพี่บาว,ไปไหนครับพี่ชาย,south,voice_28,voice_28,True
audio_data/south/voice_28/voice_28_aug_68.wav,2.624,16000,ไปไหนครับพี่บาว,ไปไหนครับพี่ชาย,south,voice_28,voice_28,True
audio_data/south/voice_28/voice_28_aug_69.wav,2.624,16000,ไปไหนครับพี่บาว,ไปไหนครับพี่ชาย,south,voice_28,voice_28,True
audio_data/south/voice_28/voice_28_aug_7.wav,2.624,16000,ไปไหนครับพี่บาว,ไปไหนครับพี่ชาย,south,voice_28,voice_28,True
audio_data/south/voice_28/voice_28_aug_70.wav,2.624,16000,ไปไหนครับพี่บาว,ไปไหนครับพี่ชาย,south,voice_28,voice_28,True
audio_data/south/voice_28/voice_28_aug_71.wav,2.624,16000,ไปไหนครับพี่บาว,ไปไหนครับพี่ชาย,south,voice_28,voice_28,True
audio_data/south/voice_28/voice_28_aug_72.wav,2.624,16000,ไปไหนครับพี่บาว,ไปไหนครับพี่ชาย,south,voice_28,voice_28,True
audio_data/south/voice_28/voice_28_aug_73.wav,2.624,16000,ไปไหนครับพี่บาว,ไปไหนครับพี่ชาย,south,voice_28,voice_28,True
audio_data/south/voice_28/voice_28_aug_74.wav,2.624,16000,ไปไหนครับพี่บาว,ไปไหนครับพี่ชาย,south,voice_28,voice_28,True
audio_data/south/voice_28/voice_28_aug_75.wav,2.624,16000,ไปไหนครับพี่บาว,ไปไหนครับพี่ชาย,south,voice_28,voice_28,True
audio_data/south/voice_28/voice_28_aug_76.wav,2.624,16000,ไปไหนครับพี่บาว,ไปไหนครับพี่ชาย,south,voice_28,voice_28,True
audio_data/south/voice_28/voice_28_aug_77.wav,2.624,16000,ไปไหนครับพี่บาว,ไปไหนครับพี่ชาย,south,voice_28,voice_28,True
audio_data/south/voice_28/voice_28_aug_78.wav,2.624,16000,ไปไหนครับพี่บาว,ไปไหนครับพี่ชาย,south,voice_28,voice_28,True
audio_data/south/voice_28/voice_28_aug_79.wav,2.624,16000,ไปไหนครับพี่บาว,ไปไหนครับพี่ชาย,south,voice_28,voice_28,True
audio_data/south/voice_28/voice_28_aug_8.wav,2.624,16000,ไปไหนครับพี่บาว,ไปไหนครับพี่ชาย,south,voice_28,voice_28,True
audio_data/south/voice_28/voice_28_aug_80.wav,2.624,16000,ไปไหนครับพี่บาว,ไปไหนครับพี่ชาย,south,voice_28,voice_28,True
audio_data/south/voice_28/voice_28_aug_81.wav,2.624,16000,ไปไหนครับพี่บาว,ไปไหนครับพี่ชาย,south,voice_28,voice_28,True
audio_data/south/voice_28/voice_28_aug_82.wav,2.624,16000,ไปไหนครับพี่บาว,ไปไหนครับพี่ชาย,south,voice_28,voice_28,True
audio_data/south/voice_28/voice_28_aug_83.wav,2.624,16000,ไปไหนครับพี่บาว,ไปไหนครับพี่ชาย,south,voice_28,voice_28,True
audio_data/south/voice_28/voice_28_aug_84.wav,2.624,16000,ไปไหนครับพี่บาว,ไปไหนครับพี่ชาย,south,voice_28,voice_28,True
audio_data/south/voice_28/voice_28_aug_85.wav,2.624,16000,ไปไหนครับพี่บาว,ไปไหนครับพี่ชาย,south,voice_28,voice_28,True
audio_data/south/voice_28/voice_28_aug_86.wav,2.624,16000,ไปไหนครับพี่บาว,ไปไหนครับพี่ชาย,south,voice_28,voice_28,True
audio_data/south/voice_28/voice_28_aug_87.wav,2.624,16000,ไปไหนครับพี่บาว,ไปไหนครับพี่ชาย,south,voice_28,voice_28,True
audio_data/south/voice_28/voice_28_aug_88.wav,2.624,16000,ไปไหนครับพี่บาว,ไปไหนครับพี่ชาย,south,voice_28,voice_28,True
audio_data/south/voice_28/voice_28_aug_89.wav,2.624,16000,ไปไหนครับพี่บาว,ไปไหนครับพี่ชาย,south,voice_28,voice_28,True
audio_data/south/voice_28/voice_28_aug_9.wav,2.624,16000,ไปไหนครับพี่บาว,ไปไหนครับพี่ชาย,south,voice_28,voice_28,True
audio_data/south/voice_28/voice_28_aug_90.wav,2.624,16000,ไปไหนครับพี่บาว,ไปไหนครับพี่ชาย,south,voice_28,voice_28,True
audio_data/south/voice_28/voice_28_aug_91.wav,2.624,16000,ไปไหนครับพี่บาว,ไปไหนครับพี่ชาย,south,voice_28,voice_28,True
audio_data/south/voice_28/voice_28_aug_92.wav,2.624,16000,ไปไหนครับพี่บาว,ไปไหนครับพี่ชาย,south,voice_28,voice_28,True
audio_data/south/voice_28/voice_28_aug_93.wav,2.624,16000,ไปไหนครับพี่บาว,ไปไหนครับพี่ชาย,south,voice_28,voice_28,True
audio_data/south/voice_28/voice_28_aug_94.wav,2.624,16000,ไปไหนครับพี่บาว,ไปไหนครับพี่ชาย,south,voice_28,voice_28,True
audio_data/south/voice_28/voice_28_aug_95.wav,2.624,16000,ไปไหนครับพี่บาว,ไปไหนครับพี่ชาย,south,voice_28,voice_28,True
audio_data/south/voice_28/voice_28_aug_96.wav,2.624,16000,ไปไหนครับพี่บาว,ไปไหนครับพี่ชาย,south,voice_28,voice_28,True
audio_data/south/voice_28/voice_28_aug_97.wav,2.624,16000,ไปไหนครับพี่บาว,ไปไหนครับพี่ชาย,south,voice_28,voice_28,True
audio_data/south/voice_28/voice_28_aug_98.wav,2.624,16000,ไปไหนครับพี่บาว,ไปไหนครับพี่ชาย,south,voice_28,voice_28,True
audio_data/south/voice_28/voice_28_aug_99.wav,2.624,16000,ไปไหนครับพี่บาว,ไปไหนครับพี่ชาย,south,voice_28,voice_28,True
audio_data/south/voice_29/voice_29_1.wav,2.219,16000,ซื้อโกปี้ให้ที,ซื้อกาแฟให้หน่อย,south,voice_29,voice_29_1,False
audio_data/south/voice_29/voice_29_aug_1.wav,2.219,16000,ซื้อโกปี้ให้ที,ซื้อกาแฟให้หน่อย,south,voice_29,voice_29,True
audio_data/south/voice_29/voice_29_aug_10.wav,2.219,16000,ซื้อโกปี้ให้ที,ซื้อกาแฟให้หน่อย,south,voice_29,voice_29,True
audio_data/south/voice_29/voice_29_aug_100.wav,2.219,16000,ซื้อโกปี้ให้ที,ซื้อกาแฟให้หน่อย,south,voice_29,voice_29,True
audio_data/south/voice_29/voice_29_aug_11.wav,2.219,16000,ซื้อโกปี้ให้ที,ซื้อกาแฟให้หน่อย,south,voice_29,voice_29,True
audio_data/south/voice_29/voice_29_aug_12.wav,2.219,16000,ซื้อโกปี้ให้ที,ซื้อกาแฟให้หน่อย,south,voice_29,voice_29,True
audio_data/south/voice_29/voice_29_aug_13.wav,2.219,16000,ซื้อโกปี้ให้ที,ซื้อกาแฟให้หน่อย,south,voice_29,voice_29,True
audio_data/south/voice_29/voice_29_aug_14.wav,2.219,16000,ซื้อโกปี้ให้ที,ซื้อกาแฟให้หน่อย,south,voice_29,voice_29,True
audio_data/south/voice_29/voice_29_aug_15.wav,2.219,16000,ซื้อโกปี้ให้ที,ซื้อกาแฟให้หน่อย,south,voice_29,voice_29,True
audio_data/south/voice_29/voice_29_aug_16.wav,2.219,16000,ซื้อโกปี้ให้ที,ซื้อกาแฟให้หน่อย,south,voice_29,voice_29,True
audio_data/south/voice_29/voice_29_aug_17.wav,2.219,16000,ซื้อโกปี้ให้ที,ซื้อกาแฟให้หน่อย,south,voice_29,voice_29,True
audio_data/south/voice_29/voice_29_aug_18.wav,2.219,16000,ซื้อโกปี้ให้ที,ซื้อกาแฟให้หน่อย,south,voice_29,voice_29,True
audio_data/south/voice_29/voice_29_aug_19.wav,2.219,16000,ซื้อโกปี้ให้ที,ซื้อกาแฟให้หน่อย,south,voice_29,voice_29,True
audio_data/south/voice_29/voice_29_aug_2.wav,2.219,16000,ซื้อโกปี้ให้ที,ซื้อกาแฟให้หน่อย,south,voice_29,voice_29,True
audio_data/south/voice_29/voice_29_aug_20.wav,2.219,16000,ซื้อโกปี้ให้ที,ซื้อกาแฟให้หน่อย,south,voice_29,voice_29,True
audio_data/south/voice_29/voice_29_aug_21.wav,2.219,16000,ซื้อโกปี้ให้ที,ซื้อกาแฟให้หน่อย,south,voice_29,voice_29,True
audio_data/south/voice_29/voice_29_aug_22.wav,2.219,16000,ซื้อโกปี้ให้ที,ซื้อกาแฟให้หน่อย,south,voice_29,voice_29,True
audio_data/south/voice_29/voice_29_aug_23.wav,2.219,16000,ซื้อโกปี้ให้ที,ซื้อกาแฟให้หน่อย,south,voice_29,voice_29,True
audio_data/south/voice_29/voice_29_aug_24.wav,2.219,16000,ซื้อโกปี้ให้ที,ซื้อกาแฟให้หน่อย,south,voice_29,voice_29,True
audio_data/south/voice_29/voice_29_aug_25.wav,2.219,16000,ซื้อโกปี้ให้ที,ซื้อกาแฟให้หน่อย,south,voice_29,voice_29,True
audio_data/south/voice_29/voice_29_aug_26.wav,2.219,16000,ซื้อโกปี้ให้ที,ซื้อกาแฟให้หน่อย,south,voice_29,voice_29,True
audio_data/south/voice_29/voice_29_aug_27.wav,2.219,16000,ซื้อโกปี้ให้ที,ซื้อกาแฟให้หน่อย,south,voice_29,voice_29,True
audio_data/south/voice_29/voice_29_aug_28.wav,2.219,16000,ซื้อโกปี้ให้ที,ซื้อกาแฟให้หน่อย,south,voice_29,voice_29,True
audio_data/south/voice_29/voice_29_aug_29.wav,2.219,16000,ซื้อโกปี้ให้ที,ซื้อกาแฟให้หน่อย,south,voice_29,voice_29,True
audio_data/south/voice_29/voice_29_aug_3.wav,2.219,16000,ซื้อโกปี้ให้ที,ซื้อกาแฟให้หน่อย,south,voice_29,voice_29,True
audio_data/south/voice_29/voice_29_aug_30.wav,2.219,16000,ซื้อโกปี้ให้ที,ซื้อกาแฟให้หน่อย,south,voice_29,voice_29,True
audio_data/south/voice_29/voice_29_aug_31.wav,2.219,16000,ซื้อโกปี้ให้ที,ซื้อกาแฟให้หน่อย,south,voice_29,voice_29,True
audio_data/south/voice_29/voice_29_aug_32.wav,2.219,16000,ซื้อโกปี้ให้ที,ซื้อกาแฟให้หน่อย,south,voice_29,voice_29,True
audio_data/south/voice_29/voice_29_aug_33.wav,2.219,16000,ซื้อโกปี้ให้ที,ซื้อกาแฟให้หน่อย,south,voice_29,voice_29,True
audio_data/south/voice_29/voice_29_aug_34.wav,2.219,16000,ซื้อโกปี้ให้ที,ซื้อกาแฟให้หน่อย,south,voice_29,voice_29,True
audio_data/south/voice_29/voice_29_aug_35.wav,2.219,16000,ซื้อโกปี้ให้ที,ซื้อกาแฟให้หน่อย,south,voice_29,voice_29,True
audio_data/south/voice_29/voice_29_aug_36.wav,2.219,16000,ซื้อโกปี้ให้ที,ซื้อกาแฟให้หน่อย,south,voice_29,voice_29,True
audio_data/south/voice_29/voice_29_aug_37.wav,2.219,16000,ซื้อโกปี้ให้ที,ซื้อกาแฟให้หน่อย,south,voice_29,voice_29,True
audio_data/south/voice_29/voice_29_aug_38.wav,2.219,16000,ซื้อโกปี้ให้ที,ซื้อกาแฟให้หน่อย,south,voice_29,voice_29,True
audio_data/south/voice_29/voice_29_aug_39.wav,2.219,16000,ซื้อโกปี้ให้ที,ซื้อกาแฟให้หน่อย,south,voice_29,voice_29,True
audio_data/south/voice_29/voice_29_aug_4.wav,2.219,16000,ซื้อโกปี้ให้ที,ซื้อกาแฟให้หน่อย,south,voice_29,voice_29,True
audio_data/south/voice_29/voice_29_aug_40.wav,2.219,16000,ซื้อโกปี้ให้ที,ซื้อกาแฟให้หน่อย,south,voice_29,voice_29,True
audio_data/south/voice_29/voice_29_aug_41.wav,2.219,16000,ซื้อโกปี้ให้ที,ซื้อกาแฟให้หน่อย,south,voice_29,voice_29,True
audio_data/south/voice_29/voice_29_aug_42.wav,2.219,16000,ซื้อโกปี้ให้ที,ซื้อกาแฟให้หน่อย,south,voice_29,voice_29,True
audio_data/south/voice_29/voice_29_aug_43.wav,2.219,16000,ซื้อโกปี้ให้ที,ซื้อกาแฟให้หน่อย,south,voice_29,voice_29,True
audio_data/south/voice_29/voice_29_aug_44.wav,2.219,16000,ซื้อโกปี้ให้ที,ซื้อกาแฟให้หน่อย,south,voice_29,voice_29,True
audio_data/south/voice_29/voice_29_aug_45.wav,2.219,16000,ซื้อโกปี้ให้ที,ซื้อกาแฟให้หน่อย,south,voice_29,voice_29,True
audio_data/south/voice_29/voice_29_aug_46.wav,2.219,16000,ซื้อโกปี้ให้ที,ซื้อกาแฟให้หน่อย,south,voice_29,voice_29,True
audio_data/south/voice_29/voice_29_aug_47.wav,2.219,16000,ซื้อโกปี้ให้ที,ซื้อกาแฟให้หน่อย,south,voice_29,voice_29,True
audio_data/south/voice_29/voice_29_aug_48.wav,2.219,16000,ซื้อโกปี้ให้ที,ซื้อกาแฟให้หน่อย,south,voice_29,voice_29,True
audio_data/south/voice_29/voice_29_aug_49.wav,2.219,16000,ซื้อโกปี้ให้ที,ซื้อกาแฟให้หน่อย,south,voice_29,voice_29,True
audio_data/south/voice_29/voice_29_aug_5.wav,2.219,16000,ซื้อโกปี้ให้ที,ซื้อกาแฟให้หน่อย,south,voice_29,voice_29,True
audio_data/south/voice_29/voice_29_aug_50.wav,2.219,16000,ซื้อโกปี้ให้ที,ซื้อกาแฟให้หน่อย,south,voice_29,voice_29,True
audio_data/south/voice_29/voice_29_aug_51.wav,2.219,16000,ซื้อโกปี้ให้ที,ซื้อกาแฟให้หน่อย,south,voice_29,voice_29,True
audio_data/south/voice_29/voice_29_aug_52.wav,2.219,16000,ซื้อโกปี้ให้ที,ซื้อกาแฟให้หน่อย,south,voice_29,voice_29,True
audio_data/south/voice_29/voice_29_aug_53.wav,2.219,16000,ซื้อโกปี้ให้ที,ซื้อกาแฟให้หน่อย,south,voice_29,voice_29,True
audio_data/south/voice_29/voice_29_aug_54.wav,2.219,16000,ซื้อโกปี้ให้ที,ซื้อกาแฟให้หน่อย,south,voice_29,voice_29,True
audio_data/south/voice_29/voice_29_aug_55.wav,2.219,16000,ซื้อโกปี้ให้ที,ซื้อกาแฟให้หน่อย,south,voice_29,voice_29,True
audio_data/south/voice_29/voice_29_aug_56.wav,2.219,16000,ซื้อโกปี้ให้ที,ซื้อกาแฟให้หน่อย,south,voice_29,voice_29,True
audio_data/south/voice_29/voice_29_aug_57.wav,2.219,16000,ซื้อโกปี้ให้ที,ซื้อกาแฟให้หน่อย,south,voice_29,voice_29,True
audio_data/south/voice_29/voice_29_aug_58.wav,2.219,16000,ซื้อโกปี้ให้ที,ซื้อกาแฟให้หน่อย,south,voice_29,voice_29,True
audio_data/south/voice_29/voice_29_aug_59.wav,2.219,16000,ซื้อโกปี้ให้ที,ซื้อกาแฟให้หน่อย,south,voice_29,voice_29,True
audio_data/south/voice_29/voice_29_aug_6.wav,2.219,16000,ซื้อโกปี้ให้ที,ซื้อกาแฟให้หน่อย,south,voice_29,voice_29,True
audio_data/south/voice_29/voice_29_aug_60.wav,2.219,16000,ซื้อโกปี้ให้ที,ซื้อกาแฟให้หน่อย,south,voice_29,voice_29,True
audio_data/south/voice_29/voice_29_aug_61.wav,2.219,16000,ซื้อโกปี้ให้ที,ซื้อกาแฟให้หน่อย,south,voice_29,voice_29,True
audio_data/south/voice_29/voice_29_aug_62.wav,2.219,16000,ซื้อโกปี้ให้ที,ซื้อกาแฟให้หน่อย,south,voice_29,voice_29,True
audio_data/south/voice_29/voice_29_aug_63.wav,2.219,16000,ซื้อโกปี้ให้ที,ซื้อกาแฟให้หน่อย,south,voice_29,voice_29,True
audio_data/south/voice_29/voice_29_aug_64.wav,2.219,16000,ซื้อโกปี้ให้ที,ซื้อกาแฟให้หน่อย,south,voice_29,voice_29,True
audio_data/south/voice_29/voice_29_aug_65.wav,2.219,16000,ซื้อโกปี้ให้ที,ซื้อกาแฟให้หน่อย,south,voice_29,voice_29,True
audio_data/south/voice_29/voice_29_aug_66.wav,2.219,16000,ซื้อโกปี้ให้ที,ซื้อกาแฟให้หน่อย,south,voice_29,voice_29,True
audio_data/south/voice_29/voice_29_aug_67.wav,2.219,16000,ซื้อโกปี้ให้ที,ซื้อกาแฟให้หน่อย,south,voice_29,voice_29,True
audio_data/south/voice_29/voice_29_aug_68.wav,2.219,16000,ซื้อโกปี้ให้ที,ซื้อกาแฟให้หน่อย,south,voice_29,voice_29,True
audio_data/south/voice_29/voice_29_aug_69.wav,2.219,16000,ซื้อโกปี้ให้ที,ซื้อกาแฟให้หน่อย,south,voice_29,voice_29,True
audio_data/south/voice_29/voice_29_aug_7.wav,2.219,16000,ซื้อโกปี้ให้ที,ซื้อกาแฟให้หน่อย,south,voice_29,voice_29,True
audio_data/south/voice_29/voice_29_aug_70.wav,2.219,16000,ซื้อโกปี้ให้ที,ซื้อกาแฟให้หน่อย,south,voice_29,voice_29,True
audio_data/south/voice_29/voice_29_aug_71.wav,2.219,16000,ซื้อโกปี้ให้ที,ซื้อกาแฟให้หน่อย,south,voice_29,voice_29,True
audio_data/south/voice_29/voice_29_aug_72.wav,2.219,16000,ซื้อโกปี้ให้ที,ซื้อกาแฟให้หน่อย,south,voice_29,voice_29,True
audio_data/south/voice_29/voice_29_aug_73.wav,2.219,16000,ซื้อโกปี้ให้ที,ซื้อกาแฟให้หน่อย,south,voice_29,voice_29,True
audio_data/south/voice_29/voice_29_aug_74.wav,2.219,16000,ซื้อโกปี้ให้ที,ซื้อกาแฟให้หน่อย,south,voice_29,voice_29,True
audio_data/south/voice_29/voice_29_aug_75.wav,2.219,16000,ซื้อโกปี้ให้ที,ซื้อกาแฟให้หน่อย,south,voice_29,voice_29,True
audio_data/south/voice_29/voice_29_aug_76.wav,2.219,16000,ซื้อโกปี้ให้ที,ซื้อกาแฟให้หน่อย,south,voice_29,voice_29,True
audio_data/south/voice_29/voice_29_aug_77.wav,2.219,16000,ซื้อโกปี้ให้ที,ซื้อกาแฟให้หน่อย,south,voice_29,voice_29,True
audio_data/south/voice_29/voice_29_aug_78.wav,2.219,16000,ซื้อโกปี้ให้ที,ซื้อกาแฟให้หน่อย,south,voice_29,voice_29,True
audio_data/south/voice_29/voice_29_aug_79.wav,2.219,16000,ซื้อโกปี้ให้ที,ซื้อกาแฟให้หน่อย,south,voice_29,voice_29,True
audio_data/south/voice_29/voice_29_aug_8.wav,2.219,16000,ซื้อโกปี้ให้ที,ซื้อกาแฟให้หน่อย,south,voice_29,voice_29,True
audio_data/south/voice_29/voice_29_aug_80.wav,2.219,16000,ซื้อโกปี้ให้ที,ซื้อกาแฟให้หน่อย,south,voice_29,voice_29,True
audio_data/south/voice_29/voice_29_aug_81.wav,2.219,16000,ซื้อโกปี้ให้ที,ซื้อกาแฟให้หน่อย,south,voice_29,voice_29,True
audio_data/south/voice_29/voice_29_aug_82.wav,2.219,16000,ซื้อโกปี้ให้ที,ซื้อกาแฟให้หน่อย,south,voice_29,voice_29,True
audio_data/south/voice_29/voice_29_aug_83.wav,2.219,16000,ซื้อโกปี้ให้ที,ซื้อกาแฟให้หน่อย,south,voice_29,voice_29,True
audio_data/south/voice_29/voice_29_aug_84.wav,2.219,16000,ซื้อโกปี้ให้ที,ซื้อกาแฟให้หน่อย,south,voice_29,voice_29,True
audio_data/south/voice_29/voice_29_aug_85.wav,2.219,16000,ซื้อโกปี้ให้ที,ซื้อกาแฟให้หน่อย,south,voice_29,voice_29,True
audio_data/south/voice_29/voice_29_aug_86.wav,2.219,16000,ซื้อโกปี้ให้ที,ซื้อกาแฟให้หน่อย,south,voice_29,voice_29,True
audio_data/south/voice_29/voice_29_aug_87.wav,2.219,16000,ซื้อโกปี้ให้ที,ซื้อกาแฟให้หน่อย,south,voice_29,voice_29,True
audio_data/south/voice_29/voice_29_aug_88.wav,2.219,16000,ซื้อโกปี้ให้ที,ซื้อกาแฟให้หน่อย,south,voice_29,voice_29,True
audio_data/south/voice_29/voice_29_aug_89.wav,2.219,16000,ซื้อโกปี้ให้ที,ซื้อกาแฟให้หน่อย,south,voice_29,voice_29,True
audio_data/south/voice_29/voice_29_aug_9.wav,2.219,16000,ซื้อโกปี้ให้ที,ซื้อกาแฟให้หน่อย,south,voice_29,voice_29,True
audio_data/south/voice_29/voice_29_aug_90.wav,2.219,16000,ซื้อโกปี้ให้ที,ซื้อกาแฟให้หน่อย,south,voice_29,voice_29,True
audio_data/south/voice_29/voice_29_aug_91.wav,2.219,16000,ซื้อโกปี้ให้ที,ซื้อกาแฟให้หน่อย,south,voice_29,voice_29,True
audio_data/south/voice_29/voice_29_aug_92.wav,2.219,16000,ซื้อโกปี้ให้ที,ซื้อกาแฟให้หน่อย,south,voice_29,voice_29,True
audio_data/south/voice_29/voice_29_aug_93.wav,2.219,16000,ซื้อโกปี้ให้ที,ซื้อกาแฟให้หน่อย,south,voice_29,voice_29,True
audio_data/south/voice_29/voice_29_aug_94.wav,2.219,16000,ซื้อโกปี้ให้ที,ซื้อกาแฟให้หน่อย,south,voice_29,voice_29,True
audio_data/south/voice_29/voice_29_aug_95.wav,2.219,16000,ซื้อโกปี้ให้ที,ซื้อกาแฟให้หน่อย,south,voice_29,voice_29,True
audio_data/south/voice_29/voice_29_aug_96.wav,2.219,16000,ซื้อโกปี้ให้ที,ซื้อกาแฟให้หน่อย,south,voice_29,voice_29,True
audio_data/south/voice_29/voice_29_aug_97.wav,2.219,16000,ซื้อโกปี้ให้ที,ซื้อกาแฟให้หน่อย,south,voice_29,voice_29,True
audio_data/south/voice_29/voice_29_aug_98.wav,2.219,16000,ซื้อโกปี้ให้ที,ซื้อกาแฟให้หน่อย,south,voice_29,voice_29,True
audio_data/south/voice_29/voice_29_aug_99.wav,2.219,16000,ซื้อโกปี้ให้ที,ซื้อกาแฟให้หน่อย,south,voice_29,voice_29,True
audio_data/south/voice_3/voice_3_1.wav,2.176,16000,ผมชื่อ,ผมชื่อ,south,voice_3,voice_3_1,False
audio_data/south/voice_3/voice_3_aug_1.wav,2.176,16000,ผมชื่อ,ผมชื่อ,south,voice_3,voice_3,True
audio_data/south/voice_3/voice_3_aug_10.wav,2.176,16000,ผมชื่อ,ผมชื่อ,south,voice_3,voice_3,True
audio_data/south/voice_3/voice_3_aug_100.wav,2.176,16000,ผมชื่อ,ผมชื่อ,south,voice_3,voice_3,True
audio_data/south/voice_3/voice_3_aug_11.wav,2.176,16000,ผมชื่อ,ผมชื่อ,south,voice_3,voice_3,True
audio_data/south/voice_3/voice_3_aug_12.wav,2.176,16000,ผมชื่อ,ผมชื่อ,south,voice_3,voice_3,True
audio_data/south/voice_3/voice_3_aug_13.wav,2.176,16000,ผมชื่อ,ผมชื่อ,south,voice_3,voice_3,True
audio_data/south/voice_3/voice_3_aug_14.wav,2.176,16000,ผมชื่อ,ผมชื่อ,south,voice_3,voice_3,True
audio_data/south/voice_3/voice_3_aug_15.wav,2.176,16000,ผมชื่อ,ผมชื่อ,south,voice_3,voice_3,True
audio_data/south/voice_3/voice_3_aug_16.wav,2.176,16000,ผมชื่อ,ผมชื่อ,south,voice_3,voice_3,True
audio_data/south/voice_3/voice_3_aug_17.wav,2.176,16000,ผมชื่อ,ผมชื่อ,south,voice_3,voice_3,True
audio_data/south/voice_3/voice_3_aug_18.wav,2.176,16000,ผมชื่อ,ผมชื่อ,south,voice_3,voice_3,True
audio_data/south/voice_3/voice_3_aug_19.wav,2.176,16000,ผมชื่อ,ผมชื่อ,south,voice_3,voice_3,True
audio_data/south/voice_3/voice_3_aug_2.wav,2.176,16000,ผมชื่อ,ผมชื่อ,south,voice_3,voice_3,True
audio_data/south/voice_3/voice_3_aug_20.wav,2.176,16000,ผมชื่อ,ผมชื่อ,south,voice_3,voice_3,True
audio_data/south/voice_3/voice_3_aug_21.wav,2.176,16000,ผมชื่อ,ผมชื่อ,south,voice_3,voice_3,True
audio_data/south/voice_3/voice_3_aug_22.wav,2.176,16000,ผมชื่อ,ผมชื่อ,south,voice_3,voice_3,True
audio_data/south/voice_3/voice_3_aug_23.wav,2.176,16000,ผมชื่อ,ผมชื่อ,south,voice_3,voice_3,True
audio_data/south/voice_3/voice_3_aug_24.wav,2.176,16000,ผมชื่อ,ผมชื่อ,south,voice_3,voice_3,True
audio_data/south/voice_3/voice_3_aug_25.wav,2.176,16000,ผมชื่อ,ผมชื่อ,south,voice_3,voice_3,True
audio_data/south/voice_3/voice_3_aug_26.wav,2.176,16000,ผมชื่อ,ผมชื่อ,south,voice_3,voice_3,True
audio_data/south/voice_3/voice_3_aug_27.wav,2.176,16000,ผมชื่อ,ผมชื่อ,south,voice_3,voice_3,True
audio_data/south/voice_3/voice_3_aug_28.wav,2.176,16000,ผมชื่อ,ผมชื่อ,south,voice_3,voice_3,True
audio_data/south/voice_3/voice_3_aug_29.wav,2.176,16000,ผมชื่อ,ผมชื่อ,south,voice_3,voice_3,True
audio_data/south/voice_3/voice_3_aug_3.wav,2.176,16000,ผมชื่อ,ผมชื่อ,south,voice_3,voice_3,True
audio_data/south/voice_3/voice_3_aug_30.wav,2.176,16000,ผมชื่อ,ผมชื่อ,south,voice_3,voice_3,True
audio_data/south/voice_3/voice_3_aug_31.wav,2.176,16000,ผมชื่อ,ผมชื่อ,south,voice_3,voice_3,True
audio_data/south/voice_3/voice_3_aug_32.wav,2.176,16000,ผมชื่อ,ผมชื่อ,south,voice_3,voice_3,True
audio_data/south/voice_3/voice_3_aug_33.wav,2.176,16000,ผมชื่อ,ผมชื่อ,south,voice_3,voice_3,True
audio_data/south/voice_3/voice_3_aug_34.wav,2.176,16000,ผมชื่อ,ผมชื่อ,south,voice_3,voice_3,True
audio_data/south/voice_3/voice_3_aug_35.wav,2.176,16000,ผมชื่อ,ผมชื่อ,south,voice_3,voice_3,True
audio_data/south/voice_3/voice_3_aug_36.wav,2.176,16000,ผมชื่อ,ผมชื่อ,south,voice_3,voice_3,True
audio_data/south/voice_3/voice_3_aug_37.wav,2.176,16000,ผมชื่อ,ผมชื่อ,south,voice_3,voice_3,True
audio_data/south/voice_3/voice_3_aug_38.wav,2.176,16000,ผมชื่อ,ผมชื่อ,south,voice_3,voice_3,True
audio_data/south/voice_3/voice_3_aug_39.wav,2.176,16000,ผมชื่อ,ผมชื่อ,south,voice_3,voice_3,True
audio_data/south/voice_3/voice_3_aug_4.wav,2.176,16000,ผมชื่อ,ผมชื่อ,south,voice_3,voice_3,True
audio_data/south/voice_3/voice_3_aug_40.wav,2.176,16000,ผมชื่อ,ผมชื่อ,south,voice_3,voice_3,True
audio_data/south/voice_3/voice_3_aug_41.wav,2.176,16000,ผมชื่อ,ผมชื่อ,south,voice_3,voice_3,True
audio_data/south/voice_3/voice_3_aug_42.wav,2.176,16000,ผมชื่อ,ผมชื่อ,south,voice_3,voice_3,True
audio_data/south/voice_3/voice_3_aug_43.wav,2.176,16000,ผมชื่อ,ผมชื่อ,south,voice_3,voice_3,True
audio_data/south/voice_3/voice_3_aug_44.wav,2.176,16000,ผมชื่อ,ผมชื่อ,south,voice_3,voice_3,True
audio_data/south/voice_3/voice_3_aug_45.wav,2.176,16000,ผมชื่อ,ผมชื่อ,south,voice_3,voice_3,True
audio_data/south/voice_3/voice_3_aug_46.wav,2.176,16000,ผมชื่อ,ผมชื่อ,south,voice_3,voice_3,True
audio_data/south/voice_3/voice_3_aug_47.wav,2.176,16000,ผมชื่อ,ผมชื่อ,south,voice_3,voice_3,True
audio_data/south/voice_3/voice_3_aug_48.wav,2.176,16000,ผมชื่อ,ผมชื่อ,south,voice_3,voice_3,True
audio_data/south/voice_3/voice_3_aug_49.wav,2.176,16000,ผมชื่อ,ผมชื่อ,south,voice_3,voice_3,True
audio_data/south/voice_3/voice_3_aug_5.wav,2.176,16000,ผมชื่อ,ผมชื่อ,south,voice_3,voice_3,True
audio_data/south/voice_3/voice_3_aug_50.wav,2.176,16000,ผมชื่อ,ผมชื่อ,south,voice_3,voice_3,True
audio_data/south/voice_3/voice_3_aug_51.wav,2.176,16000,ผมชื่อ,ผมชื่อ,south,voice_3,voice_3,True
audio_data/south/voice_3/voice_3_aug_52.wav,2.176,16000,ผมชื่อ,ผมชื่อ,south,voice_3,voice_3,True
audio_data/south/voice_3/voice_3_aug_53.wav,2.176,16000,ผมชื่อ,ผมชื่อ,south,voice_3,voice_3,True
audio_data/south/voice_3/voice_3_aug_54.wav,2.176,16000,ผมชื่อ,ผมชื่อ,south,voice_3,voice_3,True
audio_data/south/voice_3/voice_3_aug_55.wav,2.176,16000,ผมชื่อ,ผมชื่อ,south,voice_3,voice_3,True
audio_data/south/voice_3/voice_3_aug_56.wav,2.176,16000,ผมชื่อ,ผมชื่อ,south,voice_3,voice_3,True
audio_data/south/voice_3/voice_3_aug_57.wav,2.176,16000,ผมชื่อ,ผมชื่อ,south,voice_3,voice_3,True
audio_data/south/voice_3/voice_3_aug_58.wav,2.176,16000,ผมชื่อ,ผมชื่อ,south,voice_3,voice_3,True
audio_data/south/voice_3/voice_3_aug_59.wav,2.176,16000,ผมชื่อ,ผมชื่อ,south,voice_3,voice_3,True
audio_data/south/voice_3/voice_3_aug_6.wav,2.176,16000,ผมชื่อ,ผมชื่อ,south,voice_3,voice_3,True
audio_data/south/voice_3/voice_3_aug_60.wav,2.176,16000,ผมชื่อ,ผมชื่อ,south,voice_3,voice_3,True
audio_data/south/voice_3/voice_3_aug_61.wav,2.176,16000,ผมชื่อ,ผมชื่อ,south,voice_3,voice_3,True
audio_data/south/voice_3/voice_3_aug_62.wav,2.176,16000,ผมชื่อ,ผมชื่อ,south,voice_3,voice_3,True
audio_data/south/voice_3/voice_3_aug_63.wav,2.176,16000,ผมชื่อ,ผมชื่อ,south,voice_3,voice_3,True
audio_data/south/voice_3/voice_3_aug_64.wav,2.176,16000,ผมชื่อ,ผมชื่อ,south,voice_3,voice_3,True
audio_data/south/voice_3/voice_3_aug_65.wav,2.176,16000,ผมชื่อ,ผมชื่อ,south,voice_3,voice_3,True
audio_data/south/voice_3/voice_3_aug_66.wav,2.176,16000,ผมชื่อ,ผมชื่อ,south,voice_3,voice_3,True
audio_data/south/voice_3/voice_3_aug_67.wav,2.176,16000,ผมชื่อ,ผมชื่อ,south,voice_3,voice_3,True
audio_data/south/voice_3/voice_3_aug_68.wav,2.176,16000,ผมชื่อ,ผมชื่อ,south,voice_3,voice_3,True
audio_data/south/voice_3/voice_3_aug_69.wav,2.176,16000,ผมชื่อ,ผมชื่อ,south,voice_3,voice_3,True
audio_data/south/voice_3/voice_3_aug_7.wav,2.176,16000,ผมชื่อ,ผมชื่อ,south,voice_3,voice_3,True
audio_data/south/voice_3/voice_3_aug_70.wav,2.176,16000,ผมชื่อ,ผมชื่อ,south,voice_3,voice_3,True
audio_data/south/voice_3/voice_3_aug_71.wav,2.176,16000,ผมชื่อ,ผมชื่อ,south,voice_3,voice_3,True
audio_data/south/voice_3/voice_3_aug_72.wav,2.176,16000,ผมชื่อ,ผมชื่อ,south,voice_3,voice_3,True
audio_data/south/voice_3/voice_3_aug_73.wav,2.176,16000,ผมชื่อ,ผมชื่อ,south,voice_3,voice_3,True
audio_data/south/voice_3/voice_3_aug_74.wav,2.176,16000,ผมชื่อ,ผมชื่อ,south,voice_3,voice_3,True
audio_data/south/voice_3/voice_3_aug_75.wav,2.176,16000,ผมชื่อ,ผมชื่อ,south,voice_3,voice_3,True
audio_data/south/voice_3/voice_3_aug_76.wav,2.176,16000,ผมชื่อ,ผมชื่อ,south,voice_3,voice_3,True
audio_data/south/voice_3/voice_3_aug_77.wav,2.176,16000,ผมชื่อ,ผมชื่อ,south,voice_3,voice_3,True
audio_data/south/voice_3/voice_3_aug_78.wav,2.176,16000,ผมชื่อ,ผมชื่อ,south,voice_3,voice_3,True
audio_data/south/voice_3/voice_3_aug_79.wav,2.176,16000,ผมชื่อ,ผมชื่อ,south,voice_3,voice_3,True
audio_data/south/voice_3/voice_3_aug_8.wav,2.176,16000,ผมชื่อ,ผมชื่อ,south,voice_3,voice_3,True
audio_data/south/voice_3/voice_3_aug_80.wav,2.176,16000,ผมชื่อ,ผมชื่อ,south,voice_3,voice_3,True
audio_data/south/voice_3/voice_3_aug_81.wav,2.176,16000,ผมชื่อ,ผมชื่อ,south,voice_3,voice_3,True
audio_data/south/voice_3/voice_3_aug_82.wav,2.176,16000,ผมชื่อ,ผมชื่อ,south,voice_3,voice_3,True
audio_data/south/voice_3/voice_3_aug_83.wav,2.176,16000,ผมชื่อ,ผมชื่อ,south,voice_3,voice_3,True
audio_data/south/voice_3/voice_3_aug_84.wav,2.176,16000,ผมชื่อ,ผมชื่อ,south,voice_3,voice_3,True
audio_data/south/voice_3/voice_3_aug_85.wav,2.176,16000,ผมชื่อ,ผมชื่อ,south,voice_3,voice_3,True
audio_data/south/voice_3/voice_3_aug_86.wav,2.176,16000,ผมชื่อ,ผมชื่อ,south,voice_3,voice_3,True
audio_data/south/voice_3/voice_3_aug_87.wav,2.176,16000,ผมชื่อ,ผมชื่อ,south,voice_3,voice_3,True
audio_data/south/voice_3/voice_3_aug_88.wav,2.176,16000,ผมชื่อ,ผมชื่อ,south,voice_3,voice_3,True
audio_data/south/voice_3/voice_3_aug_89.wav,2.176,16000,ผมชื่อ,ผมชื่อ,south,voice_3,voice_3,True
audio_data/south/voice_3/voice_3_aug_9.wav,2.176,16000,ผมชื่อ,ผมชื่อ,south,voice_3,voice_3,True
audio_data/south/voice_3/voice_3_aug_90.wav,2.176,16000,ผมชื่อ,ผมชื่อ,south,voice_3,voice_3,True
audio_data/south/voice_3/voice_3_aug_91.wav,2.176,16000,ผมชื่อ,ผมชื่อ,south,voice_3,voice_3,True
audio_data/south/voice_3/voice_3_aug_92.wav,2.176,16000,ผมชื่อ,ผมชื่อ,south,voice_3,voice_3,True
audio_data/south/voice_3/voice_3_aug_93.wav,2.176,16000,ผมชื่อ,ผมชื่อ,south,voice_3,voice_3,True
audio_data/south/voice_3/voice_3_aug_94.wav,2.176,16000,ผมชื่อ,ผมชื่อ,south,voice_3,voice_3,True
audio_data/south/voice_3/voice_3_aug_95.wav,2.176,16000,ผมชื่อ,ผมชื่อ,south,voice_3,voice_3,True
audio_data/south/voice_3/voice_3_aug_96.wav,2.176,16000,ผมชื่อ,ผมชื่อ,south,voice_3,voice_3,True
audio_data/south/voice_3/voice_3_aug_97.wav,2.176,16000,ผมชื่อ,ผมชื่อ,south,voice_3,voice_3,True
audio_data/south/voice_3/voice_3_aug_98.wav,2.176,16000,ผมชื่อ,ผมชื่อ,south,voice_3,voice_3,True
audio_data/south/voice_3/voice_3_aug_99.wav,2.176,16000,ผมชื่อ,ผมชื่อ,south,voice_3,voice_3,True
audio_data/south/voice_30/voice_30_1.wav,3.115,16000,อย่าขับรถลกลก,อย่าขับรถลนลาน,south,voice_30,voice_30_1,False
audio_data/south/voice_30/voice_30_aug_1.wav,3.115,16000,อย่าขับรถลกลก,อย่าขับรถลนลาน,south,voice_30,voice_30,True
audio_data/south/voice_30/voice_30_aug_10.wav,3.115,16000,อย่าขับรถลกลก,อย่าขับรถลนลาน,south,voice_30,voice_30,True
audio_data/south/voice_30/voice_30_aug_100.wav,3.115,16000,อย่าขับรถลกลก,อย่าขับรถลนลาน,south,voice_30,voice_30,True
audio_data/south/voice_30/voice_30_aug_11.wav,3.115,16000,อย่าขับรถลกลก,อย่าขับรถลนลาน,south,voice_30,voice_30,True
audio_data/south/voice_30/voice_30_aug_12.wav,3.115,16000,อย่าขับรถลกลก,อย่าขับรถลนลาน,south,voice_30,voice_30,True
audio_data/south/voice_30/voice_30_aug_13.wav,3.115,16000,อย่าขับรถลกลก,อย่าขับรถลนลาน,south,voice_30,voice_30,True
audio_data/south/voice_30/voice_30_aug_14.wav,3.115,16000,อย่าขับรถลกลก,อย่าขับรถลนลาน,south,voice_30,voice_30,True
audio_data/south/voice_30/voice_30_aug_15.wav,3.115,16000,อย่าขับรถลกลก,อย่าขับรถลนลาน,south,voice_30,voice_30,True
audio_data/south/voice_30/voice_30_aug_16.wav,3.115,16000,อย่าขับรถลกลก,อย่าขับรถลนลาน,south,voice_30,voice_30,True
audio_data/south/voice_30/voice_30_aug_17.wav,3.115,16000,อย่าขับรถลกลก,อย่าขับรถลนลาน,south,voice_30,voice_30,True
audio_data/south/voice_30/voice_30_aug_18.wav,3.115,16000,อย่าขับรถลกลก,อย่าขับรถลนลาน,south,voice_30,voice_30,True
audio_data/south/voice_30/voice_30_aug_19.wav,3.115,16000,อย่าขับรถลกลก,อย่าขับรถลนลาน,south,voice_30,voice_30,True
audio_data/south/voice_30/voice_30_aug_2.wav,3.115,16000,อย่าขับรถลกลก,อย่าขับรถลนลาน,south,voice_30,voice_30,True
audio_data/south/voice_30/voice_30_aug_20.wav,3.115,16000,อย่าขับรถลกลก,อย่าขับรถลนลาน,south,voice_30,voice_30,True
audio_data/south/voice_30/voice_30_aug_21.wav,3.115,16000,อย่าขับรถลกลก,อย่าขับรถลนลาน,south,voice_30,voice_30,True
audio_data/south/voice_30/voice_30_aug_22.wav,3.115,16000,อย่าขับรถลกลก,อย่าขับรถลนลาน,south,voice_30,voice_30,True
audio_data/south/voice_30/voice_30_aug_23.wav,3.115,16000,อย่าขับรถลกลก,อย่าขับรถลนลาน,south,voice_30,voice_30,True
audio_data/south/voice_30/voice_30_aug_24.wav,3.115,16000,อย่าขับรถลกลก,อย่าขับรถลนลาน,south,voice_30,voice_30,True
audio_data/south/voice_30/voice_30_aug_25.wav,3.115,16000,อย่าขับรถลกลก,อย่าขับรถลนลาน,south,voice_30,voice_30,True
audio_data/south/voice_30/voice_30_aug_26.wav,3.115,16000,อย่าขับรถลกลก,อย่าขับรถลนลาน,south,voice_30,voice_30,True
audio_data/south/voice_30/voice_30_aug_27.wav,3.115,16000,อย่าขับรถลกลก,อย่าขับรถลนลาน,south,voice_30,voice_30,True
audio_data/south/voice_30/voice_30_aug_28.wav,3.115,16000,อย่าขับรถลกลก,อย่าขับรถลนลาน,south,voice_30,voice_30,True
audio_data/south/voice_30/voice_30_aug_29.wav,3.115,16000,อย่าขับรถลกลก,อย่าขับรถลนลาน,south,voice_30,voice_30,True
audio_data/south/voice_30/voice_30_aug_3.wav,3.115,16000,อย่าขับรถลกลก,อย่าขับรถลนลาน,south,voice_30,voice_30,True
audio_data/south/voice_30/voice_30_aug_30.wav,3.115,16000,อย่าขับรถลกลก,อย่าขับรถลนลาน,south,voice_30,voice_30,True
audio_data/south/voice_30/voice_30_aug_31.wav,3.115,16000,อย่าขับรถลกลก,อย่าขับรถลนลาน,south,voice_30,voice_30,True
audio_data/south/voice_30/voice_30_aug_32.wav,3.115,16000,อย่าขับรถลกลก,อย่าขับรถลนลาน,south,voice_30,voice_30,True
audio_data/south/voice_30/voice_30_aug_33.wav,3.115,16000,อย่าขับรถลกลก,อย่าขับรถลนลาน,south,voice_30,voice_30,True
audio_data/south/voice_30/voice_30_aug_34.wav,3.115,16000,อย่าขับรถลกลก,อย่าขับรถลนลาน,south,voice_30,voice_30,True
audio_data/south/voice_30/voice_30_aug_35.wav,3.115,16000,อย่าขับรถลกลก,อย่าขับรถลนลาน,south,voice_30,voice_30,True
audio_data/south/voice_30/voice_30_aug_36.wav,3.115,16000,อย่าขับรถลกลก,อย่าขับรถลนลาน,south,voice_30,voice_30,True
audio_data/south/voice_30/voice_30_aug_37.wav,3.115,16000,อย่าขับรถลกลก,อย่าขับรถลนลาน,south,voice_30,voice_30,True
audio_data/south/voice_30/voice_30_aug_38.wav,3.115,16000,อย่าขับรถลกลก,อย่าขับรถลนลาน,south,voice_30,voice_30,True
audio_data/south/voice_30/voice_30_aug_39.wav,3.115,16000,อย่าขับรถลกลก,อย่าขับรถลนลาน,south,voice_30,voice_30,True
audio_data/south/voice_30/voice_30_aug_4.wav,3.115,16000,อย่าขับรถลกลก,อย่าขับรถลนลาน,south,voice_30,voice_30,True
audio_data/south/voice_30/voice_30_aug_40.wav,3.115,16000,อย่าขับรถลกลก,อย่าขับรถลนลาน,south,voice_30,voice_30,True
audio_data/south/voice_30/voice_30_aug_41.wav,3.115,16000,อย่าขับรถลกลก,อย่าขับรถลนลาน,south,voice_30,voice_30,True
audio_data/south/voice_30/voice_30_aug_42.wav,3.115,16000,อย่าขับรถลกลก,อย่าขับรถลนลาน,south,voice_30,voice_30,True
audio_data/south/voice_30/voice_30_aug_43.wav,3.115,16000,อย่าขับรถลกลก,อย่าขับรถลนลาน,south,voice_30,voice_30,True
audio_data/south/voice_30/voice_30_aug_44.wav,3.115,16000,อย่าขับรถลกลก,อย่าขับรถลนลาน,south,voice_30,voice_30,True
audio_data/south/voice_30/voice_30_aug_45.wav,3.115,16000,อย่าขับรถลกลก,อย่าขับรถลนลาน,south,voice_30,voice_30,True
audio_data/south/voice_30/voice_30_aug_46.wav,3.115,16000,อย่าขับรถลกลก,อย่าขับรถลนลาน,south,voice_30,voice_30,True
audio_data/south/voice_30/voice_30_aug_47.wav,3.115,16000,อย่าขับรถลกลก,อย่าขับรถลนลาน,south,voice_30,voice_30,True
audio_data/south/voice_30/voice_30_aug_48.wav,3.115,16000,อย่าขับรถลกลก,อย่าขับรถลนลาน,south,voice_30,voice_30,True
audio_data/south/voice_30/voice_30_aug_49.wav,3.115,16000,อย่าขับรถลกลก,อย่าขับรถลนลาน,south,voice_30,voice_30,True
audio_data/south/voice_30/voice_30_aug_5.wav,3.115,16000,อย่าขับรถลกลก,อย่าขับรถลนลาน,south,voice_30,voice_30,True
audio_data/south/voice_30/voice_30_aug_50.wav,3.115,16000,อย่าขับรถลกลก,อย่าขับรถลนลาน,south,voice_30,voice_30,True
audio_data/south/voice_30/voice_30_aug_51.wav,3.115,16000,อย่าขับรถลกลก,อย่าขับรถลนลาน,south,voice_30,voice_30,True
audio_data/south/voice_30/voice_30_aug_52.wav,3.115,16000,อย่าขับรถลกลก,อย่าขับรถลนลาน,south,voice_30,voice_30,True
audio_data/south/voice_30/voice_30_aug_53.wav,3.115,16000,อย่าขับรถลกลก,อย่าขับรถลนลาน,south,voice_30,voice_30,True
audio_data/south/voice_30/voice_30_aug_54.wav,3.115,16000,อย่าขับรถลกลก,อย่าขับรถลนลาน,south,voice_30,voice_30,True
audio_data/south/voice_30/voice_30_aug_55.wav,3.115,16000,อย่าขับรถลกลก,อย่าขับรถลนลาน,south,voice_30,voice_30,True
audio_data/south/voice_30/voice_30_aug_56.wav,3.115,16000,อย่าขับรถลกลก,อย่าขับรถลนลาน,south,voice_30,voice_30,True
audio_data/south/voice_30/voice_30_aug_57.wav,3.115,16000,อย่าขับรถลกลก,อย่าขับรถลนลาน,south,voice_30,voice_30,True
audio_data/south/voice_30/voice_30_aug_58.wav,3.115,16000,อย่าขับรถลกลก,อย่าขับรถลนลาน,south,voice_30,voice_30,True
audio_data/south/voice_30/voice_30_aug_59.wav,3.115,16000,อย่าขับรถลกลก,อย่าขับรถลนลาน,south,voice_30,voice_30,True
audio_data/south/voice_30/voice_30_aug_6.wav,3.115,16000,อย่าขับรถลกลก,อย่าขับรถลนลาน,south,voice_30,voice_30,True
audio_data/south/voice_30/voice_30_aug_60.wav,3.115,16000,อย่าขับรถลกลก,อย่าขับรถลนลาน,south,voice_30,voice_30,True
audio_data/south/voice_30/voice_30_aug_61.wav,3.115,16000,อย่าขับรถลกลก,อย่าขับรถลนลาน,south,voice_30,voice_30,True
audio_data/south/voice_30/voice_30_aug_62.wav,3.115,16000,อย่าขับรถลกลก,อย่าขับรถลนลาน,south,voice_30,voice_30,True
audio_data/south/voice_30/voice_30_aug_63.wav,3.115,16000,อย่าขับรถลกลก,อย่าขับรถลนลาน,south,voice_30,voice_30,True
audio_data/south/voice_30/voice_30_aug_64.wav,3.115,16000,อย่าขับรถลกลก,อย่าขับรถลนลาน,south,voice_30,voice_30,True
audio_data/south/voice_30/voice_30_aug_65.wav,3.115,16000,อย่าขับรถลกลก,อย่าขับรถลนลาน,south,voice_30,voice_30,True
audio_data/south/voice_30/voice_30_aug_66.wav,3.115,16000,อย่าขับรถลกลก,อย่าขับรถลนลาน,south,voice_30,voice_30,True
audio_data/south/voice_30/voice_30_aug_67.wav,3.115,16000,อย่าขับรถลกลก,อย่าขับรถลนลาน,south,voice_30,voice_30,True
audio_data/south/voice_30/voice_30_aug_68.wav,3.115,16000,อย่าขับรถลกลก,อย่าขับรถลนลาน,south,voice_30,voice_30,True
audio_data/south/voice_30/voice_30_aug_69.wav,3.115,16000,อย่าขับรถลกลก,อย่าขับรถลนลาน,south,voice_30,voice_30,True
audio_data/south/voice_30/voice_30_aug_7.wav,3.115,16000,อย่าขับรถลกลก,อย่าขับรถลนลาน,south,voice_30,voice_30,True
audio_data/south/voice_30/voice_30_aug_70.wav,3.115,16000,อย่าขับรถลกลก,อย่าขับรถลนลาน,south,voice_30,voice_30,True
audio_data/south/voice_30/voice_30_aug_71.wav,3.115,16000,อย่าขับรถลกลก,อย่าขับรถลนลาน,south,voice_30,voice_30,True
audio_data/south/voice_30/voice_30_aug_72.wav,3.115,16000,อย่าขับรถลกลก,อย่าขับรถลนลาน,south,voice_30,voice_30,True
audio_data/south/voice_30/voice_30_aug_73.wav,3.115,16000,อย่าขับรถลกลก,อย่าขับรถลนลาน,south,voice_30,voice_30,True
audio_data/south/voice_30/voice_30_aug_74.wav,3.115,16000,อย่าขับรถลกลก,อย่าขับรถลนลาน,south,voice_30,voice_30,True
audio_data/south/voice_30/voice_30_aug_75.wav,3.115,16000,อย่าขับรถลกลก,อย่าขับรถลนลาน,south,voice_30,voice_30,True
audio_data/south/voice_30/voice_30_aug_76.wav,3.115,16000,อย่าขับรถลกลก,อย่าขับรถลนลาน,south,voice_30,voice_30,True
audio_data/south/voice_30/voice_30_aug_77.wav,3.115,16000,อย่าขับรถลกลก,อย่าขับรถลนลาน,south,voice_30,voice_30,True
audio_data/south/voice_30/voice_30_aug_78.wav,3.115,16000,อย่าขับรถลกลก,อย่าขับรถลนลาน,south,voice_30,voice_30,True
audio_data/south/voice_30/voice_30_aug_79.wav,3.115,16000,อย่าขับรถลกลก,อย่าขับรถลนลาน,south,voice_30,voice_30,True
audio_data/south/voice_30/voice_30_aug_8.wav,3.115,16000,อย่าขับรถลกลก,อย่าขับรถลนลาน,south,voice_30,voice_30,True
audio_data/south/voice_30/voice_30_aug_80.wav,3.115,16000,อย่าขับรถลกลก,อย่าขับรถลนลาน,south,voice_30,voice_30,True
audio_data/south/voice_30/voice_30_aug_81.wav,3.115,16000,อย่าขับรถลกลก,อย่าขับรถลนลาน,south,voice_30,voice_30,True
audio_data/south/voice_30/voice_30_aug_82.wav,3.115,16000,อย่าขับรถลกลก,อย่าขับรถลนลาน,south,voice_30,voice_30,True
audio_data/south/voice_30/voice_30_aug_83.wav,3.115,16000,อย่าขับรถลกลก,อย่าขับรถลนลาน,south,voice_30,voice_30,True
audio_data/south/voice_30/voice_30_aug_84.wav,3.115,16000,อย่าขับรถลกลก,อย่าขับรถลนลาน,south,voice_30,voice_30,True
audio_data/south/voice_30/voice_30_aug_85.wav,3.115,16000,อย่าขับรถลกลก,อย่าขับรถลนลาน,south,voice_30,voice_30,True
audio_data/south/voice_30/voice_30_aug_86.wav,3.115,16000,อย่าขับรถลกลก,อย่าขับรถลนลาน,south,voice_30,voice_30,True
audio_data/south/voice_30/voice_30_aug_87.wav,3.115,16000,อย่าขับรถลกลก,อย่าขับรถลนลาน,south,voice_30,voice_30,True
audio_data/south/voice_30/voice_30_aug_88.wav,3.115,16000,อย่าขับรถลกลก,อย่าขับรถลนลาน,south,voice_30,voice_30,True
audio_data/south/voice_30/voice_30_aug_89.wav,3.115,16000,อย่าขับรถลกลก,อย่าขับรถลนลาน,south,voice_30,voice_30,True
audio_data/south/voice_30/voice_30_aug_9.wav,3.115,16000,อย่าขับรถลกลก,อย่าขับรถลนลาน,south,voice_30,voice_30,True
audio_data/south/voice_30/voice_30_aug_90.wav,3.115,16000,อย่าขับรถลกลก,อย่าขับรถลนลาน,south,voice_30,voice_30,True
audio_data/south/voice_30/voice_30_aug_91.wav,3.115,16000,อย่าขับรถลกลก,อย่าขับรถลนลาน,south,voice_30,voice_30,True
audio_data/south/voice_30/voice_30_aug_92.wav,3.115,16000,อย่าขับรถลกลก,อย่าขับรถลนลาน,south,voice_30,voice_30,True
audio_data/south/voice_30/voice_30_aug_93.wav,3.115,16000,อย่าขับรถลกลก,อย่าขับรถลนลาน,south,voice_30,voice_30,True
audio_data/south/voice_30/voice_30_aug_94.wav,3.115,16000,อย่าขับรถลกลก,อย่าขับรถลนลาน,south,voice_30,voice_30,True
audio_data/south/voice_30/voice_30_aug_95.wav,3.115,16000,อย่าขับรถลกลก,อย่าขับรถลนลาน,south,voice_30,voice_30,True
audio_data/south/voice_30/voice_30_aug_96.wav,3.115,16000,อย่าขับรถลกลก,อย่าขับรถลนลาน,south,voice_30,voice_30,True
audio_data/south/voice_30/voice_30_aug_97.wav,3.115,16000,อย่าขับรถลกลก,อย่าขับรถลนลาน,south,voice_30,voice_30,True
audio_data/south/voice_30/voice_30_aug_98.wav,3.115,16000,อย่าขับรถลกลก,อย่าขับรถลนลาน,south,voice_30,voice_30,True
audio_data/south/voice_30/voice_30_aug_99.wav,3.115,16000,อย่าขับรถลกลก,อย่าขับรถลนลาน,south,voice_30,voice_30,True
audio_data/south/voice_31/voice_31_1.wav,2.283,16000,แม่หวิบแล้วนั้น,แม่โกรธแล้วนะ,south,voice_31,voice_31_1,False
audio_data/south/voice_31/voice_31_aug_1.wav,2.283,16000,แม่หวิบแล้วนั้น,แม่โกรธแล้วนะ,south,voice_31,voice_31,True
audio_data/south/voice_31/voice_31_aug_10.wav,2.283,16000,แม่หวิบแล้วนั้น,แม่โกรธแล้วนะ,south,voice_31,voice_31,True
audio_data/south/voice_31/voice_31_aug_100.wav,2.283,16000,แม่หวิบแล้วนั้น,แม่โกรธแล้วนะ,south,voice_31,voice_31,True
audio_data/south/voice_31/voice_31_aug_11.wav,2.283,16000,แม่หวิบแล้วนั้น,แม่โกรธแล้วนะ,south,voice_31,voice_31,True
audio_data/south/voice_31/voice_31_aug_12.wav,2.283,16000,แม่หวิบแล้วนั้น,แม่โกรธแล้วนะ,south,voice_31,voice_31,True
audio_data/south/voice_31/voice_31_aug_13.wav,2.283,16000,แม่หวิบแล้วนั้น,แม่โกรธแล้วนะ,south,voice_31,voice_31,True
audio_data/south/voice_31/voice_31_aug_14.wav,2.283,16000,แม่หวิบแล้วนั้น,แม่โกรธแล้วนะ,south,voice_31,voice_31,True
audio_data/south/voice_31/voice_31_aug_15.wav,2.283,16000,แม่หวิบแล้วนั้น,แม่โกรธแล้วนะ,south,voice_31,voice_31,True
audio_data/south/voice_31/voice_31_aug_16.wav,2.283,16000,แม่หวิบแล้วนั้น,แม่โกรธแล้วนะ,south,voice_31,voice_31,True
audio_data/south/voice_31/voice_31_aug_17.wav,2.283,16000,แม่หวิบแล้วนั้น,แม่โกรธแล้วนะ,south,voice_31,voice_31,True
audio_data/south/voice_31/voice_31_aug_18.wav,2.283,16000,แม่หวิบแล้วนั้น,แม่โกรธแล้วนะ,south,voice_31,voice_31,True
audio_data/south/voice_31/voice_31_aug_19.wav,2.283,16000,แม่หวิบแล้วนั้น,แม่โกรธแล้วนะ,south,voice_31,voice_31,True
audio_data/south/voice_31/voice_31_aug_2.wav,2.283,16000,แม่หวิบแล้วนั้น,แม่โกรธแล้วนะ,south,voice_31,voice_31,True
audio_data/south/voice_31/voice_31_aug_20.wav,2.283,16000,แม่หวิบแล้วนั้น,แม่โกรธแล้วนะ,south,voice_31,voice_31,True
audio_data/south/voice_31/voice_31_aug_21.wav,2.283,16000,แม่หวิบแล้วนั้น,แม่โกรธแล้วนะ,south,voice_31,voice_31,True
audio_data/south/voice_31/voice_31_aug_22.wav,2.283,16000,แม่หวิบแล้วนั้น,แม่โกรธแล้วนะ,south,voice_31,voice_31,True
audio_data/south/voice_31/voice_31_aug_23.wav,2.283,16000,แม่หวิบแล้วนั้น,แม่โกรธแล้วนะ,south,voice_31,voice_31,True
audio_data/south/voice_31/voice_31_aug_24.wav,2.283,16000,แม่หวิบแล้วนั้น,แม่โกรธแล้วนะ,south,voice_31,voice_31,True
audio_data/south/voice_31/voice_31_aug_25.wav,2.283,16000,แม่หวิบแล้วนั้น,แม่โกรธแล้วนะ,south,voice_31,voice_31,True
audio_data/south/voice_31/voice_31_aug_26.wav,2.283,16000,แม่หวิบแล้วนั้น,แม่โกรธแล้วนะ,south,voice_31,voice_31,True
audio_data/south/voice_31/voice_31_aug_27.wav,2.283,16000,แม่หวิบแล้วนั้น,แม่โกรธแล้วนะ,south,voice_31,voice_31,True
audio_data/south/voice_31/voice_31_aug_28.wav,2.283,16000,แม่หวิบแล้วนั้น,แม่โกรธแล้วนะ,south,voice_31,voice_31,True
audio_data/south/voice_31/voice_31_aug_29.wav,2.283,16000,แม่หวิบแล้วนั้น,แม่โกรธแล้วนะ,south,voice_31,voice_31,True
audio_data/south/voice_31/voice_31_aug_3.wav,2.283,16000,แม่หวิบแล้วนั้น,แม่โกรธแล้วนะ,south,voice_31,voice_31,True
audio_data/south/voice_31/voice_31_aug_30.wav,2.283,16000,แม่หวิบแล้วนั้น,แม่โกรธแล้วนะ,south,voice_31,voice_31,True
audio_data/south/voice_31/voice_31_aug_31.wav,2.283,16000,แม่หวิบแล้วนั้น,แม่โกรธแล้วนะ,south,voice_31,voice_31,True
audio_data/south/voice_31/voice_31_aug_32.wav,2.283,16000,แม่หวิบแล้วนั้น,แม่โกรธแล้วนะ,south,voice_31,voice_31,True
audio_data/south/voice_31/voice_31_aug_33.wav,2.283,16000,แม่หวิบแล้วนั้น,แม่โกรธแล้วนะ,south,voice_31,voice_31,True
audio_data/south/voice_31/voice_31_aug_34.wav,2.283,16000,แม่หวิบแล้วนั้น,แม่โกรธแล้วนะ,south,voice_31,voice_31,True
audio_data/south/voice_31/voice_31_aug_35.wav,2.283,16000,แม่หวิบแล้วนั้น,แม่โกรธแล้วนะ,south,voice_31,voice_31,True
audio_data/south/voice_31/voice_31_aug_36.wav,2.283,16000,แม่หวิบแล้วนั้น,แม่โกรธแล้วนะ,south,voice_31,voice_31,True
audio_data/south/voice_31/voice_31_aug_37.wav,2.283,16000,แม่หวิบแล้วนั้น,แม่โกรธแล้วนะ,south,voice_31,voice_31,True
audio_data/south/voice_31/voice_31_aug_38.wav,2.283,16000,แม่หวิบแล้วนั้น,แม่โกรธแล้วนะ,south,voice_31,voice_31,True
audio_data/south/voice_31/voice_31_aug_39.wav,2.283,16000,แม่หวิบแล้วนั้น,แม่โกรธแล้วนะ,south,voice_31,voice_31,True
audio_data/south/voice_31/voice_31_aug_4.wav,2.283,16000,แม่หวิบแล้วนั้น,แม่โกรธแล้วนะ,south,voice_31,voice_31,True
audio_data/south/voice_31/voice_31_aug_40.wav,2.283,16000,แม่หวิบแล้วนั้น,แม่โกรธแล้วนะ,south,voice_31,voice_31,True
audio_data/south/voice_31/voice_31_aug_41.wav,2.283,16000,แม่หวิบแล้วนั้น,แม่โกรธแล้วนะ,south,voice_31,voice_31,True
audio_data/south/voice_31/voice_31_aug_42.wav,2.283,16000,แม่หวิบแล้วนั้น,แม่โกรธแล้วนะ,south,voice_31,voice_31,True
audio_data/south/voice_31/voice_31_aug_43.wav,2.283,16000,แม่หวิบแล้วนั้น,แม่โกรธแล้วนะ,south,voice_31,voice_31,True
audio_data/south/voice_31/voice_31_aug_44.wav,2.283,16000,แม่หวิบแล้วนั้น,แม่โกรธแล้วนะ,south,voice_31,voice_31,True
audio_data/south/voice_31/voice_31_aug_45.wav,2.283,16000,แม่หวิบแล้วนั้น,แม่โกรธแล้วนะ,south,voice_31,voice_31,True
audio_data/south/voice_31/voice_31_aug_46.wav,2.283,16000,แม่หวิบแล้วนั้น,แม่โกรธแล้วนะ,south,voice_31,voice_31,True
audio_data/south/voice_31/voice_31_aug_47.wav,2.283,16000,แม่หวิบแล้วนั้น,แม่โกรธแล้วนะ,south,voice_31,voice_31,True
audio_data/south/voice_31/voice_31_aug_48.wav,2.283,16000,แม่หวิบแล้วนั้น,แม่โกรธแล้วนะ,south,voice_31,voice_31,True
audio_data/south/voice_31/voice_31_aug_49.wav,2.283,16000,แม่หวิบแล้วนั้น,แม่โกรธแล้วนะ,south,voice_31,voice_31,True
audio_data/south/voice_31/voice_31_aug_5.wav,2.283,16000,แม่หวิบแล้วนั้น,แม่โกรธแล้วนะ,south,voice_31,voice_31,True
audio_data/south/voice_31/voice_31_aug_50.wav,2.283,16000,แม่หวิบแล้วนั้น,แม่โกรธแล้วนะ,south,voice_31,voice_31,True
audio_data/south/voice_31/voice_31_aug_51.wav,2.283,16000,แม่หวิบแล้วนั้น,แม่โกรธแล้วนะ,south,voice_31,voice_31,True
audio_data/south/voice_31/voice_31_aug_52.wav,2.283,16000,แม่หวิบแล้วนั้น,แม่โกรธแล้วนะ,south,voice_31,voice_31,True
audio_data/south/voice_31/voice_31_aug_53.wav,2.283,16000,แม่หวิบแล้วนั้น,แม่โกรธแล้วนะ,south,voice_31,voice_31,True
audio_data/south/voice_31/voice_31_aug_54.wav,2.283,16000,แม่หวิบแล้วนั้น,แม่โกรธแล้วนะ,south,voice_31,voice_31,True
audio_data/south/voice_31/voice_31_aug_55.wav,2.283,16000,แม่หวิบแล้วนั้น,แม่โกรธแล้วนะ,south,voice_31,voice_31,True
audio_data/south/voice_31/voice_31_aug_56.wav,2.283,16000,แม่หวิบแล้วนั้น,แม่โกรธแล้วนะ,south,voice_31,voice_31,True
audio_data/south/voice_31/voice_31_aug_57.wav,2.283,16000,แม่หวิบแล้วนั้น,แม่โกรธแล้วนะ,south,voice_31,voice_31,True
audio_data/south/voice_31/voice_31_aug_58.wav,2.283,16000,แม่หวิบแล้วนั้น,แม่โกรธแล้วนะ,south,voice_31,voice_31,True
audio_data/south/voice_31/voice_31_aug_59.wav,2.283,16000,แม่หวิบแล้วนั้น,แม่โกรธแล้วนะ,south,voice_31,voice_31,True
audio_data/south/voice_31/voice_31_aug_6.wav,2.283,16000,แม่หวิบแล้วนั้น,แม่โกรธแล้วนะ,south,voice_31,voice_31,True
audio_data/south/voice_31/voice_31_aug_60.wav,2.283,16000,แม่หวิบแล้วนั้น,แม่โกรธแล้วนะ,south,voice_31,voice_31,True
audio_data/south/voice_31/voice_31_aug_61.wav,2.283,16000,แม่หวิบแล้วนั้น,แม่โกรธแล้วนะ,south,voice_31,voice_31,True
audio_data/south/voice_31/voice_31_aug_62.wav,2.283,16000,แม่หวิบแล้วนั้น,แม่โกรธแล้วนะ,south,voice_31,voice_31,True
audio_data/south/voice_31/voice_31_aug_63.wav,2.283,16000,แม่หวิบแล้วนั้น,แม่โกรธแล้วนะ,south,voice_31,voice_31,True
audio_data/south/voice_31/voice_31_aug_64.wav,2.283,16000,แม่หวิบแล้วนั้น,แม่โกรธแล้วนะ,south,voice_31,voice_31,True
audio_data/south/voice_31/voice_31_aug_65.wav,2.283,16000,แม่หวิบแล้วนั้น,แม่โกรธแล้วนะ,south,voice_31,voice_31,True
audio_data/south/voice_31/voice_31_aug_66.wav,2.283,16000,แม่หวิบแล้วนั้น,แม่โกรธแล้วนะ,south,voice_31,voice_31,True
audio_data/south/voice_31/voice_31_aug_67.wav,2.283,16000,แม่หวิบแล้วนั้น,แม่โกรธแล้วนะ,south,voice_31,voice_31,True
audio_data/south/voice_31/voice_31_aug_68.wav,2.283,16000,แม่หวิบแล้วนั้น,แม่โกรธแล้วนะ,south,voice_31,voice_31,True
audio_data/south/voice_31/voice_31_aug_69.wav,2.283,16000,แม่หวิบแล้วนั้น,แม่โกรธแล้วนะ,south,voice_31,voice_31,True
audio_data/south/voice_31/voice_31_aug_7.wav,2.283,16000,แม่หวิบแล้วนั้น,แม่โกรธแล้วนะ,south,voice_31,voice_31,True
audio_data/south/voice_31/voice_31_aug_70.wav,2.283,16000,แม่หวิบแล้วนั้น,แม่โกรธแล้วนะ,south,voice_31,voice_31,True
audio_data/south/voice_31/voice_31_aug_71.wav,2.283,16000,แม่หวิบแล้วนั้น,แม่โกรธแล้วนะ,south,voice_31,voice_31,True
audio_data/south/voice_31/voice_31_aug_72.wav,2.283,16000,แม่หวิบแล้วนั้น,แม่โกรธแล้วนะ,south,voice_31,voice_31,True
audio_data/south/voice_31/voice_31_aug_73.wav,2.283,16000,แม่หวิบแล้วนั้น,แม่โกรธแล้วนะ,south,voice_31,voice_31,True
audio_data/south/voice_31/voice_31_aug_74.wav,2.283,16000,แม่หวิบแล้วนั้น,แม่โกรธแล้วนะ,south,voice_31,voice_31,True
audio_data/south/voice_31/voice_31_aug_75.wav,2.283,16000,แม่หวิบแล้วนั้น,แม่โกรธแล้วนะ,south,voice_31,voice_31,True
audio_data/south/voice_31/voice_31_aug_76.wav,2.283,16000,แม่หวิบแล้วนั้น,แม่โกรธแล้วนะ,south,voice_31,voice_31,True
audio_data/south/voice_31/voice_31_aug_77.wav,2.283,16000,แม่หวิบแล้วนั้น,แม่โกรธแล้วนะ,south,voice_31,voice_31,True
audio_data/south/voice_31/voice_31_aug_78.wav,2.283,16000,แม่หวิบแล้วนั้น,แม่โกรธแล้วนะ,south,voice_31,voice_31,True
audio_data/south/voice_31/voice_31_aug_79.wav,2.283,16000,แม่หวิบแล้วนั้น,แม่โกรธแล้วนะ,south,voice_31,voice_31,True
audio_data/south/voice_31/voice_31_aug_8.wav,2.283,16000,แม่หวิบแล้วนั้น,แม่โกรธแล้วนะ,south,voice_31,voice_31,True
audio_data/south/voice_31/voice_31_aug_80.wav,2.283,16000,แม่หวิบแล้วนั้น,แม่โกรธแล้วนะ,south,voice_31,voice_31,True
audio_data/south/voice_31/voice_31_aug_81.wav,2.283,16000,แม่หวิบแล้วนั้น,แม่โกรธแล้วนะ,south,voice_31,voice_31,True
audio_data/south/voice_31/voice_31_aug_82.wav,2.283,16000,แม่หวิบแล้วนั้น,แม่โกรธแล้วนะ,south,voice_31,voice_31,True
audio_data/south/voice_31/voice_31_aug_83.wav,2.283,16000,แม่หวิบแล้วนั้น,แม่โกรธแล้วนะ,south,voice_31,voice_31,True
audio_data/south/voice_31/voice_31_aug_84.wav,2.283,16000,แม่หวิบแล้วนั้น,แม่โกรธแล้วนะ,south,voice_31,voice_31,True
audio_data/south/voice_31/voice_31_aug_85.wav,2.283,16000,แม่หวิบแล้วนั้น,แม่โกรธแล้วนะ,south,voice_31,voice_31,True
audio_data/south/voice_31/voice_31_aug_86.wav,2.283,16000,แม่หวิบแล้วนั้น,แม่โกรธแล้วนะ,south,voice_31,voice_31,True
audio_data/south/voice_31/voice_31_aug_87.wav,2.283,16000,แม่หวิบแล้วนั้น,แม่โกรธแล้วนะ,south,voice_31,voice_31,True
audio_data/south/voice_31/voice_31_aug_88.wav,2.283,16000,แม่หวิบแล้วนั้น,แม่โกรธแล้วนะ,south,voice_31,voice_31,True
audio_data/south/voice_31/voice_31_aug_89.wav,2.283,16000,แม่หวิบแล้วนั้น,แม่โกรธแล้วนะ,south,voice_31,voice_31,True
audio_data/south/voice_31/voice_31_aug_9.wav,2.283,16000,แม่หวิบแล้วนั้น,แม่โกรธแล้วนะ,south,voice_31,voice_31,True
audio_data/south/voice_31/voice_31_aug_90.wav,2.283,16000,แม่หวิบแล้วนั้น,แม่โกรธแล้วนะ,south,voice_31,voice_31,True
audio_data/south/voice_31/voice_31_aug_91.wav,2.283,16000,แม่หวิบแล้วนั้น,แม่โกรธแล้วนะ,south,voice_31,voice_31,True
audio_data/south/voice_31/voice_31_aug_92.wav,2.283,16000,แม่หวิบแล้วนั้น,แม่โกรธแล้วนะ,south,voice_31,voice_31,True
audio_data/south/voice_31/voice_31_aug_93.wav,2.283,16000,แม่หวิบแล้วนั้น,แม่โกรธแล้วนะ,south,voice_31,voice_31,True
audio_data/south/voice_31/voice_31_aug_94.wav,2.283,16000,แม่หวิบแล้วนั้น,แม่โกรธแล้วนะ,south,voice_31,voice_31,True
audio_data/south/voice_31/voice_31_aug_95.wav,2.283,16000,แม่หวิบแล้วนั้น,แม่โกรธแล้วนะ,south,voice_31,voice_31,True
audio_data/south/voice_31/voice_31_aug_96.wav,2.283,16000,แม่หวิบแล้วนั้น,แม่โกรธแล้วนะ,south,voice_31,voice_31,True
audio_data/south/voice_31/voice_31_aug_97.wav,2.283,16000,แม่หวิบแล้วนั้น,แม่โกรธแล้วนะ,south,voice_31,voice_31,True
audio_data/south/voice_31/voice_31_aug_98.wav,2.283,16000,แม่หวิบแล้วนั้น,แม่โกรธแล้วนะ,south,voice_31,voice_31,True
audio_data/south/voice_31/voice_31_aug_99.wav,2.283,16000,แม่หวิบแล้วนั้น,แม่โกรธแล้วนะ,south,voice_31,voice_31,True
audio_data/south/voice_32/voice_32_1.wav,1.856,16000,เธอขี้หก,เธอโกหก,south,voice_32,voice_32_1,False
audio_data/south/voice_32/voice_32_aug_1.wav,1.856,16000,เธอขี้หก,เธอโกหก,south,voice_32,voice_32,True
audio_data/south/voice_32/voice_32_aug_10.wav,1.856,16000,เธอขี้หก,เธอโกหก,south,voice_32,voice_32,True
audio_data/south/voice_32/voice_32_aug_100.wav,1.856,16000,เธอขี้หก,เธอโกหก,south,voice_32,voice_32,True
audio_data/south/voice_32/voice_32_aug_11.wav,1.856,16000,เธอขี้หก,เธอโกหก,south,voice_32,voice_32,True
audio_data/south/voice_32/voice_32_aug_12.wav,1.856,16000,เธอขี้หก,เธอโกหก,south,voice_32,voice_32,True
audio_data/south/voice_32/voice_32_aug_13.wav,1.856,16000,เธอขี้หก,เธอโกหก,south,voice_32,voice_32,True
audio_data/south/voice_32/voice_32_aug_14.wav,1.856,16000,เธอขี้หก,เธอโกหก,south,voice_32,voice_32,True
audio_data/south/voice_32/voice_32_aug_15.wav,1.856,16000,เธอขี้หก,เธอโกหก,south,voice_32,voice_32,True
audio_data/south/voice_32/voice_32_aug_16.wav,1.856,16000,เธอขี้หก,เธอโกหก,south,voice_32,voice_32,True
audio_data/south/voice_32/voice_32_aug_17.wav,1.856,16000,เธอขี้หก,เธอโกหก,south,voice_32,voice_32,True
audio_data/south/voice_32/voice_32_aug_18.wav,1.856,16000,เธอขี้หก,เธอโกหก,south,voice_32,voice_32,True
audio_data/south/voice_32/voice_32_aug_19.wav,1.856,16000,เธอขี้หก,เธอโกหก,south,voice_32,voice_32,True
audio_data/south/voice_32/voice_32_aug_2.wav,1.856,16000,เธอขี้หก,เธอโกหก,south,voice_32,voice_32,True
audio_data/south/voice_32/voice_32_aug_20.wav,1.856,16000,เธอขี้หก,เธอโกหก,south,voice_32,voice_32,True
audio_data/south/voice_32/voice_32_aug_21.wav,1.856,16000,เธอขี้หก,เธอโกหก,south,voice_32,voice_32,True
audio_data/south/voice_32/voice_32_aug_22.wav,1.856,16000,เธอขี้หก,เธอโกหก,south,voice_32,voice_32,True
audio_data/south/voice_32/voice_32_aug_23.wav,1.856,16000,เธอขี้หก,เธอโกหก,south,voice_32,voice_32,True
audio_data/south/voice_32/voice_32_aug_24.wav,1.856,16000,เธอขี้หก,เธอโกหก,south,voice_32,voice_32,True
audio_data/south/voice_32/voice_32_aug_25.wav,1.856,16000,เธอขี้หก,เธอโกหก,south,voice_32,voice_32,True
audio_data/south/voice_32/voice_32_aug_26.wav,1.856,16000,เธอขี้หก,เธอโกหก,south,voice_32,voice_32,True
audio_data/south/voice_32/voice_32_aug_27.wav,1.856,16000,เธอขี้หก,เธอโกหก,south,voice_32,voice_32,True
audio_data/south/voice_32/voice_32_aug_28.wav,1.856,16000,เธอขี้หก,เธอโกหก,south,voice_32,voice_32,True
audio_data/south/voice_32/voice_32_aug_29.wav,1.856,16000,เธอขี้หก,เธอโกหก,south,voice_32,voice_32,True
audio_data/south/voice_32/voice_32_aug_3.wav,1.856,16000,เธอขี้หก,เธอโกหก,south,voice_32,voice_32,True
audio_data/south/voice_32/voice_32_aug_30.wav,1.856,16000,เธอขี้หก,เธอโกหก,south,voice_32,voice_32,True
audio_data/south/voice_32/voice_32_aug_31.wav,1.856,16000,เธอขี้หก,เธอโกหก,south,voice_32,voice_32,True
audio_data/south/voice_32/voice_32_aug_32.wav,1.856,16000,เธอขี้หก,เธอโกหก,south,voice_32,voice_32,True
audio_data/south/voice_32/voice_32_aug_33.wav,1.856,16000,เธอขี้หก,เธอโกหก,south,voice_32,voice_32,True
audio_data/south/voice_32/voice_32_aug_34.wav,1.856,16000,เธอขี้หก,เธอโกหก,south,voice_32,voice_32,True
audio_data/south/voice_32/voice_32_aug_35.wav,1.856,16000,เธอขี้หก,เธอโกหก,south,voice_32,voice_32,True
audio_data/south/voice_32/voice_32_aug_36.wav,1.856,16000,เธอขี้หก,เธอโกหก,south,voice_32,voice_32,True
audio_data/south/voice_32/voice_32_aug_37.wav,1.856,16000,เธอขี้หก,เธอโกหก,south,voice_32,voice_32,True
audio_data/south/voice_32/voice_32_aug_38.wav,1.856,16000,เธอขี้หก,เธอโกหก,south,voice_32,voice_32,True
audio_data/south/voice_32/voice_32_aug_39.wav,1.856,16000,เธอขี้หก,เธอโกหก,south,voice_32,voice_32,True
audio_data/south/voice_32/voice_32_aug_4.wav,1.856,16000,เธอขี้หก,เธอโกหก,south,voice_32,voice_32,True
audio_data/south/voice_32/voice_32_aug_40.wav,1.856,16000,เธอขี้หก,เธอโกหก,south,voice_32,voice_32,True
audio_data/south/voice_32/voice_32_aug_41.wav,1.856,16000,เธอขี้หก,เธอโกหก,south,voice_32,voice_32,True
audio_data/south/voice_32/voice_32_aug_42.wav,1.856,16000,เธอขี้หก,เธอโกหก,south,voice_32,voice_32,True
audio_data/south/voice_32/voice_32_aug_43.wav,1.856,16000,เธอขี้หก,เธอโกหก,south,voice_32,voice_32,True
audio_data/south/voice_32/voice_32_aug_44.wav,1.856,16000,เธอขี้หก,เธอโกหก,south,voice_32,voice_32,True
audio_data/south/voice_32/voice_32_aug_45.wav,1.856,16000,เธอขี้หก,เธอโกหก,south,voice_32,voice_32,True
audio_data/south/voice_32/voice_32_aug_46.wav,1.856,16000,เธอขี้หก,เธอโกหก,south,voice_32,voice_32,True
audio_data/south/voice_32/voice_32_aug_47.wav,1.856,16000,เธอขี้หก,เธอโกหก,south,voice_32,voice_32,True
audio_data/south/voice_32/voice_32_aug_48.wav,1.856,16000,เธอขี้หก,เธอโกหก,south,voice_32,voice_32,True
audio_data/south/voice_32/voice_32_aug_49.wav,1.856,16000,เธอขี้หก,เธอโกหก,south,voice_32,voice_32,True
audio_data/south/voice_32/voice_32_aug_5.wav,1.856,16000,เธอขี้หก,เธอโกหก,south,voice_32,voice_32,True
audio_data/south/voice_32/voice_32_aug_50.wav,1.856,16000,เธอขี้หก,เธอโกหก,south,voice_32,voice_32,True
audio_data/south/voice_32/voice_32_aug_51.wav,1.856,16000,เธอขี้หก,เธอโกหก,south,voice_32,voice_32,True
audio_data/south/voice_32/voice_32_aug_52.wav,1.856,16000,เธอขี้หก,เธอโกหก,south,voice_32,voice_32,True
audio_data/south/voice_32/voice_32_aug_53.wav,1.856,16000,เธอขี้หก,เธอโกหก,south,voice_32,voice_32,True
audio_data/south/voice_32/voice_32_aug_54.wav,1.856,16000,เธอขี้หก,เธอโกหก,south,voice_32,voice_32,True
audio_data/south/voice_32/voice_32_aug_55.wav,1.856,16000,เธอขี้หก,เธอโกหก,south,voice_32,voice_32,True
audio_data/south/voice_32/voice_32_aug_56.wav,1.856,16000,เธอขี้หก,เธอโกหก,south,voice_32,voice_32,True
audio_data/south/voice_32/voice_32_aug_57.wav,1.856,16000,เธอขี้หก,เธอโกหก,south,voice_32,voice_32,True
audio_data/south/voice_32/voice_32_aug_58.wav,1.856,16000,เธอขี้หก,เธอโกหก,south,voice_32,voice_32,True
audio_data/south/voice_32/voice_32_aug_59.wav,1.856,16000,เธอขี้หก,เธอโกหก,south,voice_32,voice_32,True
audio_data/south/voice_32/voice_32_aug_6.wav,1.856,16000,เธอขี้หก,เธอโกหก,south,voice_32,voice_32,True
audio_data/south/voice_32/voice_32_aug_60.wav,1.856,16000,เธอขี้หก,เธอโกหก,south,voice_32,voice_32,True
audio_data/south/voice_32/voice_32_aug_61.wav,1.856,16000,เธอขี้หก,เธอโกหก,south,voice_32,voice_32,True
audio_data/south/voice_32/voice_32_aug_62.wav,1.856,16000,เธอขี้หก,เธอโกหก,south,voice_32,voice_32,True
audio_data/south/voice_32/voice_32_aug_63.wav,1.856,16000,เธอขี้หก,เธอโกหก,south,voice_32,voice_32,True
audio_data/south/voice_32/voice_32_aug_64.wav,1.856,16000,เธอขี้หก,เธอโกหก,south,voice_32,voice_32,True
audio_data/south/voice_32/voice_32_aug_65.wav,1.856,16000,เธอขี้หก,เธอโกหก,south,voice_32,voice_32,True
audio_data/south/voice_32/voice_32_aug_66.wav,1.856,16000,เธอขี้หก,เธอโกหก,south,voice_32,voice_32,True
audio_data/south/voice_32/voice_32_aug_67.wav,1.856,16000,เธอขี้หก,เธอโกหก,south,voice_32,voice_32,True
audio_data/south/voice_32/voice_32_aug_68.wav,1.856,16000,เธอขี้หก,เธอโกหก,south,voice_32,voice_32,True
audio_data/south/voice_32/voice_32_aug_69.wav,1.856,16000,เธอขี้หก,เธอโกหก,south,voice_32,voice_32,True
audio_data/south/voice_32/voice_32_aug_7.wav,1.856,16000,เธอขี้หก,เธอโกหก,south,voice_32,voice_32,True
audio_data/south/voice_32/voice_32_aug_70.wav,1.856,16000,เธอขี้หก,เธอโกหก,south,voice_32,voice_32,True
audio_data/south/voice_32/voice_32_aug_71.wav,1.856,16000,เธอขี้หก,เธอโกหก,south,voice_32,voice_32,True
audio_data/south/voice_32/voice_32_aug_72.wav,1.856,16000,เธอขี้หก,เธอโกหก,south,voice_32,voice_32,True
audio_data/south/voice_32/voice_32_aug_73.wav,1.856,16000,เธอขี้หก,เธอโกหก,south,voice_32,voice_32,True
audio_data/south/voice_32/voice_32_aug_74.wav,1.856,16000,เธอขี้หก,เธอโกหก,south,voice_32,voice_32,True
audio_data/south/voice_32/voice_32_aug_75.wav,1.856,16000,เธอขี้หก,เธอโกหก,south,voice_32,voice_32,True
audio_data/south/voice_32/voice_32_aug_76.wav,1.856,16000,เธอขี้หก,เธอโกหก,south,voice_32,voice_32,True
audio_data/south/voice_32/voice_32_aug_77.wav,1.856,16000,เธอขี้หก,เธอโกหก,south,voice_32,voice_32,True
audio_data/south/voice_32/voice_32_aug_78.wav,1.856,16000,เธอขี้หก,เธอโกหก,south,voice_32,voice_32,True
audio_data/south/voice_32/voice_32_aug_79.wav,1.856,16000,เธอขี้หก,เธอโกหก,south,voice_32,voice_32,True
audio_data/south/voice_32/voice_32_aug_8.wav,1.856,16000,เธอขี้หก,เธอโกหก,south,voice_32,voice_32,True
audio_data/south/voice_32/voice_32_aug_80.wav,1.856,16000,เธอขี้หก,เธอโกหก,south,voice_32,voice_32,True
audio_data/south/voice_32/voice_32_aug_81.wav,1.856,16000,เธอขี้หก,เธอโกหก,south,voice_32,voice_32,True
audio_data/south/voice_32/voice_32_aug_82.wav,1.856,16000,เธอขี้หก,เธอโกหก,south,voice_32,voice_32,True
audio_data/south/voice_32/voice_32_aug_83.wav,1.856,16000,เธอขี้หก,เธอโกหก,south,voice_32,voice_32,True
audio_data/south/voice_32/voice_32_aug_84.wav,1.856,16000,เธอขี้หก,เธอโกหก,south,voice_32,voice_32,True
audio_data/south/voice_32/voice_32_aug_85.wav,1.856,16000,เธอขี้หก,เธอโกหก,south,voice_32,voice_32,True
audio_data/south/voice_32/voice_32_aug_86.wav,1.856,16000,เธอขี้หก,เธอโกหก,south,voice_32,voice_32,True
audio_data/south/voice_32/voice_32_aug_87.wav,1.856,16000,เธอขี้หก,เธอโกหก,south,voice_32,voice_32,True
audio_data/south/voice_32/voice_32_aug_88.wav,1.856,16000,เธอขี้หก,เธอโกหก,south,voice_32,voice_32,True
audio_data/south/voice_32/voice_32_aug_89.wav,1.856,16000,เธอขี้หก,เธอโกหก,south,voice_32,voice_32,True
audio_data/south/voice_32/voice_32_aug_9.wav,1.856,16000,เธอขี้หก,เธอโกหก,south,voice_32,voice_32,True
audio_data/south/voice_32/voice_32_aug_90.wav,1.856,16000,เธอขี้หก,เธอโกหก,south,voice_32,voice_32,True
audio_data/south/voice_32/voice_32_aug_91.wav,1.856,16000,เธอขี้หก,เธอโกหก,south,voice_32,voice_32,True
audio_data/south/voice_32/voice_32_aug_92.wav,1.856,16000,เธอขี้หก,เธอโกหก,south,voice_32,voice_32,True
audio_data/south/voice_32/voice_32_aug_93.wav,1.856,16000,เธอขี้หก,เธอโกหก,south,voice_32,voice_32,True
audio_data/south/voice_32/voice_32_aug_94.wav,1.856,16000,เธอขี้หก,เธอโกหก,south,voice_32,voice_32,True
audio_data/south/voice_32/voice_32_aug_95.wav,1.856,16000,เธอขี้หก,เธอโกหก,south,voice_32,voice_32,True
audio_data/south/voice_32/voice_32_aug_96.wav,1.856,16000,เธอขี้หก,เธอโกหก,south,voice_32,voice_32,True
audio_data/south/voice_32/voice_32_aug_97.wav,1.856,16000,เธอขี้หก,เธอโกหก,south,voice_32,voice_32,True
audio_data/south/voice_32/voice_32_aug_98.wav,1.856,16000,เธอขี้หก,เธอโกหก,south,voice_32,voice_32,True
audio_data/south/voice_32/voice_32_aug_99.wav,1.856,16000,เธอขี้หก,เธอโกหก,south,voice_32,voice_32,True
audio_data/south/voice_33/voice_33_1.wav,3.285,16000,สาวนี้อ้อร้อคาด,ผู้หญิงคนนี้เจ้าชู้,south,voice_33,voice_33_1,False
audio_data/south/voice_33/voice_33_aug_1.wav,3.285,16000,สาวนี้อ้อร้อคาด,ผู้หญิงคนนี้เจ้าชู้,south,voice_33,voice_33,True
audio_data/south/voice_33/voice_33_aug_10.wav,3.285,16000,สาวนี้อ้อร้อคาด,ผู้หญิงคนนี้เจ้าชู้,south,voice_33,voice_33,True
audio_data/south/voice_33/voice_33_aug_100.wav,3.285,16000,สาวนี้อ้อร้อคาด,ผู้หญิงคนนี้เจ้าชู้,south,voice_33,voice_33,True
audio_data/south/voice_33/voice_33_aug_11.wav,3.285,16000,สาวนี้อ้อร้อคาด,ผู้หญิงคนนี้เจ้าชู้,south,voice_33,voice_33,True
audio_data/south/voice_33/voice_33_aug_12.wav,3.285,16000,สาวนี้อ้อร้อคาด,ผู้หญิงคนนี้เจ้าชู้,south,voice_33,voice_33,True
audio_data/south/voice_33/voice_33_aug_13.wav,3.285,16000,สาวนี้อ้อร้อคาด,ผู้หญิงคนนี้เจ้าชู้,south,voice_33,voice_33,True
audio_data/south/voice_33/voice_33_aug_14.wav,3.285,16000,สาวนี้อ้อร้อคาด,ผู้หญิงคนนี้เจ้าชู้,south,voice_33,voice_33,True
audio_data/south/voice_33/voice_33_aug_15.wav,3.285,16000,สาวนี้อ้อร้อคาด,ผู้หญิงคนนี้เจ้าชู้,south,voice_33,voice_33,True
audio_data/south/voice_33/voice_33_aug_16.wav,3.285,16000,สาวนี้อ้อร้อคาด,ผู้หญิงคนนี้เจ้าชู้,south,voice_33,voice_33,True
audio_data/south/voice_33/voice_33_aug_17.wav,3.285,16000,สาวนี้อ้อร้อคาด,ผู้หญิงคนนี้เจ้าชู้,south,voice_33,voice_33,True
audio_data/south/voice_33/voice_33_aug_18.wav,3.285,16000,สาวนี้อ้อร้อคาด,ผู้หญิงคนนี้เจ้าชู้,south,voice_33,voice_33,True
audio_data/south/voice_33/voice_33_aug_19.wav,3.285,16000,สาวนี้อ้อร้อคาด,ผู้หญิงคนนี้เจ้าชู้,south,voice_33,voice_33,True
audio_data/south/voice_33/voice_33_aug_2.wav,3.285,16000,สาวนี้อ้อร้อคาด,ผู้หญิงคนนี้เจ้าชู้,south,voice_33,voice_33,True
audio_data/south/voice_33/voice_33_aug_20.wav,3.285,16000,สาวนี้อ้อร้อคาด,ผู้หญิงคนนี้เจ้าชู้,south,voice_33,voice_33,True
audio_data/south/voice_33/voice_33_aug_21.wav,3.285,16000,สาวนี้อ้อร้อคาด,ผู้หญิงคนนี้เจ้าชู้,south,voice_33,voice_33,True
audio_data/south/voice_33/voice_33_aug_22.wav,3.285,16000,สาวนี้อ้อร้อคาด,ผู้หญิงคนนี้เจ้าชู้,south,voice_33,voice_33,True
audio_data/south/voice_33/voice_33_aug_23.wav,3.285,16000,สาวนี้อ้อร้อคาด,ผู้หญิงคนนี้เจ้าชู้,south,voice_33,voice_33,True
audio_data/south/voice_33/voice_33_aug_24.wav,3.285,16000,สาวนี้อ้อร้อคาด,ผู้หญิงคนนี้เจ้าชู้,south,voice_33,voice_33,True
audio_data/south/voice_33/voice_33_aug_25.wav,3.285,16000,สาวนี้อ้อร้อคาด,ผู้หญิงคนนี้เจ้าชู้,south,voice_33,voice_33,True
audio_data/south/voice_33/voice_33_aug_26.wav,3.285,16000,สาวนี้อ้อร้อคาด,ผู้หญิงคนนี้เจ้าชู้,south,voice_33,voice_33,True
audio_data/south/voice_33/voice_33_aug_27.wav,3.285,16000,สาวนี้อ้อร้อคาด,ผู้หญิงคนนี้เจ้าชู้,south,voice_33,voice_33,True
audio_data/south/voice_33/voice_33_aug_28.wav,3.285,16000,สาวนี้อ้อร้อคาด,ผู้หญิงคนนี้เจ้าชู้,south,voice_33,voice_33,True
audio_data/south/voice_33/voice_33_aug_29.wav,3.285,16000,สาวนี้อ้อร้อคาด,ผู้หญิงคนนี้เจ้าชู้,south,voice_33,voice_33,True
audio_data/south/voice_33/voice_33_aug_3.wav,3.285,16000,สาวนี้อ้อร้อคาด,ผู้หญิงคนนี้เจ้าชู้,south,voice_33,voice_33,True
audio_data/south/voice_33/voice_33_aug_30.wav,3.285,16000,สาวนี้อ้อร้อคาด,ผู้หญิงคนนี้เจ้าชู้,south,voice_33,voice_33,True
audio_data/south/voice_33/voice_33_aug_31.wav,3.285,16000,สาวนี้อ้อร้อคาด,ผู้หญิงคนนี้เจ้าชู้,south,voice_33,voice_33,True
audio_data/south/voice_33/voice_33_aug_32.wav,3.285,16000,สาวนี้อ้อร้อคาด,ผู้หญิงคนนี้เจ้าชู้,south,voice_33,voice_33,True
audio_data/south/voice_33/voice_33_aug_33.wav,3.285,16000,สาวนี้อ้อร้อคาด,ผู้หญิงคนนี้เจ้าชู้,south,voice_33,voice_33,True
audio_data/south/voice_33/voice_33_aug_34.wav,3.285,16000,สาวนี้อ้อร้อคาด,ผู้หญิงคนนี้เจ้าชู้,south,voice_33,voice_33,True
audio_data/south/voice_33/voice_33_aug_35.wav,3.285,16000,สาวนี้อ้อร้อคาด,ผู้หญิงคนนี้เจ้าชู้,south,voice_33,voice_33,True
audio_data/south/voice_33/voice_33_aug_36.wav,3.285,16000,สาวนี้อ้อร้อคาด,ผู้หญิงคนนี้เจ้าชู้,south,voice_33,voice_33,True
audio_data/south/voice_33/voice_33_aug_37.wav,3.285,16000,สาวนี้อ้อร้อคาด,ผู้หญิงคนนี้เจ้าชู้,south,voice_33,voice_33,True
audio_data/south/voice_33/voice_33_aug_38.wav,3.285,16000,สาวนี้อ้อร้อคาด,ผู้หญิงคนนี้เจ้าชู้,south,voice_33,voice_33,True
audio_data/south/voice_33/voice_33_aug_39.wav,3.285,16000,สาวนี้อ้อร้อคาด,ผู้หญิงคนนี้เจ้าชู้,south,voice_33,voice_33,True
audio_data/south/voice_33/voice_33_aug_4.wav,3.285,16000,สาวนี้อ้อร้อคาด,ผู้หญิงคนนี้เจ้าชู้,south,voice_33,voice_33,True
audio_data/south/voice_33/voice_33_aug_40.wav,3.285,16000,สาวนี้อ้อร้อคาด,ผู้หญิงคนนี้เจ้าชู้,south,voice_33,voice_33,True
audio_data/south/voice_33/voice_33_aug_41.wav,3.285,16000,สาวนี้อ้อร้อคาด,ผู้หญิงคนนี้เจ้าชู้,south,voice_33,voice_33,True
audio_data/south/voice_33/voice_33_aug_42.wav,3.285,16000,สาวนี้อ้อร้อคาด,ผู้หญิงคนนี้เจ้าชู้,south,voice_33,voice_33,True
audio_data/south/voice_33/voice_33_aug_43.wav,3.285,16000,สาวนี้อ้อร้อคาด,ผู้หญิงคนนี้เจ้าชู้,south,voice_33,voice_33,True
audio_data/south/voice_33/voice_33_aug_44.wav,3.285,16000,สาวนี้อ้อร้อคาด,ผู้หญิงคนนี้เจ้าชู้,south,voice_33,voice_33,True
audio_data/south/voice_33/voice_33_aug_45.wav,3.285,16000,สาวนี้อ้อร้อคาด,ผู้หญิงคนนี้เจ้าชู้,south,voice_33,voice_33,True
audio_data/south/voice_33/voice_33_aug_46.wav,3.285,16000,สาวนี้อ้อร้อคาด,ผู้หญิงคนนี้เจ้าชู้,south,voice_33,voice_33,True
audio_data/south/voice_33/voice_33_aug_47.wav,3.285,16000,สาวนี้อ้อร้อคาด,ผู้หญิงคนนี้เจ้าชู้,south,voice_33,voice_33,True
audio_data/south/voice_33/voice_33_aug_48.wav,3.285,16000,สาวนี้อ้อร้อคาด,ผู้หญิงคนนี้เจ้าชู้,south,voice_33,voice_33,True
audio_data/south/voice_33/voice_33_aug_49.wav,3.285,16000,สาวนี้อ้อร้อคาด,ผู้หญิงคนนี้เจ้าชู้,south,voice_33,voice_33,True
audio_data/south/voice_33/voice_33_aug_5.wav,3.285,16000,สาวนี้อ้อร้อคาด,ผู้หญิงคนนี้เจ้าชู้,south,voice_33,voice_33,True
audio_data/south/voice_33/voice_33_aug_50.wav,3.285,16000,สาวนี้อ้อร้อคาด,ผู้หญิงคนนี้เจ้าชู้,south,voice_33,voice_33,True
audio_data/south/voice_33/voice_33_aug_51.wav,3.285,16000,สาวนี้อ้อร้อคาด,ผู้หญิงคนนี้เจ้าชู้,south,voice_33,voice_33,True
audio_data/south/voice_33/voice_33_aug_52.wav,3.285,16000,สาวนี้อ้อร้อคาด,ผู้หญิงคนนี้เจ้าชู้,south,voice_33,voice_33,True
audio_data/south/voice_33/voice_33_aug_53.wav,3.285,16000,สาวนี้อ้อร้อคาด,ผู้หญิงคนนี้เจ้าชู้,south,voice_33,voice_33,True
audio_data/south/voice_33/voice_33_aug_54.wav,3.285,16000,สาวนี้อ้อร้อคาด,ผู้หญิงคนนี้เจ้าชู้,south,voice_33,voice_33,True
audio_data/south/voice_33/voice_33_aug_55.wav,3.285,16000,สาวนี้อ้อร้อคาด,ผู้หญิงคนนี้เจ้าชู้,south,voice_33,voice_33,True
audio_data/south/voice_33/voice_33_aug_56.wav,3.285,16000,สาวนี้อ้อร้อคาด,ผู้หญิงคนนี้เจ้าชู้,south,voice_33,voice_33,True
audio_data/south/voice_33/voice_33_aug_57.wav,3.285,16000,สาวนี้อ้อร้อคาด,ผู้หญิงคนนี้เจ้าชู้,south,voice_33,voice_33,True
audio_data/south/voice_33/voice_33_aug_58.wav,3.285,16000,สาวนี้อ้อร้อคาด,ผู้หญิงคนนี้เจ้าชู้,south,voice_33,voice_33,True
audio_data/south/voice_33/voice_33_aug_59.wav,3.285,16000,สาวนี้อ้อร้อคาด,ผู้หญิงคนนี้เจ้าชู้,south,voice_33,voice_33,True
audio_data/south/voice_33/voice_33_aug_6.wav,3.285,16000,สาวนี้อ้อร้อคาด,ผู้หญิงคนนี้เจ้าชู้,south,voice_33,voice_33,True
audio_data/south/voice_33/voice_33_aug_60.wav,3.285,16000,สาวนี้อ้อร้อคาด,ผู้หญิงคนนี้เจ้าชู้,south,voice_33,voice_33,True
audio_data/south/voice_33/voice_33_aug_61.wav,3.285,16000,สาวนี้อ้อร้อคาด,ผู้หญิงคนนี้เจ้าชู้,south,voice_33,voice_33,True
audio_data/south/voice_33/voice_33_aug_62.wav,3.285,16000,สาวนี้อ้อร้อคาด,ผู้หญิงคนนี้เจ้าชู้,south,voice_33,voice_33,True
audio_data/south/voice_33/voice_33_aug_63.wav,3.285,16000,สาวนี้อ้อร้อคาด,ผู้หญิงคนนี้เจ้าชู้,south,voice_33,voice_33,True
audio_data/south/voice_33/voice_33_aug_64.wav,3.285,16000,สาวนี้อ้อร้อคาด,ผู้หญิงคนนี้เจ้าชู้,south,voice_33,voice_33,True
audio_data/south/voice_33/voice_33_aug_65.wav,3.285,16000,สาวนี้อ้อร้อคาด,ผู้หญิงคนนี้เจ้าชู้,south,voice_33,voice_33,True
audio_data/south/voice_33/voice_33_aug_66.wav,3.285,16000,สาวนี้อ้อร้อคาด,ผู้หญิงคนนี้เจ้าชู้,south,voice_33,voice_33,True
audio_data/south/voice_33/voice_33_aug_67.wav,3.285,16000,สาวนี้อ้อร้อคาด,ผู้หญิงคนนี้เจ้าชู้,south,voice_33,voice_33,True
audio_data/south/voice_33/voice_33_aug_68.wav,3.285,16000,สาวนี้อ้อร้อคาด,ผู้หญิงคนนี้เจ้าชู้,south,voice_33,voice_33,True
audio_data/south/voice_33/voice_33_aug_69.wav,3.285,16000,สาวนี้อ้อร้อคาด,ผู้หญิงคนนี้เจ้าชู้,south,voice_33,voice_33,True
audio_data/south/voice_33/voice_33_aug_7.wav,3.285,16000,สาวนี้อ้อร้อคาด,ผู้หญิงคนนี้เจ้าชู้,south,voice_33,voice_33,True
audio_data/south/voice_33/voice_33_aug_70.wav,3.285,16000,สาวนี้อ้อร้อคาด,ผู้หญิงคนนี้เจ้าชู้,south,voice_33,voice_33,True
audio_data/south/voice_33/voice_33_aug_71.wav,3.285,16000,สาวนี้อ้อร้อคาด,ผู้หญิงคนนี้เจ้าชู้,south,voice_33,voice_33,True
audio_data/south/voice_33/voice_33_aug_72.wav,3.285,16000,สาวนี้อ้อร้อคาด,ผู้หญิงคนนี้เจ้าชู้,south,voice_33,voice_33,True
audio_data/south/voice_33/voice_33_aug_73.wav,3.285,16000,สาวนี้อ้อร้อคาด,ผู้หญิงคนนี้เจ้าชู้,south,voice_33,voice_33,True
audio_data/south/voice_33/voice_33_aug_74.wav,3.285,16000,สาวนี้อ้อร้อคาด,ผู้หญิงคนนี้เจ้าชู้,south,voice_33,voice_33,True
audio_data/south/voice_33/voice_33_aug_75.wav,3.285,16000,สาวนี้อ้อร้อคาด,ผู้หญิงคนนี้เจ้าชู้,south,voice_33,voice_33,True
audio_data/south/voice_33/voice_33_aug_76.wav,3.285,16000,สาวนี้อ้อร้อคาด,ผู้หญิงคนนี้เจ้าชู้,south,voice_33,voice_33,True
audio_data/south/voice_33/voice_33_aug_77.wav,3.285,16000,สาวนี้อ้อร้อคาด,ผู้หญิงคนนี้เจ้าชู้,south,voice_33,voice_33,True
audio_data/south/voice_33/voice_33_aug_78.wav,3.285,16000,สาวนี้อ้อร้อคาด,ผู้หญิงคนนี้เจ้าชู้,south,voice_33,voice_33,True
audio_data/south/voice_33/voice_33_aug_79.wav,3.285,16000,สาวนี้อ้อร้อคาด,ผู้หญิงคนนี้เจ้าชู้,south,voice_33,voice_33,True
audio_data/south/voice_33/voice_33_aug_8.wav,3.285,16000,สาวนี้อ้อร้อคาด,ผู้หญิงคนนี้เจ้าชู้,south,voice_33,voice_33,True
audio_data/south/voice_33/voice_33_aug_80.wav,3.285,16000,สาวนี้อ้อร้อคาด,ผู้หญิงคนนี้เจ้าชู้,south,voice_33,voice_33,True
audio_data/south/voice_33/voice_33_aug_81.wav,3.285,16000,สาวนี้อ้อร้อคาด,ผู้หญิงคนนี้เจ้าชู้,south,voice_33,voice_33,True
audio_data/south/voice_33/voice_33_aug_82.wav,3.285,16000,สาวนี้อ้อร้อคาด,ผู้หญิงคนนี้เจ้าชู้,south,voice_33,voice_33,True
audio_data/south/voice_33/voice_33_aug_83.wav,3.285,16000,สาวนี้อ้อร้อคาด,ผู้หญิงคนนี้เจ้าชู้,south,voice_33,voice_33,True
audio_data/south/voice_33/voice_33_aug_84.wav,3.285,16000,สาวนี้อ้อร้อคาด,ผู้หญิงคนนี้เจ้าชู้,south,voice_33,voice_33,True
audio_data/south/voice_33/voice_33_aug_85.wav,3.285,16000,สาวนี้อ้อร้อคาด,ผู้หญิงคนนี้เจ้าชู้,south,voice_33,voice_33,True
audio_data/south/voice_33/voice_33_aug_86.wav,3.285,16000,สาวนี้อ้อร้อคาด,ผู้หญิงคนนี้เจ้าชู้,south,voice_33,voice_33,True
audio_data/south/voice_33/voice_33_aug_87.wav,3.285,16000,สาวนี้อ้อร้อคาด,ผู้หญิงคนนี้เจ้าชู้,south,voice_33,voice_33,True
audio_data/south/voice_33/voice_33_aug_88.wav,3.285,16000,สาวนี้อ้อร้อคาด,ผู้หญิงคนนี้เจ้าชู้,south,voice_33,voice_33,True
audio_data/south/voice_33/voice_33_aug_89.wav,3.285,16000,สาวนี้อ้อร้อคาด,ผู้หญิงคนนี้เจ้าชู้,south,voice_33,voice_33,True
audio_data/south/voice_33/voice_33_aug_9.wav,3.285,16000,สาวนี้อ้อร้อคาด,ผู้หญิงคนนี้เจ้าชู้,south,voice_33,voice_33,True
audio_data/south/voice_33/voice_33_aug_90.wav,3.285,16000,สาวนี้อ้อร้อคาด,ผู้หญิงคนนี้เจ้าชู้,south,voice_33,voice_33,True
audio_data/south/voice_33/voice_33_aug_91.wav,3.285,16000,สาวนี้อ้อร้อคาด,ผู้หญิงคนนี้เจ้าชู้,south,voice_33,voice_33,True
audio_data/south/voice_33/voice_33_aug_92.wav,3.285,16000,สาวนี้อ้อร้อคาด,ผู้หญิงคนนี้เจ้าชู้,south,voice_33,voice_33,True
audio_data/south/voice_33/voice_33_aug_93.wav,3.285,16000,สาวนี้อ้อร้อคาด,ผู้หญิงคนนี้เจ้าชู้,south,voice_33,voice_33,True
audio_data/south/voice_33/voice_33_aug_94.wav,3.285,16000,สาวนี้อ้อร้อคาด,ผู้หญิงคนนี้เจ้าชู้,south,voice_33,voice_33,True
audio_data/south/voice_33/voice_33_aug_95.wav,3.285,16000,สาวนี้อ้อร้อคาด,ผู้หญิงคนนี้เจ้าชู้,south,voice_33,voice_33,True
audio_data/south/voice_33/voice_33_aug_96.wav,3.285,16000,สาวนี้อ้อร้อคาด,ผู้หญิงคนนี้เจ้าชู้,south,voice_33,voice_33,True
audio_data/south/voice_33/voice_33_aug_97.wav,3.285,16000,สาวนี้อ้อร้อคาด,ผู้หญิงคนนี้เจ้าชู้,south,voice_33,voice_33,True
audio_data/south/voice_33/voice_33_aug_98.wav,3.285,16000,สาวนี้อ้อร้อคาด,ผู้หญิงคนนี้เจ้าชู้,south,voice_33,voice_33,True
audio_data/south/voice_33/voice_33_aug_99.wav,3.285,16000,สาวนี้อ้อร้อคาด,ผู้หญิงคนนี้เจ้าชู้,south,voice_33,voice_33,True
audio_data/south/voice_34/voice_34_1.wav,2.069,16000,หัวเราะได้แรงอก,หัวเราะได้สะใจมาก,south,voice_34,voice_34_1,False
audio_data/south/voice_34/voice_34_aug_1.wav,2.069,16000,หัวเราะได้แรงอก,หัวเราะได้สะใจมาก,south,voice_34,voice_34,True
audio_data/south/voice_34/voice_34_aug_10.wav,2.069,16000,หัวเราะได้แรงอก,หัวเราะได้สะใจมาก,south,voice_34,voice_34,True
audio_data/south/voice_34/voice_34_aug_100.wav,2.069,16000,หัวเราะได้แรงอก,หัวเราะได้สะใจมาก,south,voice_34,voice_34,True
audio_data/south/voice_34/voice_34_aug_11.wav,2.069,16000,หัวเราะได้แรงอก,หัวเราะได้สะใจมาก,south,voice_34,voice_34,True
audio_data/south/voice_34/voice_34_aug_12.wav,2.069,16000,หัวเราะได้แรงอก,หัวเราะได้สะใจมาก,south,voice_34,voice_34,True
audio_data/south/voice_34/voice_34_aug_13.wav,2.069,16000,หัวเราะได้แรงอก,หัวเราะได้สะใจมาก,south,voice_34,voice_34,True
audio_data/south/voice_34/voice_34_aug_14.wav,2.069,16000,หัวเราะได้แรงอก,หัวเราะได้สะใจมาก,south,voice_34,voice_34,True
audio_data/south/voice_34/voice_34_aug_15.wav,2.069,16000,หัวเราะได้แรงอก,หัวเราะได้สะใจมาก,south,voice_34,voice_34,True
audio_data/south/voice_34/voice_34_aug_16.wav,2.069,16000,หัวเราะได้แรงอก,หัวเราะได้สะใจมาก,south,voice_34,voice_34,True
audio_data/south/voice_34/voice_34_aug_17.wav,2.069,16000,หัวเราะได้แรงอก,หัวเราะได้สะใจมาก,south,voice_34,voice_34,True
audio_data/south/voice_34/voice_34_aug_18.wav,2.069,16000,หัวเราะได้แรงอก,หัวเราะได้สะใจมาก,south,voice_34,voice_34,True
audio_data/south/voice_34/voice_34_aug_19.wav,2.069,16000,หัวเราะได้แรงอก,หัวเราะได้สะใจมาก,south,voice_34,voice_34,True
audio_data/south/voice_34/voice_34_aug_2.wav,2.069,16000,หัวเราะได้แรงอก,หัวเราะได้สะใจมาก,south,voice_34,voice_34,True
audio_data/south/voice_34/voice_34_aug_20.wav,2.069,16000,หัวเราะได้แรงอก,หัวเราะได้สะใจมาก,south,voice_34,voice_34,True
audio_data/south/voice_34/voice_34_aug_21.wav,2.069,16000,หัวเราะได้แรงอก,หัวเราะได้สะใจมาก,south,voice_34,voice_34,True
audio_data/south/voice_34/voice_34_aug_22.wav,2.069,16000,หัวเราะได้แรงอก,หัวเราะได้สะใจมาก,south,voice_34,voice_34,True
audio_data/south/voice_34/voice_34_aug_23.wav,2.069,16000,หัวเราะได้แรงอก,หัวเราะได้สะใจมาก,south,voice_34,voice_34,True
audio_data/south/voice_34/voice_34_aug_24.wav,2.069,16000,หัวเราะได้แรงอก,หัวเราะได้สะใจมาก,south,voice_34,voice_34,True
audio_data/south/voice_34/voice_34_aug_25.wav,2.069,16000,หัวเราะได้แรงอก,หัวเราะได้สะใจมาก,south,voice_34,voice_34,True
audio_data/south/voice_34/voice_34_aug_26.wav,2.069,16000,หัวเราะได้แรงอก,หัวเราะได้สะใจมาก,south,voice_34,voice_34,True
audio_data/south/voice_34/voice_34_aug_27.wav,2.069,16000,หัวเราะได้แรงอก,หัวเราะได้สะใจมาก,south,voice_34,voice_34,True
audio_data/south/voice_34/voice_34_aug_28.wav,2.069,16000,หัวเราะได้แรงอก,หัวเราะได้สะใจมาก,south,voice_34,voice_34,True
audio_data/south/voice_34/voice_34_aug_29.wav,2.069,16000,หัวเราะได้แรงอก,หัวเราะได้สะใจมาก,south,voice_34,voice_34,True
audio_data/south/voice_34/voice_34_aug_3.wav,2.069,16000,หัวเราะได้แรงอก,หัวเราะได้สะใจมาก,south,voice_34,voice_34,True
audio_data/south/voice_34/voice_34_aug_30.wav,2.069,16000,หัวเราะได้แรงอก,หัวเราะได้สะใจมาก,south,voice_34,voice_34,True
audio_data/south/voice_34/voice_34_aug_31.wav,2.069,16000,หัวเราะได้แรงอก,หัวเราะได้สะใจมาก,south,voice_34,voice_34,True
audio_data/south/voice_34/voice_34_aug_32.wav,2.069,16000,หัวเราะได้แรงอก,หัวเราะได้สะใจมาก,south,voice_34,voice_34,True
audio_data/south/voice_34/voice_34_aug_33.wav,2.069,16000,หัวเราะได้แรงอก,หัวเราะได้สะใจมาก,south,voice_34,voice_34,True
audio_data/south/voice_34/voice_34_aug_34.wav,2.069,16000,หัวเราะได้แรงอก,หัวเราะได้สะใจมาก,south,voice_34,voice_34,True
audio_data/south/voice_34/voice_34_aug_35.wav,2.069,16000,หัวเราะได้แรงอก,หัวเราะได้สะใจมาก,south,voice_34,voice_34,True
audio_data/south/voice_34/voice_34_aug_36.wav,2.069,16000,หัวเราะได้แรงอก,หัวเราะได้สะใจมาก,south,voice_34,voice_34,True
audio_data/south/voice_34/voice_34_aug_37.wav,2.069,16000,หัวเราะได้แรงอก,หัวเราะได้สะใจมาก,south,voice_34,voice_34,True
audio_data/south/voice_34/voice_34_aug_38.wav,2.069,16000,หัวเราะได้แรงอก,หัวเราะได้สะใจมาก,south,voice_34,voice_34,True
audio_data/south/voice_34/voice_34_aug_39.wav,2.069,16000,หัวเราะได้แรงอก,หัวเราะได้สะใจมาก,south,voice_34,voice_34,True
audio_data/south/voice_34/voice_34_aug_4.wav,2.069,16000,หัวเราะได้แรงอก,หัวเราะได้สะใจมาก,south,voice_34,voice_34,True
audio_data/south/voice_34/voice_34_aug_40.wav,2.069,16000,หัวเราะได้แรงอก,หัวเราะได้สะใจมาก,south,voice_34,voice_34,True
audio_data/south/voice_34/voice_34_aug_41.wav,2.069,16000,หัวเราะได้แรงอก,หัวเราะได้สะใจมาก,south,voice_34,voice_34,True
audio_data/south/voice_34/voice_34_aug_42.wav,2.069,16000,หัวเราะได้แรงอก,หัวเราะได้สะใจมาก,south,voice_34,voice_34,True
audio_data/south/voice_34/voice_34_aug_43.wav,2.069,16000,หัวเราะได้แรงอก,หัวเราะได้สะใจมาก,south,voice_34,voice_34,True
audio_data/south/voice_34/voice_34_aug_44.wav,2.069,16000,หัวเราะได้แรงอก,หัวเราะได้สะใจมาก,south,voice_34,voice_34,True
audio_data/south/voice_34/voice_34_aug_45.wav,2.069,16000,หัวเราะได้แรงอก,หัวเราะได้สะใจมาก,south,voice_34,voice_34,True
audio_data/south/voice_34/voice_34_aug_46.wav,2.069,16000,หัวเราะได้แรงอก,หัวเราะได้สะใจมาก,south,voice_34,voice_34,True
audio_data/south/voice_34/voice_34_aug_47.wav,2.069,16000,หัวเราะได้แรงอก,หัวเราะได้สะใจมาก,south,voice_34,voice_34,True
audio_data/south/voice_34/voice_34_aug_48.wav,2.069,16000,หัวเราะได้แรงอก,หัวเราะได้สะใจมาก,south,voice_34,voice_34,True
audio_data/south/voice_34/voice_34_aug_49.wav,2.069,16000,หัวเราะได้แรงอก,หัวเราะได้สะใจมาก,south,voice_34,voice_34,True
audio_data/south/voice_34/voice_34_aug_5.wav,2.069,16000,หัวเราะได้แรงอก,หัวเราะได้สะใจมาก,south,voice_34,voice_34,True
audio_data/south/voice_34/voice_34_aug_50.wav,2.069,16000,หัวเราะได้แรงอก,หัวเราะได้สะใจมาก,south,voice_34,voice_34,True
audio_data/south/voice_34/voice_34_aug_51.wav,2.069,16000,หัวเราะได้แรงอก,หัวเราะได้สะใจมาก,south,voice_34,voice_34,True
audio_data/south/voice_34/voice_34_aug_52.wav,2.069,16000,หัวเราะได้แรงอก,หัวเราะได้สะใจมาก,south,voice_34,voice_34,True
audio_data/south/voice_34/voice_34_aug_53.wav,2.069,16000,หัวเราะได้แรงอก,หัวเราะได้สะใจมาก,south,voice_34,voice_34,True
audio_data/south/voice_34/voice_34_aug_54.wav,2.069,16000,หัวเราะได้แรงอก,หัวเราะได้สะใจมาก,south,voice_34,voice_34,True
audio_data/south/voice_34/voice_34_aug_55.wav,2.069,16000,หัวเราะได้แรงอก,หัวเราะได้สะใจมาก,south,voice_34,voice_34,True
audio_data/south/voice_34/voice_34_aug_56.wav,2.069,16000,หัวเราะได้แรงอก,หัวเราะได้สะใจมาก,south,voice_34,voice_34,True
audio_data/south/voice_34/voice_34_aug_57.wav,2.069,16000,หัวเราะได้แรงอก,หัวเราะได้สะใจมาก,south,voice_34,voice_34,True
audio_data/south/voice_34/voice_34_aug_58.wav,2.069,16000,หัวเราะได้แรงอก,หัวเราะได้สะใจมาก,south,voice_34,voice_34,True
audio_data/south/voice_34/voice_34_aug_59.wav,2.069,16000,หัวเราะได้แรงอก,หัวเราะได้สะใจมาก,south,voice_34,voice_34,True
audio_data/south/voice_34/voice_34_aug_6.wav,2.069,16000,หัวเราะได้แรงอก,หัวเราะได้สะใจมาก,south,voice_34,voice_34,True
audio_data/south/voice_34/voice_34_aug_60.wav,2.069,16000,หัวเราะได้แรงอก,หัวเราะได้สะใจมาก,south,voice_34,voice_34,True
audio_data/south/voice_34/voice_34_aug_61.wav,2.069,16000,หัวเราะได้แรงอก,หัวเราะได้สะใจมาก,south,voice_34,voice_34,True
audio_data/south/voice_34/voice_34_aug_62.wav,2.069,16000,หัวเราะได้แรงอก,หัวเราะได้สะใจมาก,south,voice_34,voice_34,True
audio_data/south/voice_34/voice_34_aug_63.wav,2.069,16000,หัวเราะได้แรงอก,หัวเราะได้สะใจมาก,south,voice_34,voice_34,True
audio_data/south/voice_34/voice_34_aug_64.wav,2.069,16000,หัวเราะได้แรงอก,หัวเราะได้สะใจมาก,south,voice_34,voice_34,True
audio_data/south/voice_34/voice_34_aug_65.wav,2.069,16000,หัวเราะได้แรงอก,หัวเราะได้สะใจมาก,south,voice_34,voice_34,True
audio_data/south/voice_34/voice_34_aug_66.wav,2.069,16000,หัวเราะได้แรงอก,หัวเราะได้สะใจมาก,south,voice_34,voice_34,True
audio_data/south/voice_34/voice_34_aug_67.wav,2.069,16000,หัวเราะได้แรงอก,หัวเราะได้สะใจมาก,south,voice_34,voice_34,True
audio_data/south/voice_34/voice_34_aug_68.wav,2.069,16000,หัวเราะได้แรงอก,หัวเราะได้สะใจมาก,south,voice_34,voice_34,True
audio_data/south/voice_34/voice_34_aug_69.wav,2.069,16000,หัวเราะได้แรงอก,หัวเราะได้สะใจมาก,south,voice_34,voice_34,True
audio_data/south/voice_34/voice_34_aug_7.wav,2.069,16000,หัวเราะได้แรงอก,หัวเราะได้สะใจมาก,south,voice_34,voice_34,True
audio_data/south/voice_34/voice_34_aug_70.wav,2.069,16000,หัวเราะได้แรงอก,หัวเราะได้สะใจมาก,south,voice_34,voice_34,True
audio_data/south/voice_34/voice_34_aug_71.wav,2.069,16000,หัวเราะได้แรงอก,หัวเราะได้สะใจมาก,south,voice_34,voice_34,True
audio_data/south/voice_34/voice_34_aug_72.wav,2.069,16000,หัวเราะได้แรงอก,หัวเราะได้สะใจมาก,south,voice_34,voice_34,True
audio_data/south/voice_34/voice_34_aug_73.wav,2.069,16000,หัวเราะได้แรงอก,หัวเราะได้สะใจมาก,south,voice_34,voice_34,True
audio_data/south/voice_34/voice_34_aug_74.wav,2.069,16000,หัวเราะได้แรงอก,หัวเราะได้สะใจมาก,south,voice_34,voice_34,True
audio_data/south/voice_34/voice_34_aug_75.wav,2.069,16000,หัวเราะได้แรงอก,หัวเราะได้สะใจมาก,south,voice_34,voice_34,True
audio_data/south/voice_34/voice_34_aug_76.wav,2.069,16000,หัวเราะได้แรงอก,หัวเราะได้สะใจมาก,south,voice_34,voice_34,True
audio_data/south/voice_34/voice_34_aug_77.wav,2.069,16000,หัวเราะได้แรงอก,หัวเราะได้สะใจมาก,south,voice_34,voice_34,True
audio_data/south/voice_34/voice_34_aug_78.wav,2.069,16000,หัวเราะได้แรงอก,หัวเราะได้สะใจมาก,south,voice_34,voice_34,True
audio_data/south/voice_34/voice_34_aug_79.wav,2.069,16000,หัวเราะได้แรงอก,หัวเราะได้สะใจมาก,south,voice_34,voice_34,True
audio_data/south/voice_34/voice_34_aug_8.wav,2.069,16000,หัวเราะได้แรงอก,หัวเราะได้สะใจมาก,south,voice_34,voice_34,True
audio_data/south/voice_34/voice_34_aug_80.wav,2.069,16000,หัวเราะได้แรงอก,หัวเราะได้สะใจมาก,south,voice_34,voice_34,True
audio_data/south/voice_34/voice_34_aug_81.wav,2.069,16000,หัวเราะได้แรงอก,หัวเราะได้สะใจมาก,south,voice_34,voice_34,True
audio_data/south/voice_34/voice_34_aug_82.wav,2.069,16000,หัวเราะได้แรงอก,หัวเราะได้สะใจมาก,south,voice_34,voice_34,True
audio_data/south/voice_34/voice_34_aug_83.wav,2.069,16000,หัวเราะได้แรงอก,หัวเราะได้สะใจมาก,south,voice_34,voice_34,True
audio_data/south/voice_34/voice_34_aug_84.wav,2.069,16000,หัวเราะได้แรงอก,หัวเราะได้สะใจมาก,south,voice_34,voice_34,True
audio_data/south/voice_34/voice_34_aug_85.wav,2.069,16000,หัวเราะได้แรงอก,หัวเราะได้สะใจมาก,south,voice_34,voice_34,True
audio_data/south/voice_34/voice_34_aug_86.wav,2.069,16000,หัวเราะได้แรงอก,หัวเราะได้สะใจมาก,south,voice_34,voice_34,True
audio_data/south/voice_34/voice_34_aug_87.wav,2.069,16000,หัวเราะได้แรงอก,หัวเราะได้สะใจมาก,south,voice_34,voice_34,True
audio_data/south/voice_34/voice_34_aug_88.wav,2.069,16000,หัวเราะได้แรงอก,หัวเราะได้สะใจมาก,south,voice_34,voice_34,True
audio_data/south/voice_34/voice_34_aug_89.wav,2.069,16000,หัวเราะได้แรงอก,หัวเราะได้สะใจมาก,south,voice_34,voice_34,True
audio_data/south/voice_34/voice_34_aug_9.wav,2.069,16000,หัวเราะได้แรงอก,หัวเราะได้สะใจมาก,south,voice_34,voice_34,True
audio_data/south/voice_34/voice_34_aug_90.wav,2.069,16000,หัวเราะได้แรงอก,หัวเราะได้สะใจมาก,south,voice_34,voice_34,True
audio_data/south/voice_34/voice_34_aug_91.wav,2.069,16000,หัวเราะได้แรงอก,หัวเราะได้สะใจมาก,south,voice_34,voice_34,True
audio_data/south/voice_34/voice_34_aug_92.wav,2.069,16000,หัวเราะได้แรงอก,หัวเราะได้สะใจมาก,south,voice_34,voice_34,True
audio_data/south/voice_34/voice_34_aug_93.wav,2.069,16000,หัวเราะได้แรงอก,หัวเราะได้สะใจมาก,south,voice_34,voice_34,True
audio_data/south/voice_34/voice_34_aug_94.wav,2.069,16000,หัวเราะได้แรงอก,หัวเราะได้สะใจมาก,south,voice_34,voice_34,True
audio_data/south/voice_34/voice_34_aug_95.wav,2.069,16000,หัวเราะได้แรงอก,หัวเราะได้สะใจมาก,south,voice_34,voice_34,True
audio_data/south/voice_34/voice_34_aug_96.wav,2.069,16000,หัวเราะได้แรงอก,หัวเราะได้สะใจมาก,south,voice_34,voice_34,True
audio_data/south/voice_34/voice_34_aug_97.wav,2.069,16000,หัวเราะได้แรงอก,หัวเราะได้สะใจมาก,south,voice_34,voice_34,True
audio_data/south/voice_34/voice_34_aug_98.wav,2.069,16000,หัวเราะได้แรงอก,หัวเราะได้สะใจมาก,south,voice_34,voice_34,True
audio_data/south/voice_34/voice_34_aug_99.wav,2.069,16000,หัวเราะได้แรงอก,หัวเราะได้สะใจมาก,south,voice_34,voice_34,True
audio_data/south/voice_35/voice_35_1.wav,2.283,16000,พี่บาวโบ่จังครับ,พี่ชายโง่จังครับ,south,voice_35,voice_35_1,False
audio_data/south/voice_35/voice_35_aug_1.wav,2.283,16000,พี่บาวโบ่จังครับ,พี่ชายโง่จังครับ,south,voice_35,voice_35,True
audio_data/south/voice_35/voice_35_aug_10.wav,2.283,16000,พี่บาวโบ่จังครับ,พี่ชายโง่จังครับ,south,voice_35,voice_35,True
audio_data/south/voice_35/voice_35_aug_100.wav,2.283,16000,พี่บาวโบ่จังครับ,พี่ชายโง่จังครับ,south,voice_35,voice_35,True
audio_data/south/voice_35/voice_35_aug_11.wav,2.283,16000,พี่บาวโบ่จังครับ,พี่ชายโง่จังครับ,south,voice_35,voice_35,True
audio_data/south/voice_35/voice_35_aug_12.wav,2.283,16000,พี่บาวโบ่จังครับ,พี่ชายโง่จังครับ,south,voice_35,voice_35,True
audio_data/south/voice_35/voice_35_aug_13.wav,2.283,16000,พี่บาวโบ่จังครับ,พี่ชายโง่จังครับ,south,voice_35,voice_35,True
audio_data/south/voice_35/voice_35_aug_14.wav,2.283,16000,พี่บาวโบ่จังครับ,พี่ชายโง่จังครับ,south,voice_35,voice_35,True
audio_data/south/voice_35/voice_35_aug_15.wav,2.283,16000,พี่บาวโบ่จังครับ,พี่ชายโง่จังครับ,south,voice_35,voice_35,True
audio_data/south/voice_35/voice_35_aug_16.wav,2.283,16000,พี่บาวโบ่จังครับ,พี่ชายโง่จังครับ,south,voice_35,voice_35,True
audio_data/south/voice_35/voice_35_aug_17.wav,2.283,16000,พี่บาวโบ่จังครับ,พี่ชายโง่จังครับ,south,voice_35,voice_35,True
audio_data/south/voice_35/voice_35_aug_18.wav,2.283,16000,พี่บาวโบ่จังครับ,พี่ชายโง่จังครับ,south,voice_35,voice_35,True
audio_data/south/voice_35/voice_35_aug_19.wav,2.283,16000,พี่บาวโบ่จังครับ,พี่ชายโง่จังครับ,south,voice_35,voice_35,True
audio_data/south/voice_35/voice_35_aug_2.wav,2.283,16000,พี่บาวโบ่จังครับ,พี่ชายโง่จังครับ,south,voice_35,voice_35,True
audio_data/south/voice_35/voice_35_aug_20.wav,2.283,16000,พี่บาวโบ่จังครับ,พี่ชายโง่จังครับ,south,voice_35,voice_35,True
audio_data/south/voice_35/voice_35_aug_21.wav,2.283,16000,พี่บาวโบ่จังครับ,พี่ชายโง่จังครับ,south,voice_35,voice_35,True
audio_data/south/voice_35/voice_35_aug_22.wav,2.283,16000,พี่บาวโบ่จังครับ,พี่ชายโง่จังครับ,south,voice_35,voice_35,True
audio_data/south/voice_35/voice_35_aug_23.wav,2.283,16000,พี่บาวโบ่จังครับ,พี่ชายโง่จังครับ,south,voice_35,voice_35,True
audio_data/south/voice_35/voice_35_aug_24.wav,2.283,16000,พี่บาวโบ่จังครับ,พี่ชายโง่จังครับ,south,voice_35,voice_35,True
audio_data/south/voice_35/voice_35_aug_25.wav,2.283,16000,พี่บาวโบ่จังครับ,พี่ชายโง่จังครับ,south,voice_35,voice_35,True
audio_data/south/voice_35/voice_35_aug_26.wav,2.283,16000,พี่บาวโบ่จังครับ,พี่ชายโง่จังครับ,south,voice_35,voice_35,True
audio_data/south/voice_35/voice_35_aug_27.wav,2.283,16000,พี่บาวโบ่จังครับ,พี่ชายโง่จังครับ,south,voice_35,voice_35,True
audio_data/south/voice_35/voice_35_aug_28.wav,2.283,16000,พี่บาวโบ่จังครับ,พี่ชายโง่จังครับ,south,voice_35,voice_35,True
audio_data/south/voice_35/voice_35_aug_29.wav,2.283,16000,พี่บาวโบ่จังครับ,พี่ชายโง่จังครับ,south,voice_35,voice_35,True
audio_data/south/voice_35/voice_35_aug_3.wav,2.283,16000,พี่บาวโบ่จังครับ,พี่ชายโง่จังครับ,south,voice_35,voice_35,True
audio_data/south/voice_35/voice_35_aug_30.wav,2.283,16000,พี่บาวโบ่จังครับ,พี่ชายโง่จังครับ,south,voice_35,voice_35,True
audio_data/south/voice_35/voice_35_aug_31.wav,2.283,16000,พี่บาวโบ่จังครับ,พี่ชายโง่จังครับ,south,voice_35,voice_35,True
audio_data/south/voice_35/voice_35_aug_32.wav,2.283,16000,พี่บาวโบ่จังครับ,พี่ชายโง่จังครับ,south,voice_35,voice_35,True
audio_data/south/voice_35/voice_35_aug_33.wav,2.283,16000,พี่บาวโบ่จังครับ,พี่ชายโง่จังครับ,south,voice_35,voice_35,True
audio_data/south/voice_35/voice_35_aug_34.wav,2.283,16000,พี่บาวโบ่จังครับ,พี่ชายโง่จังครับ,south,voice_35,voice_35,True
audio_data/south/voice_35/voice_35_aug_35.wav,2.283,16000,พี่บาวโบ่จังครับ,พี่ชายโง่จังครับ,south,voice_35,voice_35,True
audio_data/south/voice_35/voice_35_aug_36.wav,2.283,16000,พี่บาวโบ่จังครับ,พี่ชายโง่จังครับ,south,voice_35,voice_35,True
audio_data/south/voice_35/voice_35_aug_37.wav,2.283,16000,พี่บาวโบ่จังครับ,พี่ชายโง่จังครับ,south,voice_35,voice_35,True
audio_data/south/voice_35/voice_35_aug_38.wav,2.283,16000,พี่บาวโบ่จังครับ,พี่ชายโง่จังครับ,south,voice_35,voice_35,True
audio_data/south/voice_35/voice_35_aug_39.wav,2.283,16000,พี่บาวโบ่จังครับ,พี่ชายโง่จังครับ,south,voice_35,voice_35,True
audio_data/south/voice_35/voice_35_aug_4.wav,2.283,16000,พี่บาวโบ่จังครับ,พี่ชายโง่จังครับ,south,voice_35,voice_35,True
audio_data/south/voice_35/voice_35_aug_40.wav,2.283,16000,พี่บาวโบ่จังครับ,พี่ชายโง่จังครับ,south,voice_35,voice_35,True
audio_data/south/voice_35/voice_35_aug_41.wav,2.283,16000,พี่บาวโบ่จังครับ,พี่ชายโง่จังครับ,south,voice_35,voice_35,True
audio_data/south/voice_35/voice_35_aug_42.wav,2.283,16000,พี่บาวโบ่จังครับ,พี่ชายโง่จังครับ,south,voice_35,voice_35,True
audio_data/south/voice_35/voice_35_aug_43.wav,2.283,16000,พี่บาวโบ่จังครับ,พี่ชายโง่จังครับ,south,voice_35,voice_35,True
audio_data/south/voice_35/voice_35_aug_44.wav,2.283,16000,พี่บาวโบ่จังครับ,พี่ชายโง่จังครับ,south,voice_35,voice_35,True
audio_data/south/voice_35/voice_35_aug_45.wav,2.283,16000,พี่บาวโบ่จังครับ,พี่ชายโง่จังครับ,south,voice_35,voice_35,True
audio_data/south/voice_35/voice_35_aug_46.wav,2.283,16000,พี่บาวโบ่จังครับ,พี่ชายโง่จังครับ,south,voice_35,voice_35,True
audio_data/south/voice_35/voice_35_aug_47.wav,2.283,16000,พี่บาวโบ่จังครับ,พี่ชายโง่จังครับ,south,voice_35,voice_35,True
audio_data/south/voice_35/voice_35_aug_48.wav,2.283,16000,พี่บาวโบ่จังครับ,พี่ชายโง่จังครับ,south,voice_35,voice_35,True
audio_data/south/voice_35/voice_35_aug_49.wav,2.283,16000,พี่บาวโบ่จังครับ,พี่ชายโง่จังครับ,south,voice_35,voice_35,True
audio_data/south/voice_35/voice_35_aug_5.wav,2.283,16000,พี่บาวโบ่จังครับ,พี่ชายโง่จังครับ,south,voice_35,voice_35,True
audio_data/south/voice_35/voice_35_aug_50.wav,2.283,16000,พี่บาวโบ่จังครับ,พี่ชายโง่จังครับ,south,voice_35,voice_35,True
audio_data/south/voice_35/voice_35_aug_51.wav,2.283,16000,พี่บาวโบ่จังครับ,พี่ชายโง่จังครับ,south,voice_35,voice_35,True
audio_data/south/voice_35/voice_35_aug_52.wav,2.283,16000,พี่บาวโบ่จังครับ,พี่ชายโง่จังครับ,south,voice_35,voice_35,True
audio_data/south/voice_35/voice_35_aug_53.wav,2.283,16000,พี่บาวโบ่จังครับ,พี่ชายโง่จังครับ,south,voice_35,voice_35,True
audio_data/south/voice_35/voice_35_aug_54.wav,2.283,16000,พี่บาวโบ่จังครับ,พี่ชายโง่จังครับ,south,voice_35,voice_35,True
audio_data/south/voice_35/voice_35_aug_55.wav,2.283,16000,พี่บาวโบ่จังครับ,พี่ชายโง่จังครับ,south,voice_35,voice_35,True
audio_data/south/voice_35/voice_35_aug_56.wav,2.283,16000,พี่บาวโบ่จังครับ,พี่ชายโง่จังครับ,south,voice_35,voice_35,True
audio_data/south/voice_35/voice_35_aug_57.wav,2.283,16000,พี่บาวโบ่จังครับ,พี่ชายโง่จังครับ,south,voice_35,voice_35,True
audio_data/south/voice_35/voice_35_aug_58.wav,2.283,16000,พี่บาวโบ่จังครับ,พี่ชายโง่จังครับ,south,voice_35,voice_35,True
audio_data/south/voice_35/voice_35_aug_59.wav,2.283,16000,พี่บาวโบ่จังครับ,พี่ชายโง่จังครับ,south,voice_35,voice_35,True
audio_data/south/voice_35/voice_35_aug_6.wav,2.283,16000,พี่บาวโบ่จังครับ,พี่ชายโง่จังครับ,south,voice_35,voice_35,True
audio_data/south/voice_35/voice_35_aug_60.wav,2.283,16000,พี่บาวโบ่จังครับ,พี่ชายโง่จังครับ,south,voice_35,voice_35,True
audio_data/south/voice_35/voice_35_aug_61.wav,2.283,16000,พี่บาวโบ่จังครับ,พี่ชายโง่จังครับ,south,voice_35,voice_35,True
audio_data/south/voice_35/voice_35_aug_62.wav,2.283,16000,พี่บาวโบ่จังครับ,พี่ชายโง่จังครับ,south,voice_35,voice_35,True
audio_data/south/voice_35/voice_35_aug_63.wav,2.283,16000,พี่บาวโบ่จังครับ,พี่ชายโง่จังครับ,south,voice_35,voice_35,True
audio_data/south/voice_35/voice_35_aug_64.wav,2.283,16000,พี่บาวโบ่จังครับ,พี่ชายโง่จังครับ,south,voice_35,voice_35,True
audio_data/south/voice_35/voice_35_aug_65.wav,2.283,16000,พี่บาวโบ่จังครับ,พี่ชายโง่จังครับ,south,voice_35,voice_35,True
audio_data/south/voice_35/voice_35_aug_66.wav,2.283,16000,พี่บาวโบ่จังครับ,พี่ชายโง่จังครับ,south,voice_35,voice_35,True
audio_data/south/voice_35/voice_35_aug_67.wav,2.283,16000,พี่บาวโบ่จังครับ,พี่ชายโง่จังครับ,south,voice_35,voice_35,True
audio_data/south/voice_35/voice_35_aug_68.wav,2.283,16000,พี่บาวโบ่จังครับ,พี่ชายโง่จังครับ,south,voice_35,voice_35,True
audio_data/south/voice_35/voice_35_aug_69.wav,2.283,16000,พี่บาวโบ่จังครับ,พี่ชายโง่จังครับ,south,voice_35,voice_35,True
audio_data/south/voice_35/voice_35_aug_7.wav,2.283,16000,พี่บาวโบ่จังครับ,พี่ชายโง่จังครับ,south,voice_35,voice_35,True
audio_data/south/voice_35/voice_35_aug_70.wav,2.283,16000,พี่บาวโบ่จังครับ,พี่ชายโง่จังครับ,south,voice_35,voice_35,True
audio_data/south/voice_35/voice_35_aug_71.wav,2.283,16000,พี่บาวโบ่จังครับ,พี่ชายโง่จังครับ,south,voice_35,voice_35,True
audio_data/south/voice_35/voice_35_aug_72.wav,2.283,16000,พี่บาวโบ่จังครับ,พี่ชายโง่จังครับ,south,voice_35,voice_35,True
audio_data/south/voice_35/voice_35_aug_73.wav,2.283,16000,พี่บาวโบ่จังครับ,พี่ชายโง่จังครับ,south,voice_35,voice_35,True
audio_data/south/voice_35/voice_35_aug_74.wav,2.283,16000,พี่บาวโบ่จังครับ,พี่ชายโง่จังครับ,south,voice_35,voice_35,True
audio_data/south/voice_35/voice_35_aug_75.wav,2.283,16000,พี่บาวโบ่จังครับ,พี่ชายโง่จังครับ,south,voice_35,voice_35,True
audio_data/south/voice_35/voice_35_aug_76.wav,2.283,16000,พี่บาวโบ่จังครับ,พี่ชายโง่จังครับ,south,voice_35,voice_35,True
audio_data/south/voice_35/voice_35_aug_77.wav,2.283,16000,พี่บาวโบ่จังครับ,พี่ชายโง่จังครับ,south,voice_35,voice_35,True
audio_data/south/voice_35/voice_35_aug_78.wav,2.283,16000,พี่บาวโบ่จังครับ,พี่ชายโง่จังครับ,south,voice_35,voice_35,True
audio_data/south/voice_35/voice_35_aug_79.wav,2.283,16000,พี่บาวโบ่จังครับ,พี่ชายโง่จังครับ,south,voice_35,voice_35,True
audio_data/south/voice_35/voice_35_aug_8.wav,2.283,16000,พี่บาวโบ่จังครับ,พี่ชายโง่จังครับ,south,voice_35,voice_35,True
audio_data/south/voice_35/voice_35_aug_80.wav,2.283,16000,พี่บาวโบ่จังครับ,พี่ชายโง่จังครับ,south,voice_35,voice_35,True
audio_data/south/voice_35/voice_35_aug_81.wav,2.283,16000,พี่บาวโบ่จังครับ,พี่ชายโง่จังครับ,south,voice_35,voice_35,True
audio_data/south/voice_35/voice_35_aug_82.wav,2.283,16000,พี่บาวโบ่จังครับ,พี่ชายโง่จังครับ,south,voice_35,voice_35,True
audio_data/south/voice_35/voice_35_aug_83.wav,2.283,16000,พี่บาวโบ่จังครับ,พี่ชายโง่จังครับ,south,voice_35,voice_35,True
audio_data/south/voice_35/voice_35_aug_84.wav,2.283,16000,พี่บาวโบ่จังครับ,พี่ชายโง่จังครับ,south,voice_35,voice_35,True
audio_data/south/voice_35/voice_35_aug_85.wav,2.283,16000,พี่บาวโบ่จังครับ,พี่ชายโง่จังครับ,south,voice_35,voice_35,True
audio_data/south/voice_35/voice_35_aug_86.wav,2.283,16000,พี่บาวโบ่จังครับ,พี่ชายโง่จังครับ,south,voice_35,voice_35,True
audio_data/south/voice_35/voice_35_aug_87.wav,2.283,16000,พี่บาวโบ่จังครับ,พี่ชายโง่จังครับ,south,voice_35,voice_35,True
audio_data/south/voice_35/voice_35_aug_88.wav,2.283,16000,พี่บาวโบ่จังครับ,พี่ชายโง่จังครับ,south,voice_35,voice_35,True
audio_data/south/voice_35/voice_35_aug_89.wav,2.283,16000,พี่บาวโบ่จังครับ,พี่ชายโง่จังครับ,south,voice_35,voice_35,True
audio_data/south/voice_35/voice_35_aug_9.wav,2.283,16000,พี่บาวโบ่จังครับ,พี่ชายโง่จังครับ,south,voice_35,voice_35,True
audio_data/south/voice_35/voice_35_aug_90.wav,2.283,16000,พี่บาวโบ่จังครับ,พี่ชายโง่จังครับ,south,voice_35,voice_35,True
audio_data/south/voice_35/voice_35_aug_91.wav,2.283,16000,พี่บาวโบ่จังครับ,พี่ชายโง่จังครับ,south,voice_35,voice_35,True
audio_data/south/voice_35/voice_35_aug_92.wav,2.283,16000,พี่บาวโบ่จังครับ,พี่ชายโง่จังครับ,south,voice_35,voice_35,True
audio_data/south/voice_35/voice_35_aug_93.wav,2.283,16000,พี่บาวโบ่จังครับ,พี่ชายโง่จังครับ,south,voice_35,voice_35,True
audio_data/south/voice_35/voice_35_aug_94.wav,2.283,16000,พี่บาวโบ่จังครับ,พี่ชายโง่จังครับ,south,voice_35,voice_35,True
audio_data/south/voice_35/voice_35_aug_95.wav,2.283,16000,พี่บาวโบ่จังครับ,พี่ชายโง่จังครับ,south,voice_35,voice_35,True
audio_data/south/voice_35/voice_35_aug_96.wav,2.283,16000,พี่บาวโบ่จังครับ,พี่ชายโง่จังครับ,south,voice_35,voice_35,True
audio_data/south/voice_35/voice_35_aug_97.wav,2.283,16000,พี่บาวโบ่จังครับ,พี่ชายโง่จังครับ,south,voice_35,voice_35,True
audio_data/south/voice_35/voice_35_aug_98.wav,2.283,16000,พี่บาวโบ่จังครับ,พี่ชายโง่จังครับ,south,voice_35,voice_35,True
audio_data/south/voice_35/voice_35_aug_99.wav,2.283,16000,พี่บาวโบ่จังครับ,พี่ชายโง่จังครับ,south,voice_35,voice_35,True
audio_data/south/voice_36/voice_36_1.wav,2.005,16000,นอนหวันแยงโมง,นอนกินบ้านกินเมือง,south,voice_36,voice_36_1,False
audio_data/south/voice_36/voice_36_aug_1.wav,2.005,16000,นอนหวันแยงโมง,นอนกินบ้านกินเมือง,south,voice_36,voice_36,True
audio_data/south/voice_36/voice_36_aug_10.wav,2.005,16000,นอนหวันแยงโมง,นอนกินบ้านกินเมือง,south,voice_36,voice_36,True
audio_data/south/voice_36/voice_36_aug_100.wav,2.005,16000,นอนหวันแยงโมง,นอนกินบ้านกินเมือง,south,voice_36,voice_36,True
audio_data/south/voice_36/voice_36_aug_11.wav,2.005,16000,นอนหวันแยงโมง,นอนกินบ้านกินเมือง,south,voice_36,voice_36,True
audio_data/south/voice_36/voice_36_aug_12.wav,2.005,16000,นอนหวันแยงโมง,นอนกินบ้านกินเมือง,south,voice_36,voice_36,True
audio_data/south/voice_36/voice_36_aug_13.wav,2.005,16000,นอนหวันแยงโมง,นอนกินบ้านกินเมือง,south,voice_36,voice_36,True
audio_data/south/voice_36/voice_36_aug_14.wav,2.005,16000,นอนหวันแยงโมง,นอนกินบ้านกินเมือง,south,voice_36,voice_36,True
audio_data/south/voice_36/voice_36_aug_15.wav,2.005,16000,นอนหวันแยงโมง,นอนกินบ้านกินเมือง,south,voice_36,voice_36,True
audio_data/south/voice_36/voice_36_aug_16.wav,2.005,16000,นอนหวันแยงโมง,นอนกินบ้านกินเมือง,south,voice_36,voice_36,True
audio_data/south/voice_36/voice_36_aug_17.wav,2.005,16000,นอนหวันแยงโมง,นอนกินบ้านกินเมือง,south,voice_36,voice_36,True
audio_data/south/voice_36/voice_36_aug_18.wav,2.005,16000,นอนหวันแยงโมง,นอนกินบ้านกินเมือง,south,voice_36,voice_36,True
audio_data/south/voice_36/voice_36_aug_19.wav,2.005,16000,นอนหวันแยงโมง,นอนกินบ้านกินเมือง,south,voice_36,voice_36,True
audio_data/south/voice_36/voice_36_aug_2.wav,2.005,16000,นอนหวันแยงโมง,นอนกินบ้านกินเมือง,south,voice_36,voice_36,True
audio_data/south/voice_36/voice_36_aug_20.wav,2.005,16000,นอนหวันแยงโมง,นอนกินบ้านกินเมือง,south,voice_36,voice_36,True
audio_data/south/voice_36/voice_36_aug_21.wav,2.005,16000,นอนหวันแยงโมง,นอนกินบ้านกินเมือง,south,voice_36,voice_36,True
audio_data/south/voice_36/voice_36_aug_22.wav,2.005,16000,นอนหวันแยงโมง,นอนกินบ้านกินเมือง,south,voice_36,voice_36,True
audio_data/south/voice_36/voice_36_aug_23.wav,2.005,16000,นอนหวันแยงโมง,นอนกินบ้านกินเมือง,south,voice_36,voice_36,True
audio_data/south/voice_36/voice_36_aug_24.wav,2.005,16000,นอนหวันแยงโมง,นอนกินบ้านกินเมือง,south,voice_36,voice_36,True
audio_data/south/voice_36/voice_36_aug_25.wav,2.005,16000,นอนหวันแยงโมง,นอนกินบ้านกินเมือง,south,voice_36,voice_36,True
audio_data/south/voice_36/voice_36_aug_26.wav,2.005,16000,นอนหวันแยงโมง,นอนกินบ้านกินเมือง,south,voice_36,voice_36,True
audio_data/south/voice_36/voice_36_aug_27.wav,2.005,16000,นอนหวันแยงโมง,นอนกินบ้านกินเมือง,south,voice_36,voice_36,True
audio_data/south/voice_36/voice_36_aug_28.wav,2.005,16000,นอนหวันแยงโมง,นอนกินบ้านกินเมือง,south,voice_36,voice_36,True
audio_data/south/voice_36/voice_36_aug_29.wav,2.005,16000,นอนหวันแยงโมง,นอนกินบ้านกินเมือง,south,voice_36,voice_36,True
audio_data/south/voice_36/voice_36_aug_3.wav,2.005,16000,นอนหวันแยงโมง,นอนกินบ้านกินเมือง,south,voice_36,voice_36,True
audio_data/south/voice_36/voice_36_aug_30.wav,2.005,16000,นอนหวันแยงโมง,นอนกินบ้านกินเมือง,south,voice_36,voice_36,True
audio_data/south/voice_36/voice_36_aug_31.wav,2.005,16000,นอนหวันแยงโมง,นอนกินบ้านกินเมือง,south,voice_36,voice_36,True
audio_data/south/voice_36/voice_36_aug_32.wav,2.005,16000,นอนหวันแยงโมง,นอนกินบ้านกินเมือง,south,voice_36,voice_36,True
audio_data/south/voice_36/voice_36_aug_33.wav,2.005,16000,นอนหวันแยงโมง,นอนกินบ้านกินเมือง,south,voice_36,voice_36,True
audio_data/south/voice_36/voice_36_aug_34.wav,2.005,16000,นอนหวันแยงโมง,นอนกินบ้านกินเมือง,south,voice_36,voice_36,True
audio_data/south/voice_36/voice_36_aug_35.wav,2.005,16000,นอนหวันแยงโมง,นอนกินบ้านกินเมือง,south,voice_36,voice_36,True
audio_data/south/voice_36/voice_36_aug_36.wav,2.005,16000,นอนหวันแยงโมง,นอนกินบ้านกินเมือง,south,voice_36,voice_36,True
audio_data/south/voice_36/voice_36_aug_37.wav,2.005,16000,นอนหวันแยงโมง,นอนกินบ้านกินเมือง,south,voice_36,voice_36,True
audio_data/south/voice_36/voice_36_aug_38.wav,2.005,16000,นอนหวันแยงโมง,นอนกินบ้านกินเมือง,south,voice_36,voice_36,True
audio_data/south/voice_36/voice_36_aug_39.wav,2.005,16000,นอนหวันแยงโมง,นอนกินบ้านกินเมือง,south,voice_36,voice_36,True
audio_data/south/voice_36/voice_36_aug_4.wav,2.005,16000,นอนหวันแยงโมง,นอนกินบ้านกินเมือง,south,voice_36,voice_36,True
audio_data/south/voice_36/voice_36_aug_40.wav,2.005,16000,นอนหวันแยงโมง,นอนกินบ้านกินเมือง,south,voice_36,voice_36,True
audio_data/south/voice_36/voice_36_aug_41.wav,2.005,16000,นอนหวันแยงโมง,นอนกินบ้านกินเมือง,south,voice_36,voice_36,True
audio_data/south/voice_36/voice_36_aug_42.wav,2.005,16000,นอนหวันแยงโมง,นอนกินบ้านกินเมือง,south,voice_36,voice_36,True
audio_data/south/voice_36/voice_36_aug_43.wav,2.005,16000,นอนหวันแยงโมง,นอนกินบ้านกินเมือง,south,voice_36,voice_36,True
audio_data/south/voice_36/voice_36_aug_44.wav,2.005,16000,นอนหวันแยงโมง,นอนกินบ้านกินเมือง,south,voice_36,voice_36,True
audio_data/south/voice_36/voice_36_aug_45.wav,2.005,16000,นอนหวันแยงโมง,นอนกินบ้านกินเมือง,south,voice_36,voice_36,True
audio_data/south/voice_36/voice_36_aug_46.wav,2.005,16000,นอนหวันแยงโมง,นอนกินบ้านกินเมือง,south,voice_36,voice_36,True
audio_data/south/voice_36/voice_36_aug_47.wav,2.005,16000,นอนหวันแยงโมง,นอนกินบ้านกินเมือง,south,voice_36,voice_36,True
audio_data/south/voice_36/voice_36_aug_48.wav,2.005,16000,นอนหวันแยงโมง,นอนกินบ้านกินเมือง,south,voice_36,voice_36,True
audio_data/south/voice_36/voice_36_aug_49.wav,2.005,16000,นอนหวันแยงโมง,นอนกินบ้านกินเมือง,south,voice_36,voice_36,True
audio_data/south/voice_36/voice_36_aug_5.wav,2.005,16000,นอนหวันแยงโมง,นอนกินบ้านกินเมือง,south,voice_36,voice_36,True
audio_data/south/voice_36/voice_36_aug_50.wav,2.005,16000,นอนหวันแยงโมง,นอนกินบ้านกินเมือง,south,voice_36,voice_36,True
audio_data/south/voice_36/voice_36_aug_51.wav,2.005,16000,นอนหวันแยงโมง,นอนกินบ้านกินเมือง,south,voice_36,voice_36,True
audio_data/south/voice_36/voice_36_aug_52.wav,2.005,16000,นอนหวันแยงโมง,นอนกินบ้านกินเมือง,south,voice_36,voice_36,True
audio_data/south/voice_36/voice_36_aug_53.wav,2.005,16000,นอนหวันแยงโมง,นอนกินบ้านกินเมือง,south,voice_36,voice_36,True
audio_data/south/voice_36/voice_36_aug_54.wav,2.005,16000,นอนหวันแยงโมง,นอนกินบ้านกินเมือง,south,voice_36,voice_36,True
audio_data/south/voice_36/voice_36_aug_55.wav,2.005,16000,นอนหวันแยงโมง,นอนกินบ้านกินเมือง,south,voice_36,voice_36,True
audio_data/south/voice_36/voice_36_aug_56.wav,2.005,16000,นอนหวันแยงโมง,นอนกินบ้านกินเมือง,south,voice_36,voice_36,True
audio_data/south/voice_36/voice_36_aug_57.wav,2.005,16000,นอนหวันแยงโมง,นอนกินบ้านกินเมือง,south,voice_36,voice_36,True
audio_data/south/voice_36/voice_36_aug_58.wav,2.005,16000,นอนหวันแยงโมง,นอนกินบ้านกินเมือง,south,voice_36,voice_36,True
audio_data/south/voice_36/voice_36_aug_59.wav,2.005,16000,นอนหวันแยงโมง,นอนกินบ้านกินเมือง,south,voice_36,voice_36,True
audio_data/south/voice_36/voice_36_aug_6.wav,2.005,16000,นอนหวันแยงโมง,นอนกินบ้านกินเมือง,south,voice_36,voice_36,True
audio_data/south/voice_36/voice_36_aug_60.wav,2.005,16000,นอนหวันแยงโมง,นอนกินบ้านกินเมือง,south,voice_36,voice_36,True
audio_data/south/voice_36/voice_36_aug_61.wav,2.005,16000,นอนหวันแยงโมง,นอนกินบ้านกินเมือง,south,voice_36,voice_36,True
audio_data/south/voice_36/voice_36_aug_62.wav,2.005,16000,นอนหวันแยงโมง,นอนกินบ้านกินเมือง,south,voice_36,voice_36,True
audio_data/south/voice_36/voice_36_aug_63.wav,2.005,16000,นอนหวันแยงโมง,นอนกินบ้านกินเมือง,south,voice_36,voice_36,True
audio_data/south/voice_36/voice_36_aug_64.wav,2.005,16000,นอนหวันแยงโมง,นอนกินบ้านกินเมือง,south,voice_36,voice_36,True
audio_data/south/voice_36/voice_36_aug_65.wav,2.005,16000,นอนหวันแยงโมง,นอนกินบ้านกินเมือง,south,voice_36,voice_36,True
audio_data/south/voice_36/voice_36_aug_66.wav,2.005,16000,นอนหวันแยงโมง,นอนกินบ้านกินเมือง,south,voice_36,voice_36,True
audio_data/south/voice_36/voice_36_aug_67.wav,2.005,16000,นอนหวันแยงโมง,นอนกินบ้านกินเมือง,south,voice_36,voice_36,True
audio_data/south/voice_36/voice_36_aug_68.wav,2.005,16000,นอนหวันแยงโมง,นอนกินบ้านกินเมือง,south,voice_36,voice_36,True
audio_data/south/voice_36/voice_36_aug_69.wav,2.005,16000,นอนหวันแยงโมง,นอนกินบ้านกินเมือง,south,voice_36,voice_36,True
audio_data/south/voice_36/voice_36_aug_7.wav,2.005,16000,นอนหวันแยงโมง,นอนกินบ้านกินเมือง,south,voice_36,voice_36,True
audio_data/south/voice_36/voice_36_aug_70.wav,2.005,16000,นอนหวันแยงโมง,นอนกินบ้านกินเมือง,south,voice_36,voice_36,True
audio_data/south/voice_36/voice_36_aug_71.wav,2.005,16000,นอนหวันแยงโมง,นอนกินบ้านกินเมือง,south,voice_36,voice_36,True
audio_data/south/voice_36/voice_36_aug_72.wav,2.005,16000,นอนหวันแยงโมง,นอนกินบ้านกินเมือง,south,voice_36,voice_36,True
audio_data/south/voice_36/voice_36_aug_73.wav,2.005,16000,นอนหวันแยงโมง,นอนกินบ้านกินเมือง,south,voice_36,voice_36,True
audio_data/south/voice_36/voice_36_aug_74.wav,2.005,16000,นอนหวันแยงโมง,นอนกินบ้านกินเมือง,south,voice_36,voice_36,True
audio_data/south/voice_36/voice_36_aug_75.wav,2.005,16000,นอนหวันแยงโมง,นอนกินบ้านกินเมือง,south,voice_36,voice_36,True
audio_data/south/voice_36/voice_36_aug_76.wav,2.005,16000,นอนหวันแยงโมง,นอนกินบ้านกินเมือง,south,voice_36,voice_36,True
audio_data/south/voice_36/voice_36_aug_77.wav,2.005,16000,นอนหวันแยงโมง,นอนกินบ้านกินเมือง,south,voice_36,voice_36,True
audio_data/south/voice_36/voice_36_aug_78.wav,2.005,16000,นอนหวันแยงโมง,นอนกินบ้านกินเมือง,south,voice_36,voice_36,True
audio_data/south/voice_36/voice_36_aug_79.wav,2.005,16000,นอนหวันแยงโมง,นอนกินบ้านกินเมือง,south,voice_36,voice_36,True
audio_data/south/voice_36/voice_36_aug_8.wav,2.005,16000,นอนหวันแยงโมง,นอนกินบ้านกินเมือง,south,voice_36,voice_36,True
audio_data/south/voice_36/voice_36_aug_80.wav,2.005,16000,นอนหวันแยงโมง,นอนกินบ้านกินเมือง,south,voice_36,voice_36,True
audio_data/south/voice_36/voice_36_aug_81.wav,2.005,16000,นอนหวันแยงโมง,นอนกินบ้านกินเมือง,south,voice_36,voice_36,True
audio_data/south/voice_36/voice_36_aug_82.wav,2.005,16000,นอนหวันแยงโมง,นอนกินบ้านกินเมือง,south,voice_36,voice_36,True
audio_data/south/voice_36/voice_36_aug_83.wav,2.005,16000,นอนหวันแยงโมง,นอนกินบ้านกินเมือง,south,voice_36,voice_36,True
audio_data/south/voice_36/voice_36_aug_84.wav,2.005,16000,นอนหวันแยงโมง,นอนกินบ้านกินเมือง,south,voice_36,voice_36,True
audio_data/south/voice_36/voice_36_aug_85.wav,2.005,16000,นอนหวันแยงโมง,นอนกินบ้านกินเมือง,south,voice_36,voice_36,True
audio_data/south/voice_36/voice_36_aug_86.wav,2.005,16000,นอนหวันแยงโมง,นอนกินบ้านกินเมือง,south,voice_36,voice_36,True
audio_data/south/voice_36/voice_36_aug_87.wav,2.005,16000,นอนหวันแยงโมง,นอนกินบ้านกินเมือง,south,voice_36,voice_36,True
audio_data/south/voice_36/voice_36_aug_88.wav,2.005,16000,นอนหวันแยงโมง,นอนกินบ้านกินเมือง,south,voice_36,voice_36,True
audio_data/south/voice_36/voice_36_aug_89.wav,2.005,16000,นอนหวันแยงโมง,นอนกินบ้านกินเมือง,south,voice_36,voice_36,True
audio_data/south/voice_36/voice_36_aug_9.wav,2.005,16000,นอนหวันแยงโมง,นอนกินบ้านกินเมือง,south,voice_36,voice_36,True
audio_data/south/voice_36/voice_36_aug_90.wav,2.005,16000,นอนหวันแยงโมง,นอนกินบ้านกินเมือง,south,voice_36,voice_36,True
audio_data/south/voice_36/voice_36_aug_91.wav,2.005,16000,นอนหวันแยงโมง,นอนกินบ้านกินเมือง,south,voice_36,voice_36,True
audio_data/south/voice_36/voice_36_aug_92.wav,2.005,16000,นอนหวันแยงโมง,นอนกินบ้านกินเมือง,south,voice_36,voice_36,True
audio_data/south/voice_36/voice_36_aug_93.wav,2.005,16000,นอนหวันแยงโมง,นอนกินบ้านกินเมือง,south,voice_36,voice_36,True
audio_data/south/voice_36/voice_36_aug_94.wav,2.005,16000,นอนหวันแยงโมง,นอนกินบ้านกินเมือง,south,voice_36,voice_36,True
audio_data/south/voice_36/voice_36_aug_95.wav,2.005,16000,นอนหวันแยงโมง,นอนกินบ้านกินเมือง,south,voice_36,voice_36,True
audio_data/south/voice_36/voice_36_aug_96.wav,2.005,16000,นอนหวันแยงโมง,นอนกินบ้านกินเมือง,south,voice_36,voice_36,True
audio_data/south/voice_36/voice_36_aug_97.wav,2.005,16000,นอนหวันแยงโมง,นอนกินบ้านกินเมือง,south,voice_36,voice_36,True
audio_data/south/voice_36/voice_36_aug_98.wav,2.005,16000,นอนหวันแยงโมง,นอนกินบ้านกินเมือง,south,voice_36,voice_36,True
audio_data/south/voice_36/voice_36_aug_99.wav,2.005,16000,นอนหวันแยงโมง,นอนกินบ้านกินเมือง,south,voice_36,voice_36,True
audio_data/south/voice_37/voice_37_1.wav,3.2,16000,แต่วาฝนตกหนักชาด,เมื่อวานฝนตกหนักมาก,south,voice_37,voice_37_1,False
audio_data/south/voice_37/voice_37_aug_1.wav,3.2,16000,แต่วาฝนตกหนักชาด,เมื่อวานฝนตกหนักมาก,south,voice_37,voice_37,True
audio_data/south/voice_37/voice_37_aug_10.wav,3.2,16000,แต่วาฝนตกหนักชาด,เมื่อวานฝนตกหนักมาก,south,voice_37,voice_37,True
audio_data/south/voice_37/voice_37_aug_100.wav,3.2,16000,แต่วาฝนตกหนักชาด,เมื่อวานฝนตกหนักมาก,south,voice_37,voice_37,True
audio_data/south/voice_37/voice_37_aug_11.wav,3.2,16000,แต่วาฝนตกหนักชาด,เมื่อวานฝนตกหนักมาก,south,voice_37,voice_37,True
audio_data/south/voice_37/voice_37_aug_12.wav,3.2,16000,แต่วาฝนตกหนักชาด,เมื่อวานฝนตกหนักมาก,south,voice_37,voice_37,True
audio_data/south/voice_37/voice_37_aug_13.wav,3.2,16000,แต่วาฝนตกหนักชาด,เมื่อวานฝนตกหนักมาก,south,voice_37,voice_37,True
audio_data/south/voice_37/voice_37_aug_14.wav,3.2,16000,แต่วาฝนตกหนักชาด,เมื่อวานฝนตกหนักมาก,south,voice_37,voice_37,True
audio_data/south/voice_37/voice_37_aug_15.wav,3.2,16000,แต่วาฝนตกหนักชาด,เมื่อวานฝนตกหนักมาก,south,voice_37,voice_37,True
audio_data/south/voice_37/voice_37_aug_16.wav,3.2,16000,แต่วาฝนตกหนักชาด,เมื่อวานฝนตกหนักมาก,south,voice_37,voice_37,True
audio_data/south/voice_37/voice_37_aug_17.wav,3.2,16000,แต่วาฝนตกหนักชาด,เมื่อวานฝนตกหนักมาก,south,voice_37,voice_37,True
audio_data/south/voice_37/voice_37_aug_18.wav,3.2,16000,แต่วาฝนตกหนักชาด,เมื่อวานฝนตกหนักมาก,south,voice_37,voice_37,True
audio_data/south/voice_37/voice_37_aug_19.wav,3.2,16000,แต่วาฝนตกหนักชาด,เมื่อวานฝนตกหนักมาก,south,voice_37,voice_37,True
audio_data/south/voice_37/voice_37_aug_2.wav,3.2,16000,แต่วาฝนตกหนักชาด,เมื่อวานฝนตกหนักมาก,south,voice_37,voice_37,True
audio_data/south/voice_37/voice_37_aug_20.wav,3.2,16000,แต่วาฝนตกหนักชาด,เมื่อวานฝนตกหนักมาก,south,voice_37,voice_37,True
audio_data/south/voice_37/voice_37_aug_21.wav,3.2,16000,แต่วาฝนตกหนักชาด,เมื่อวานฝนตกหนักมาก,south,voice_37,voice_37,True
audio_data/south/voice_37/voice_37_aug_22.wav,3.2,16000,แต่วาฝนตกหนักชาด,เมื่อวานฝนตกหนักมาก,south,voice_37,voice_37,True
audio_data/south/voice_37/voice_37_aug_23.wav,3.2,16000,แต่วาฝนตกหนักชาด,เมื่อวานฝนตกหนักมาก,south,voice_37,voice_37,True
audio_data/south/voice_37/voice_37_aug_24.wav,3.2,16000,แต่วาฝนตกหนักชาด,เมื่อวานฝนตกหนักมาก,south,voice_37,voice_37,True
audio_data/south/voice_37/voice_37_aug_25.wav,3.2,16000,แต่วาฝนตกหนักชาด,เมื่อวานฝนตกหนักมาก,south,voice_37,voice_37,True
audio_data/south/voice_37/voice_37_aug_26.wav,3.2,16000,แต่วาฝนตกหนักชาด,เมื่อวานฝนตกหนักมาก,south,voice_37,voice_37,True
audio_data/south/voice_37/voice_37_aug_27.wav,3.2,16000,แต่วาฝนตกหนักชาด,เมื่อวานฝนตกหนักมาก,south,voice_37,voice_37,True
audio_data/south/voice_37/voice_37_aug_28.wav,3.2,16000,แต่วาฝนตกหนักชาด,เมื่อวานฝนตกหนักมาก,south,voice_37,voice_37,True
audio_data/south/voice_37/voice_37_aug_29.wav,3.2,16000,แต่วาฝนตกหนักชาด,เมื่อวานฝนตกหนักมาก,south,voice_37,voice_37,True
audio_data/south/voice_37/voice_37_aug_3.wav,3.2,16000,แต่วาฝนตกหนักชาด,เมื่อวานฝนตกหนักมาก,south,voice_37,voice_37,True
audio_data/south/voice_37/voice_37_aug_30.wav,3.2,16000,แต่วาฝนตกหนักชาด,เมื่อวานฝนตกหนักมาก,south,voice_37,voice_37,True
audio_data/south/voice_37/voice_37_aug_31.wav,3.2,16000,แต่วาฝนตกหนักชาด,เมื่อวานฝนตกหนักมาก,south,voice_37,voice_37,True
audio_data/south/voice_37/voice_37_aug_32.wav,3.2,16000,แต่วาฝนตกหนักชาด,เมื่อวานฝนตกหนักมาก,south,voice_37,voice_37,True
audio_data/south/voice_37/voice_37_aug_33.wav,3.2,16000,แต่วาฝนตกหนักชาด,เมื่อวานฝนตกหนักมาก,south,voice_37,voice_37,True
audio_data/south/voice_37/voice_37_aug_34.wav,3.2,16000,แต่วาฝนตกหนักชาด,เมื่อวานฝนตกหนักมาก,south,voice_37,voice_37,True
audio_data/south/voice_37/voice_37_aug_35.wav,3.2,16000,แต่วาฝนตกหนักชาด,เมื่อวานฝนตกหนักมาก,south,voice_37,voice_37,True
audio_data/south/voice_37/voice_37_aug_36.wav,3.2,16000,แต่วาฝนตกหนักชาด,เมื่อวานฝนตกหนักมาก,south,voice_37,voice_37,True
audio_data/south/voice_37/voice_37_aug_37.wav,3.2,16000,แต่วาฝนตกหนักชาด,เมื่อวานฝนตกหนักมาก,south,voice_37,voice_37,True
audio_data/south/voice_37/voice_37_aug_38.wav,3.2,16000,แต่วาฝนตกหนักชาด,เมื่อวานฝนตกหนักมาก,south,voice_37,voice_37,True
audio_data/south/voice_37/voice_37_aug_39.wav,3.2,16000,แต่วาฝนตกหนักชาด,เมื่อวานฝนตกหนักมาก,south,voice_37,voice_37,True
audio_data/south/voice_37/voice_37_aug_4.wav,3.2,16000,แต่วาฝนตกหนักชาด,เมื่อวานฝนตกหนักมาก,south,voice_37,voice_37,True
audio_data/south/voice_37/voice_37_aug_40.wav,3.2,16000,แต่วาฝนตกหนักชาด,เมื่อวานฝนตกหนักมาก,south,voice_37,voice_37,True
audio_data/south/voice_37/voice_37_aug_41.wav,3.2,16000,แต่วาฝนตกหนักชาด,เมื่อวานฝนตกหนักมาก,south,voice_37,voice_37,True
audio_data/south/voice_37/voice_37_aug_42.wav,3.2,16000,แต่วาฝนตกหนักชาด,เมื่อวานฝนตกหนักมาก,south,voice_37,voice_37,True
audio_data/south/voice_37/voice_37_aug_43.wav,3.2,16000,แต่วาฝนตกหนักชาด,เมื่อวานฝนตกหนักมาก,south,voice_37,voice_37,True
audio_data/south/voice_37/voice_37_aug_44.wav,3.2,16000,แต่วาฝนตกหนักชาด,เมื่อวานฝนตกหนักมาก,south,voice_37,voice_37,True
audio_data/south/voice_37/voice_37_aug_45.wav,3.2,16000,แต่วาฝนตกหนักชาด,เมื่อวานฝนตกหนักมาก,south,voice_37,voice_37,True
audio_data/south/voice_37/voice_37_aug_46.wav,3.2,16000,แต่วาฝนตกหนักชาด,เมื่อวานฝนตกหนักมาก,south,voice_37,voice_37,True
audio_data/south/voice_37/voice_37_aug_47.wav,3.2,16000,แต่วาฝนตกหนักชาด,เมื่อวานฝนตกหนักมาก,south,voice_37,voice_37,True
audio_data/south/voice_37/voice_37_aug_48.wav,3.2,16000,แต่วาฝนตกหนักชาด,เมื่อวานฝนตกหนักมาก,south,voice_37,voice_37,True
audio_data/south/voice_37/voice_37_aug_49.wav,3.2,16000,แต่วาฝนตกหนักชาด,เมื่อวานฝนตกหนักมาก,south,voice_37,voice_37,True
audio_data/south/voice_37/voice_37_aug_5.wav,3.2,16000,แต่วาฝนตกหนักชาด,เมื่อวานฝนตกหนักมาก,south,voice_37,voice_37,True
audio_data/south/voice_37/voice_37_aug_50.wav,3.2,16000,แต่วาฝนตกหนักชาด,เมื่อวานฝนตกหนักมาก,south,voice_37,voice_37,True
audio_data/south/voice_37/voice_37_aug_51.wav,3.2,16000,แต่วาฝนตกหนักชาด,เมื่อวานฝนตกหนักมาก,south,voice_37,voice_37,True
audio_data/south/voice_37/voice_37_aug_52.wav,3.2,16000,แต่วาฝนตกหนักชาด,เมื่อวานฝนตกหนักมาก,south,voice_37,voice_37,True
audio_data/south/voice_37/voice_37_aug_53.wav,3.2,16000,แต่วาฝนตกหนักชาด,เมื่อวานฝนตกหนักมาก,south,voice_37,voice_37,True
audio_data/south/voice_37/voice_37_aug_54.wav,3.2,16000,แต่วาฝนตกหนักชาด,เมื่อวานฝนตกหนักมาก,south,voice_37,voice_37,True
audio_data/south/voice_37/voice_37_aug_55.wav,3.2,16000,แต่วาฝนตกหนักชาด,เมื่อวานฝนตกหนักมาก,south,voice_37,voice_37,True
audio_data/south/voice_37/voice_37_aug_56.wav,3.2,16000,แต่วาฝนตกหนักชาด,เมื่อวานฝนตกหนักมาก,south,voice_37,voice_37,True
audio_data/south/voice_37/voice_37_aug_57.wav,3.2,16000,แต่วาฝนตกหนักชาด,เมื่อวานฝนตกหนักมาก,south,voice_37,voice_37,True
audio_data/south/voice_37/voice_37_aug_58.wav,3.2,16000,แต่วาฝนตกหนักชาด,เมื่อวานฝนตกหนักมาก,south,voice_37,voice_37,True
audio_data/south/voice_37/voice_37_aug_59.wav,3.2,16000,แต่วาฝนตกหนักชาด,เมื่อวานฝนตกหนักมาก,south,voice_37,voice_37,True
audio_data/south/voice_37/voice_37_aug_6.wav,3.2,16000,แต่วาฝนตกหนักชาด,เมื่อวานฝนตกหนักมาก,south,voice_37,voice_37,True
audio_data/south/voice_37/voice_37_aug_60.wav,3.2,16000,แต่วาฝนตกหนักชาด,เมื่อวานฝนตกหนักมาก,south,voice_37,voice_37,True
audio_data/south/voice_37/voice_37_aug_61.wav,3.2,16000,แต่วาฝนตกหนักชาด,เมื่อวานฝนตกหนักมาก,south,voice_37,voice_37,True
audio_data/south/voice_37/voice_37_aug_62.wav,3.2,16000,แต่วาฝนตกหนักชาด,เมื่อวานฝนตกหนักมาก,south,voice_37,voice_37,True
audio_data/south/voice_37/voice_37_aug_63.wav,3.2,16000,แต่วาฝนตกหนักชาด,เมื่อวานฝนตกหนักมาก,south,voice_37,voice_37,True
audio_data/south/voice_37/voice_37_aug_64.wav,3.2,16000,แต่วาฝนตกหนักชาด,เมื่อวานฝนตกหนักมาก,south,voice_37,voice_37,True
audio_data/south/voice_37/voice_37_aug_65.wav,3.2,16000,แต่วาฝนตกหนักชาด,เมื่อวานฝนตกหนักมาก,south,voice_37,voice_37,True
audio_data/south/voice_37/voice_37_aug_66.wav,3.2,16000,แต่วาฝนตกหนักชาด,เมื่อวานฝนตกหนักมาก,south,voice_37,voice_37,True
audio_data/south/voice_37/voice_37_aug_67.wav,3.2,16000,แต่วาฝนตกหนักชาด,เมื่อวานฝนตกหนักมาก,south,voice_37,voice_37,True
audio_data/south/voice_37/voice_37_aug_68.wav,3.2,16000,แต่วาฝนตกหนักชาด,เมื่อวานฝนตกหนักมาก,south,voice_37,voice_37,True
audio_data/south/voice_37/voice_37_aug_69.wav,3.2,16000,แต่วาฝนตกหนักชาด,เมื่อวานฝนตกหนักมาก,south,voice_37,voice_37,True
audio_data/south/voice_37/voice_37_aug_7.wav,3.2,16000,แต่วาฝนตกหนักชาด,เมื่อวานฝนตกหนักมาก,south,voice_37,voice_37,True
audio_data/south/voice_37/voice_37_aug_70.wav,3.2,16000,แต่วาฝนตกหนักชาด,เมื่อวานฝนตกหนักมาก,south,voice_37,voice_37,True
audio_data/south/voice_37/voice_37_aug_71.wav,3.2,16000,แต่วาฝนตกหนักชาด,เมื่อวานฝนตกหนักมาก,south,voice_37,voice_37,True
audio_data/south/voice_37/voice_37_aug_72.wav,3.2,16000,แต่วาฝนตกหนักชาด,เมื่อวานฝนตกหนักมาก,south,voice_37,voice_37,True
audio_data/south/voice_37/voice_37_aug_73.wav,3.2,16000,แต่วาฝนตกหนักชาด,เมื่อวานฝนตกหนักมาก,south,voice_37,voice_37,True
audio_data/south/voice_37/voice_37_aug_74.wav,3.2,16000,แต่วาฝนตกหนักชาด,เมื่อวานฝนตกหนักมาก,south,voice_37,voice_37,True
audio_data/south/voice_37/voice_37_aug_75.wav,3.2,16000,แต่วาฝนตกหนักชาด,เมื่อวานฝนตกหนักมาก,south,voice_37,voice_37,True
audio_data/south/voice_37/voice_37_aug_76.wav,3.2,16000,แต่วาฝนตกหนักชาด,เมื่อวานฝนตกหนักมาก,south,voice_37,voice_37,True
audio_data/south/voice_37/voice_37_aug_77.wav,3.2,16000,แต่วาฝนตกหนักชาด,เมื่อวานฝนตกหนักมาก,south,voice_37,voice_37,True
audio_data/south/voice_37/voice_37_aug_78.wav,3.2,16000,แต่วาฝนตกหนักชาด,เมื่อวานฝนตกหนักมาก,south,voice_37,voice_37,True
audio_data/south/voice_37/voice_37_aug_79.wav,3.2,16000,แต่วาฝนตกหนักชาด,เมื่อวานฝนตกหนักมาก,south,voice_37,voice_37,True
audio_data/south/voice_37/voice_37_aug_8.wav,3.2,16000,แต่วาฝนตกหนักชาด,เมื่อวานฝนตกหนักมาก,south,voice_37,voice_37,True
audio_data/south/voice_37/voice_37_aug_80.wav,3.2,16000,แต่วาฝนตกหนักชาด,เมื่อวานฝนตกหนักมาก,south,voice_37,voice_37,True
audio_data/south/voice_37/voice_37_aug_81.wav,3.2,16000,แต่วาฝนตกหนักชาด,เมื่อวานฝนตกหนักมาก,south,voice_37,voice_37,True
audio_data/south/voice_37/voice_37_aug_82.wav,3.2,16000,แต่วาฝนตกหนักชาด,เมื่อวานฝนตกหนักมาก,south,voice_37,voice_37,True
audio_data/south/voice_37/voice_37_aug_83.wav,3.2,16000,แต่วาฝนตกหนักชาด,เมื่อวานฝนตกหนักมาก,south,voice_37,voice_37,True
audio_data/south/voice_37/voice_37_aug_84.wav,3.2,16000,แต่วาฝนตกหนักชาด,เมื่อวานฝนตกหนักมาก,south,voice_37,voice_37,True
audio_data/south/voice_37/voice_37_aug_85.wav,3.2,16000,แต่วาฝนตกหนักชาด,เมื่อวานฝนตกหนักมาก,south,voice_37,voice_37,True
audio_data/south/voice_37/voice_37_aug_86.wav,3.2,16000,แต่วาฝนตกหนักชาด,เมื่อวานฝนตกหนักมาก,south,voice_37,voice_37,True
audio_data/south/voice_37/voice_37_aug_87.wav,3.2,16000,แต่วาฝนตกหนักชาด,เมื่อวานฝนตกหนักมาก,south,voice_37,voice_37,True
audio_data/south/voice_37/voice_37_aug_88.wav,3.2,16000,แต่วาฝนตกหนักชาด,เมื่อวานฝนตกหนักมาก,south,voice_37,voice_37,True
audio_data/south/voice_37/voice_37_aug_89.wav,3.2,16000,แต่วาฝนตกหนักชาด,เมื่อวานฝนตกหนักมาก,south,voice_37,voice_37,True
audio_data/south/voice_37/voice_37_aug_9.wav,3.2,16000,แต่วาฝนตกหนักชาด,เมื่อวานฝนตกหนักมาก,south,voice_37,voice_37,True
audio_data/south/voice_37/voice_37_aug_90.wav,3.2,16000,แต่วาฝนตกหนักชาด,เมื่อวานฝนตกหนักมาก,south,voice_37,voice_37,True
audio_data/south/voice_37/voice_37_aug_91.wav,3.2,16000,แต่วาฝนตกหนักชาด,เมื่อวานฝนตกหนักมาก,south,voice_37,voice_37,True
audio_data/south/voice_37/voice_37_aug_92.wav,3.2,16000,แต่วาฝนตกหนักชาด,เมื่อวานฝนตกหนักมาก,south,voice_37,voice_37,True
audio_data/south/voice_37/voice_37_aug_93.wav,3.2,16000,แต่วาฝนตกหนักชาด,เมื่อวานฝนตกหนักมาก,south,voice_37,voice_37,True
audio_data/south/voice_37/voice_37_aug_94.wav,3.2,16000,แต่วาฝนตกหนักชาด,เมื่อวานฝนตกหนักมาก,south,voice_37,voice_37,True
audio_data/south/voice_37/voice_37_aug_95.wav,3.2,16000,แต่วาฝนตกหนักชาด,เมื่อวานฝนตกหนักมาก,south,voice_37,voice_37,True
audio_data/south/voice_37/voice_37_aug_96.wav,3.2,16000,แต่วาฝนตกหนักชาด,เมื่อวานฝนตกหนักมาก,south,voice_37,voice_37,True
audio_data/south/voice_37/voice_37_aug_97.wav,3.2,16000,แต่วาฝนตกหนักชาด,เมื่อวานฝนตกหนักมาก,south,voice_37,voice_37,True
audio_data/south/voice_37/voice_37_aug_98.wav,3.2,16000,แต่วาฝนตกหนักชาด,เมื่อวานฝนตกหนักมาก,south,voice_37,voice_37,True
audio_data/south/voice_37/voice_37_aug_99.wav,3.2,16000,แต่วาฝนตกหนักชาด,เมื่อวานฝนตกหนักมาก,south,voice_37,voice_37,True
audio_data/south/voice_38/voice_38_1.wav,2.965,16000,เดี๋ยวต่อเช้าค่อยแวะไป,เดี๋ยวพรุ่งนี้ค่อยแวะไป,south,voice_38,voice_38_1,False
audio_data/south/voice_38/voice_38_aug_1.wav,2.965,16000,เดี๋ยวต่อเช้าค่อยแวะไป,เดี๋ยวพรุ่งนี้ค่อยแวะไป,south,voice_38,voice_38,True
audio_data/south/voice_38/voice_38_aug_10.wav,2.965,16000,เดี๋ยวต่อเช้าค่อยแวะไป,เดี๋ยวพรุ่งนี้ค่อยแวะไป,south,voice_38,voice_38,True
audio_data/south/voice_38/voice_38_aug_100.wav,2.965,16000,เดี๋ยวต่อเช้าค่อยแวะไป,เดี๋ยวพรุ่งนี้ค่อยแวะไป,south,voice_38,voice_38,True
audio_data/south/voice_38/voice_38_aug_11.wav,2.965,16000,เดี๋ยวต่อเช้าค่อยแวะไป,เดี๋ยวพรุ่งนี้ค่อยแวะไป,south,voice_38,voice_38,True
audio_data/south/voice_38/voice_38_aug_12.wav,2.965,16000,เดี๋ยวต่อเช้าค่อยแวะไป,เดี๋ยวพรุ่งนี้ค่อยแวะไป,south,voice_38,voice_38,True
audio_data/south/voice_38/voice_38_aug_13.wav,2.965,16000,เดี๋ยวต่อเช้าค่อยแวะไป,เดี๋ยวพรุ่งนี้ค่อยแวะไป,south,voice_38,voice_38,True
audio_data/south/voice_38/voice_38_aug_14.wav,2.965,16000,เดี๋ยวต่อเช้าค่อยแวะไป,เดี๋ยวพรุ่งนี้ค่อยแวะไป,south,voice_38,voice_38,True
audio_data/south/voice_38/voice_38_aug_15.wav,2.965,16000,เดี๋ยวต่อเช้าค่อยแวะไป,เดี๋ยวพรุ่งนี้ค่อยแวะไป,south,voice_38,voice_38,True
audio_data/south/voice_38/voice_38_aug_16.wav,2.965,16000,เดี๋ยวต่อเช้าค่อยแวะไป,เดี๋ยวพรุ่งนี้ค่อยแวะไป,south,voice_38,voice_38,True
audio_data/south/voice_38/voice_38_aug_17.wav,2.965,16000,เดี๋ยวต่อเช้าค่อยแวะไป,เดี๋ยวพรุ่งนี้ค่อยแวะไป,south,voice_38,voice_38,True
audio_data/south/voice_38/voice_38_aug_18.wav,2.965,16000,เดี๋ยวต่อเช้าค่อยแวะไป,เดี๋ยวพรุ่งนี้ค่อยแวะไป,south,voice_38,voice_38,True
audio_data/south/voice_38/voice_38_aug_19.wav,2.965,16000,เดี๋ยวต่อเช้าค่อยแวะไป,เดี๋ยวพรุ่งนี้ค่อยแวะไป,south,voice_38,voice_38,True
audio_data/south/voice_38/voice_38_aug_2.wav,2.965,16000,เดี๋ยวต่อเช้าค่อยแวะไป,เดี๋ยวพรุ่งนี้ค่อยแวะไป,south,voice_38,voice_38,True
audio_data/south/voice_38/voice_38_aug_20.wav,2.965,16000,เดี๋ยวต่อเช้าค่อยแวะไป,เดี๋ยวพรุ่งนี้ค่อยแวะไป,south,voice_38,voice_38,True
audio_data/south/voice_38/voice_38_aug_21.wav,2.965,16000,เดี๋ยวต่อเช้าค่อยแวะไป,เดี๋ยวพรุ่งนี้ค่อยแวะไป,south,voice_38,voice_38,True
audio_data/south/voice_38/voice_38_aug_22.wav,2.965,16000,เดี๋ยวต่อเช้าค่อยแวะไป,เดี๋ยวพรุ่งนี้ค่อยแวะไป,south,voice_38,voice_38,True
audio_data/south/voice_38/voice_38_aug_23.wav,2.965,16000,เดี๋ยวต่อเช้าค่อยแวะไป,เดี๋ยวพรุ่งนี้ค่อยแวะไป,south,voice_38,voice_38,True
audio_data/south/voice_38/voice_38_aug_24.wav,2.965,16000,เดี๋ยวต่อเช้าค่อยแวะไป,เดี๋ยวพรุ่งนี้ค่อยแวะไป,south,voice_38,voice_38,True
audio_data/south/voice_38/voice_38_aug_25.wav,2.965,16000,เดี๋ยวต่อเช้าค่อยแวะไป,เดี๋ยวพรุ่งนี้ค่อยแวะไป,south,voice_38,voice_38,True
audio_data/south/voice_38/voice_38_aug_26.wav,2.965,16000,เดี๋ยวต่อเช้าค่อยแวะไป,เดี๋ยวพรุ่งนี้ค่อยแวะไป,south,voice_38,voice_38,True
audio_data/south/voice_38/voice_38_aug_27.wav,2.965,16000,เดี๋ยวต่อเช้าค่อยแวะไป,เดี๋ยวพรุ่งนี้ค่อยแวะไป,south,voice_38,voice_38,True
audio_data/south/voice_38/voice_38_aug_28.wav,2.965,16000,เดี๋ยวต่อเช้าค่อยแวะไป,เดี๋ยวพรุ่งนี้ค่อยแวะไป,south,voice_38,voice_38,True
audio_data/south/voice_38/voice_38_aug_29.wav,2.965,16000,เดี๋ยวต่อเช้าค่อยแวะไป,เดี๋ยวพรุ่งนี้ค่อยแวะไป,south,voice_38,voice_38,True
audio_data/south/voice_38/voice_38_aug_3.wav,2.965,16000,เดี๋ยวต่อเช้าค่อยแวะไป,เดี๋ยวพรุ่งนี้ค่อยแวะไป,south,voice_38,voice_38,True
audio_data/south/voice_38/voice_38_aug_30.wav,2.965,16000,เดี๋ยวต่อเช้าค่อยแวะไป,เดี๋ยวพรุ่งนี้ค่อยแวะไป,south,voice_38,voice_38,True
audio_data/south/voice_38/voice_38_aug_31.wav,2.965,16000,เดี๋ยวต่อเช้าค่อยแวะไป,เดี๋ยวพรุ่งนี้ค่อยแวะไป,south,voice_38,voice_38,True
audio_data/south/voice_38/voice_38_aug_32.wav,2.965,16000,เดี๋ยวต่อเช้าค่อยแวะไป,เดี๋ยวพรุ่งนี้ค่อยแวะไป,south,voice_38,voice_38,True
audio_data/south/voice_38/voice_38_aug_33.wav,2.965,16000,เดี๋ยวต่อเช้าค่อยแวะไป,เดี๋ยวพรุ่งนี้ค่อยแวะไป,south,voice_38,voice_38,True
audio_data/south/voice_38/voice_38_aug_34.wav,2.965,16000,เดี๋ยวต่อเช้าค่อยแวะไป,เดี๋ยวพรุ่งนี้ค่อยแวะไป,south,voice_38,voice_38,True
audio_data/south/voice_38/voice_38_aug_35.wav,2.965,16000,เดี๋ยวต่อเช้าค่อยแวะไป,เดี๋ยวพรุ่งนี้ค่อยแวะไป,south,voice_38,voice_38,True
audio_data/south/voice_38/voice_38_aug_36.wav,2.965,16000,เดี๋ยวต่อเช้าค่อยแวะไป,เดี๋ยวพรุ่งนี้ค่อยแวะไป,south,voice_38,voice_38,True
audio_data/south/voice_38/voice_38_aug_37.wav,2.965,16000,เดี๋ยวต่อเช้าค่อยแวะไป,เดี๋ยวพรุ่งนี้ค่อยแวะไป,south,voice_38,voice_38,True
audio_data/south/voice_38/voice_38_aug_38.wav,2.965,16000,เดี๋ยวต่อเช้าค่อยแวะไป,เดี๋ยวพรุ่งนี้ค่อยแวะไป,south,voice_38,voice_38,True
audio_data/south/voice_38/voice_38_aug_39.wav,2.965,16000,เดี๋ยวต่อเช้าค่อยแวะไป,เดี๋ยวพรุ่งนี้ค่อยแวะไป,south,voice_38,voice_38,True
audio_data/south/voice_38/voice_38_aug_4.wav,2.965,16000,เดี๋ยวต่อเช้าค่อยแวะไป,เดี๋ยวพรุ่งนี้ค่อยแวะไป,south,voice_38,voice_38,True
audio_data/south/voice_38/voice_38_aug_40.wav,2.965,16000,เดี๋ยวต่อเช้าค่อยแวะไป,เดี๋ยวพรุ่งนี้ค่อยแวะไป,south,voice_38,voice_38,True
audio_data/south/voice_38/voice_38_aug_41.wav,2.965,16000,เดี๋ยวต่อเช้าค่อยแวะไป,เดี๋ยวพรุ่งนี้ค่อยแวะไป,south,voice_38,voice_38,True
audio_data/south/voice_38/voice_38_aug_42.wav,2.965,16000,เดี๋ยวต่อเช้าค่อยแวะไป,เดี๋ยวพรุ่งนี้ค่อยแวะไป,south,voice_38,voice_38,True
audio_data/south/voice_38/voice_38_aug_43.wav,2.965,16000,เดี๋ยวต่อเช้าค่อยแวะไป,เดี๋ยวพรุ่งนี้ค่อยแวะไป,south,voice_38,voice_38,True
audio_data/south/voice_38/voice_38_aug_44.wav,2.965,16000,เดี๋ยวต่อเช้าค่อยแวะไป,เดี๋ยวพรุ่งนี้ค่อยแวะไป,south,voice_38,voice_38,True
audio_data/south/voice_38/voice_38_aug_45.wav,2.965,16000,เดี๋ยวต่อเช้าค่อยแวะไป,เดี๋ยวพรุ่งนี้ค่อยแวะไป,south,voice_38,voice_38,True
audio_data/south/voice_38/voice_38_aug_46.wav,2.965,16000,เดี๋ยวต่อเช้าค่อยแวะไป,เดี๋ยวพรุ่งนี้ค่อยแวะไป,south,voice_38,voice_38,True
audio_data/south/voice_38/voice_38_aug_47.wav,2.965,16000,เดี๋ยวต่อเช้าค่อยแวะไป,เดี๋ยวพรุ่งนี้ค่อยแวะไป,south,voice_38,voice_38,True
audio_data/south/voice_38/voice_38_aug_48.wav,2.965,16000,เดี๋ยวต่อเช้าค่อยแวะไป,เดี๋ยวพรุ่งนี้ค่อยแวะไป,south,voice_38,voice_38,True
audio_data/south/voice_38/voice_38_aug_49.wav,2.965,16000,เดี๋ยวต่อเช้าค่อยแวะไป,เดี๋ยวพรุ่งนี้ค่อยแวะไป,south,voice_38,voice_38,True
audio_data/south/voice_38/voice_38_aug_5.wav,2.965,16000,เดี๋ยวต่อเช้าค่อยแวะไป,เดี๋ยวพรุ่งนี้ค่อยแวะไป,south,voice_38,voice_38,True
audio_data/south/voice_38/voice_38_aug_50.wav,2.965,16000,เดี๋ยวต่อเช้าค่อยแวะไป,เดี๋ยวพรุ่งนี้ค่อยแวะไป,south,voice_38,voice_38,True
audio_data/south/voice_38/voice_38_aug_51.wav,2.965,16000,เดี๋ยวต่อเช้าค่อยแวะไป,เดี๋ยวพรุ่งนี้ค่อยแวะไป,south,voice_38,voice_38,True
audio_data/south/voice_38/voice_38_aug_52.wav,2.965,16000,เดี๋ยวต่อเช้าค่อยแวะไป,เดี๋ยวพรุ่งนี้ค่อยแวะไป,south,voice_38,voice_38,True
audio_data/south/voice_38/voice_38_aug_53.wav,2.965,16000,เดี๋ยวต่อเช้าค่อยแวะไป,เดี๋ยวพรุ่งนี้ค่อยแวะไป,south,voice_38,voice_38,True
audio_data/south/voice_38/voice_38_aug_54.wav,2.965,16000,เดี๋ยวต่อเช้าค่อยแวะไป,เดี๋ยวพรุ่งนี้ค่อยแวะไป,south,voice_38,voice_38,True
audio_data/south/voice_38/voice_38_aug_55.wav,2.965,16000,เดี๋ยวต่อเช้าค่อยแวะไป,เดี๋ยวพรุ่งนี้ค่อยแวะไป,south,voice_38,voice_38,True
audio_data/south/voice_38/voice_38_aug_56.wav,2.965,16000,เดี๋ยวต่อเช้าค่อยแวะไป,เดี๋ยวพรุ่งนี้ค่อยแวะไป,south,voice_38,voice_38,True
audio_data/south/voice_38/voice_38_aug_57.wav,2.965,16000,เดี๋ยวต่อเช้าค่อยแวะไป,เดี๋ยวพรุ่งนี้ค่อยแวะไป,south,voice_38,voice_38,True
audio_data/south/voice_38/voice_38_aug_58.wav,2.965,16000,เดี๋ยวต่อเช้าค่อยแวะไป,เดี๋ยวพรุ่งนี้ค่อยแวะไป,south,voice_38,voice_38,True
audio_data/south/voice_38/voice_38_aug_59.wav,2.965,16000,เดี๋ยวต่อเช้าค่อยแวะไป,เดี๋ยวพรุ่งนี้ค่อยแวะไป,south,voice_38,voice_38,True
audio_data/south/voice_38/voice_38_aug_6.wav,2.965,16000,เดี๋ยวต่อเช้าค่อยแวะไป,เดี๋ยวพรุ่งนี้ค่อยแวะไป,south,voice_38,voice_38,True
audio_data/south/voice_38/voice_38_aug_60.wav,2.965,16000,เดี๋ยวต่อเช้าค่อยแวะไป,เดี๋ยวพรุ่งนี้ค่อยแวะไป,south,voice_38,voice_38,True
audio_data/south/voice_38/voice_38_aug_61.wav,2.965,16000,เดี๋ยวต่อเช้าค่อยแวะไป,เดี๋ยวพรุ่งนี้ค่อยแวะไป,south,voice_38,voice_38,True
audio_data/south/voice_38/voice_38_aug_62.wav,2.965,16000,เดี๋ยวต่อเช้าค่อยแวะไป,เดี๋ยวพรุ่งนี้ค่อยแวะไป,south,voice_38,voice_38,True
audio_data/south/voice_38/voice_38_aug_63.wav,2.965,16000,เดี๋ยวต่อเช้าค่อยแวะไป,เดี๋ยวพรุ่งนี้ค่อยแวะไป,south,voice_38,voice_38,True
audio_data/south/voice_38/voice_38_aug_64.wav,2.965,16000,เดี๋ยวต่อเช้าค่อยแวะไป,เดี๋ยวพรุ่งนี้ค่อยแวะไป,south,voice_38,voice_38,True
audio_data/south/voice_38/voice_38_aug_65.wav,2.965,16000,เดี๋ยวต่อเช้าค่อยแวะไป,เดี๋ยวพรุ่งนี้ค่อยแวะไป,south,voice_38,voice_38,True
audio_data/south/voice_38/voice_38_aug_66.wav,2.965,16000,เดี๋ยวต่อเช้าค่อยแวะไป,เดี๋ยวพรุ่งนี้ค่อยแวะไป,south,voice_38,voice_38,True
audio_data/south/voice_38/voice_38_aug_67.wav,2.965,16000,เดี๋ยวต่อเช้าค่อยแวะไป,เดี๋ยวพรุ่งนี้ค่อยแวะไป,south,voice_38,voice_38,True
audio_data/south/voice_38/voice_38_aug_68.wav,2.965,16000,เดี๋ยวต่อเช้าค่อยแวะไป,เดี๋ยวพรุ่งนี้ค่อยแวะไป,south,voice_38,voice_38,True
audio_data/south/voice_38/voice_38_aug_69.wav,2.965,16000,เดี๋ยวต่อเช้าค่อยแวะไป,เดี๋ยวพรุ่งนี้ค่อยแวะไป,south,voice_38,voice_38,True
audio_data/south/voice_38/voice_38_aug_7.wav,2.965,16000,เดี๋ยวต่อเช้าค่อยแวะไป,เดี๋ยวพรุ่งนี้ค่อยแวะไป,south,voice_38,voice_38,True
audio_data/south/voice_38/voice_38_aug_70.wav,2.965,16000,เดี๋ยวต่อเช้าค่อยแวะไป,เดี๋ยวพรุ่งนี้ค่อยแวะไป,south,voice_38,voice_38,True
audio_data/south/voice_38/voice_38_aug_71.wav,2.965,16000,เดี๋ยวต่อเช้าค่อยแวะไป,เดี๋ยวพรุ่งนี้ค่อยแวะไป,south,voice_38,voice_38,True
audio_data/south/voice_38/voice_38_aug_72.wav,2.965,16000,เดี๋ยวต่อเช้าค่อยแวะไป,เดี๋ยวพรุ่งนี้ค่อยแวะไป,south,voice_38,voice_38,True
audio_data/south/voice_38/voice_38_aug_73.wav,2.965,16000,เดี๋ยวต่อเช้าค่อยแวะไป,เดี๋ยวพรุ่งนี้ค่อยแวะไป,south,voice_38,voice_38,True
audio_data/south/voice_38/voice_38_aug_74.wav,2.965,16000,เดี๋ยวต่อเช้าค่อยแวะไป,เดี๋ยวพรุ่งนี้ค่อยแวะไป,south,voice_38,voice_38,True
audio_data/south/voice_38/voice_38_aug_75.wav,2.965,16000,เดี๋ยวต่อเช้าค่อยแวะไป,เดี๋ยวพรุ่งนี้ค่อยแวะไป,south,voice_38,voice_38,True
audio_data/south/voice_38/voice_38_aug_76.wav,2.965,16000,เดี๋ยวต่อเช้าค่อยแวะไป,เดี๋ยวพรุ่งนี้ค่อยแวะไป,south,voice_38,voice_38,True
audio_data/south/voice_38/voice_38_aug_77.wav,2.965,16000,เดี๋ยวต่อเช้าค่อยแวะไป,เดี๋ยวพรุ่งนี้ค่อยแวะไป,south,voice_38,voice_38,True
audio_data/south/voice_38/voice_38_aug_78.wav,2.965,16000,เดี๋ยวต่อเช้าค่อยแวะไป,เดี๋ยวพรุ่งนี้ค่อยแวะไป,south,voice_38,voice_38,True
audio_data/south/voice_38/voice_38_aug_79.wav,2.965,16000,เดี๋ยวต่อเช้าค่อยแวะไป,เดี๋ยวพรุ่งนี้ค่อยแวะไป,south,voice_38,voice_38,True
audio_data/south/voice_38/voice_38_aug_8.wav,2.965,16000,เดี๋ยวต่อเช้าค่อยแวะไป,เดี๋ยวพรุ่งนี้ค่อยแวะไป,south,voice_38,voice_38,True
audio_data/south/voice_38/voice_38_aug_80.wav,2.965,16000,เดี๋ยวต่อเช้าค่อยแวะไป,เดี๋ยวพรุ่งนี้ค่อยแวะไป,south,voice_38,voice_38,True
audio_data/south/voice_38/voice_38_aug_81.wav,2.965,16000,เดี๋ยวต่อเช้าค่อยแวะไป,เดี๋ยวพรุ่งนี้ค่อยแวะไป,south,voice_38,voice_38,True
audio_data/south/voice_38/voice_38_aug_82.wav,2.965,16000,เดี๋ยวต่อเช้าค่อยแวะไป,เดี๋ยวพรุ่งนี้ค่อยแวะไป,south,voice_38,voice_38,True
audio_data/south/voice_38/voice_38_aug_83.wav,2.965,16000,เดี๋ยวต่อเช้าค่อยแวะไป,เดี๋ยวพรุ่งนี้ค่อยแวะไป,south,voice_38,voice_38,True
audio_data/south/voice_38/voice_38_aug_84.wav,2.965,16000,เดี๋ยวต่อเช้าค่อยแวะไป,เดี๋ยวพรุ่งนี้ค่อยแวะไป,south,voice_38,voice_38,True
audio_data/south/voice_38/voice_38_aug_85.wav,2.965,16000,เดี๋ยวต่อเช้าค่อยแวะไป,เดี๋ยวพรุ่งนี้ค่อยแวะไป,south,voice_38,voice_38,True
audio_data/south/voice_38/voice_38_aug_86.wav,2.965,16000,เดี๋ยวต่อเช้าค่อยแวะไป,เดี๋ยวพรุ่งนี้ค่อยแวะไป,south,voice_38,voice_38,True
audio_data/south/voice_38/voice_38_aug_87.wav,2.965,16000,เดี๋ยวต่อเช้าค่อยแวะไป,เดี๋ยวพรุ่งนี้ค่อยแวะไป,south,voice_38,voice_38,True
audio_data/south/voice_38/voice_38_aug_88.wav,2.965,16000,เดี๋ยวต่อเช้าค่อยแวะไป,เดี๋ยวพรุ่งนี้ค่อยแวะไป,south,voice_38,voice_38,True
audio_data/south/voice_38/voice_38_aug_89.wav,2.965,16000,เดี๋ยวต่อเช้าค่อยแวะไป,เดี๋ยวพรุ่งนี้ค่อยแวะไป,south,voice_38,voice_38,True
audio_data/south/voice_38/voice_38_aug_9.wav,2.965,16000,เดี๋ยวต่อเช้าค่อยแวะไป,เดี๋ยวพรุ่งนี้ค่อยแวะไป,south,voice_38,voice_38,True
audio_data/south/voice_38/voice_38_aug_90.wav,2.965,16000,เดี๋ยวต่อเช้าค่อยแวะไป,เดี๋ยวพรุ่งนี้ค่อยแวะไป,south,voice_38,voice_38,True
audio_data/south/voice_38/voice_38_aug_91.wav,2.965,16000,เดี๋ยวต่อเช้าค่อยแวะไป,เดี๋ยวพรุ่งนี้ค่อยแวะไป,south,voice_38,voice_38,True
audio_data/south/voice_38/voice_38_aug_92.wav,2.965,16000,เดี๋ยวต่อเช้าค่อยแวะไป,เดี๋ยวพรุ่งนี้ค่อยแวะไป,south,voice_38,voice_38,True
audio_data/south/voice_38/voice_38_aug_93.wav,2.965,16000,เดี๋ยวต่อเช้าค่อยแวะไป,เดี๋ยวพรุ่งนี้ค่อยแวะไป,south,voice_38,voice_38,True
audio_data/south/voice_38/voice_38_aug_94.wav,2.965,16000,เดี๋ยวต่อเช้าค่อยแวะไป,เดี๋ยวพรุ่งนี้ค่อยแวะไป,south,voice_38,voice_38,True
audio_data/south/voice_38/voice_38_aug_95.wav,2.965,16000,เดี๋ยวต่อเช้าค่อยแวะไป,เดี๋ยวพรุ่งนี้ค่อยแวะไป,south,voice_38,voice_38,True
audio_data/south/voice_38/voice_38_aug_96.wav,2.965,16000,เดี๋ยวต่อเช้าค่อยแวะไป,เดี๋ยวพรุ่งนี้ค่อยแวะไป,south,voice_38,voice_38,True
audio_data/south/voice_38/voice_38_aug_97.wav,2.965,16000,เดี๋ยวต่อเช้าค่อยแวะไป,เดี๋ยวพรุ่งนี้ค่อยแวะไป,south,voice_38,voice_38,True
audio_data/south/voice_38/voice_38_aug_98.wav,2.965,16000,เดี๋ยวต่อเช้าค่อยแวะไป,เดี๋ยวพรุ่งนี้ค่อยแวะไป,south,voice_38,voice_38,True
audio_data/south/voice_38/voice_38_aug_99.wav,2.965,16000,เดี๋ยวต่อเช้าค่อยแวะไป,เดี๋ยวพรุ่งนี้ค่อยแวะไป,south,voice_38,voice_38,True
audio_data/south/voice_39/voice_39_1.wav,1.899,16000,ร้อนคาด,ร้อนมากๆ,south,voice_39,voice_39_1,False
audio_data/south/voice_39/voice_39_aug_1.wav,1.899,16000,ร้อนคาด,ร้อนมากๆ,south,voice_39,voice_39,True
audio_data/south/voice_39/voice_39_aug_10.wav,1.899,16000,ร้อนคาด,ร้อนมากๆ,south,voice_39,voice_39,True
audio_data/south/voice_39/voice_39_aug_100.wav,1.899,16000,ร้อนคาด,ร้อนมากๆ,south,voice_39,voice_39,True
audio_data/south/voice_39/voice_39_aug_11.wav,1.899,16000,ร้อนคาด,ร้อนมากๆ,south,voice_39,voice_39,True
audio_data/south/voice_39/voice_39_aug_12.wav,1.899,16000,ร้อนคาด,ร้อนมากๆ,south,voice_39,voice_39,True
audio_data/south/voice_39/voice_39_aug_13.wav,1.899,16000,ร้อนคาด,ร้อนมากๆ,south,voice_39,voice_39,True
audio_data/south/voice_39/voice_39_aug_14.wav,1.899,16000,ร้อนคาด,ร้อนมากๆ,south,voice_39,voice_39,True
audio_data/south/voice_39/voice_39_aug_15.wav,1.899,16000,ร้อนคาด,ร้อนมากๆ,south,voice_39,voice_39,True
audio_data/south/voice_39/voice_39_aug_16.wav,1.899,16000,ร้อนคาด,ร้อนมากๆ,south,voice_39,voice_39,True
audio_data/south/voice_39/voice_39_aug_17.wav,1.899,16000,ร้อนคาด,ร้อนมากๆ,south,voice_39,voice_39,True
audio_data/south/voice_39/voice_39_aug_18.wav,1.899,16000,ร้อนคาด,ร้อนมากๆ,south,voice_39,voice_39,True
audio_data/south/voice_39/voice_39_aug_19.wav,1.899,16000,ร้อนคาด,ร้อนมากๆ,south,voice_39,voice_39,True
audio_data/south/voice_39/voice_39_aug_2.wav,1.899,16000,ร้อนคาด,ร้อนมากๆ,south,voice_39,voice_39,True
audio_data/south/voice_39/voice_39_aug_20.wav,1.899,16000,ร้อนคาด,ร้อนมากๆ,south,voice_39,voice_39,True
audio_data/south/voice_39/voice_39_aug_21.wav,1.899,16000,ร้อนคาด,ร้อนมากๆ,south,voice_39,voice_39,True
audio_data/south/voice_39/voice_39_aug_22.wav,1.899,16000,ร้อนคาด,ร้อนมากๆ,south,voice_39,voice_39,True
audio_data/south/voice_39/voice_39_aug_23.wav,1.899,16000,ร้อนคาด,ร้อนมากๆ,south,voice_39,voice_39,True
audio_data/south/voice_39/voice_39_aug_24.wav,1.899,16000,ร้อนคาด,ร้อนมากๆ,south,voice_39,voice_39,True
audio_data/south/voice_39/voice_39_aug_25.wav,1.899,16000,ร้อนคาด,ร้อนมากๆ,south,voice_39,voice_39,True
audio_data/south/voice_39/voice_39_aug_26.wav,1.899,16000,ร้อนคาด,ร้อนมากๆ,south,voice_39,voice_39,True
audio_data/south/voice_39/voice_39_aug_27.wav,1.899,16000,ร้อนคาด,ร้อนมากๆ,south,voice_39,voice_39,True
audio_data/south/voice_39/voice_39_aug_28.wav,1.899,16000,ร้อนคาด,ร้อนมากๆ,south,voice_39,voice_39,True
audio_data/south/voice_39/voice_39_aug_29.wav,1.899,16000,ร้อนคาด,ร้อนมากๆ,south,voice_39,voice_39,True
audio_data/south/voice_39/voice_39_aug_3.wav,1.899,16000,ร้อนคาด,ร้อนมากๆ,south,voice_39,voice_39,True
audio_data/south/voice_39/voice_39_aug_30.wav,1.899,16000,ร้อนคาด,ร้อนมากๆ,south,voice_39,voice_39,True
audio_data/south/voice_39/voice_39_aug_31.wav,1.899,16000,ร้อนคาด,ร้อนมากๆ,south,voice_39,voice_39,True
audio_data/south/voice_39/voice_39_aug_32.wav,1.899,16000,ร้อนคาด,ร้อนมากๆ,south,voice_39,voice_39,True
audio_data/south/voice_39/voice_39_aug_33.wav,1.899,16000,ร้อนคาด,ร้อนมากๆ,south,voice_39,voice_39,True
audio_data/south/voice_39/voice_39_aug_34.wav,1.899,16000,ร้อนคาด,ร้อนมากๆ,south,voice_39,voice_39,True
audio_data/south/voice_39/voice_39_aug_35.wav,1.899,16000,ร้อนคาด,ร้อนมากๆ,south,voice_39,voice_39,True
audio_data/south/voice_39/voice_39_aug_36.wav,1.899,16000,ร้อนคาด,ร้อนมากๆ,south,voice_39,voice_39,True
audio_data/south/voice_39/voice_39_aug_37.wav,1.899,16000,ร้อนคาด,ร้อนมากๆ,south,voice_39,voice_39,True
audio_data/south/voice_39/voice_39_aug_38.wav,1.899,16000,ร้อนคาด,ร้อนมากๆ,south,voice_39,voice_39,True
audio_data/south/voice_39/voice_39_aug_39.wav,1.899,16000,ร้อนคาด,ร้อนมากๆ,south,voice_39,voice_39,True
audio_data/south/voice_39/voice_39_aug_4.wav,1.899,16000,ร้อนคาด,ร้อนมากๆ,south,voice_39,voice_39,True
audio_data/south/voice_39/voice_39_aug_40.wav,1.899,16000,ร้อนคาด,ร้อนมากๆ,south,voice_39,voice_39,True
audio_data/south/voice_39/voice_39_aug_41.wav,1.899,16000,ร้อนคาด,ร้อนมากๆ,south,voice_39,voice_39,True
audio_data/south/voice_39/voice_39_aug_42.wav,1.899,16000,ร้อนคาด,ร้อนมากๆ,south,voice_39,voice_39,True
audio_data/south/voice_39/voice_39_aug_43.wav,1.899,16000,ร้อนคาด,ร้อนมากๆ,south,voice_39,voice_39,True
audio_data/south/voice_39/voice_39_aug_44.wav,1.899,16000,ร้อนคาด,ร้อนมากๆ,south,voice_39,voice_39,True
audio_data/south/voice_39/voice_39_aug_45.wav,1.899,16000,ร้อนคาด,ร้อนมากๆ,south,voice_39,voice_39,True
audio_data/south/voice_39/voice_39_aug_46.wav,1.899,16000,ร้อนคาด,ร้อนมากๆ,south,voice_39,voice_39,True
audio_data/south/voice_39/voice_39_aug_47.wav,1.899,16000,ร้อนคาด,ร้อนมากๆ,south,voice_39,voice_39,True
audio_data/south/voice_39/voice_39_aug_48.wav,1.899,16000,ร้อนคาด,ร้อนมากๆ,south,voice_39,voice_39,True
audio_data/south/voice_39/voice_39_aug_49.wav,1.899,16000,ร้อนคาด,ร้อนมากๆ,south,voice_39,voice_39,True
audio_data/south/voice_39/voice_39_aug_5.wav,1.899,16000,ร้อนคาด,ร้อนมากๆ,south,voice_39,voice_39,True
audio_data/south/voice_39/voice_39_aug_50.wav,1.899,16000,ร้อนคาด,ร้อนมากๆ,south,voice_39,voice_39,True
audio_data/south/voice_39/voice_39_aug_51.wav,1.899,16000,ร้อนคาด,ร้อนมากๆ,south,voice_39,voice_39,True
audio_data/south/voice_39/voice_39_aug_52.wav,1.899,16000,ร้อนคาด,ร้อนมากๆ,south,voice_39,voice_39,True
audio_data/south/voice_39/voice_39_aug_53.wav,1.899,16000,ร้อนคาด,ร้อนมากๆ,south,voice_39,voice_39,True
audio_data/south/voice_39/voice_39_aug_54.wav,1.899,16000,ร้อนคาด,ร้อนมากๆ,south,voice_39,voice_39,True
audio_data/south/voice_39/voice_39_aug_55.wav,1.899,16000,ร้อนคาด,ร้อนมากๆ,south,voice_39,voice_39,True
audio_data/south/voice_39/voice_39_aug_56.wav,1.899,16000,ร้อนคาด,ร้อนมากๆ,south,voice_39,voice_39,True
audio_data/south/voice_39/voice_39_aug_57.wav,1.899,16000,ร้อนคาด,ร้อนมากๆ,south,voice_39,voice_39,True
audio_data/south/voice_39/voice_39_aug_58.wav,1.899,16000,ร้อนคาด,ร้อนมากๆ,south,voice_39,voice_39,True
audio_data/south/voice_39/voice_39_aug_59.wav,1.899,16000,ร้อนคาด,ร้อนมากๆ,south,voice_39,voice_39,True
audio_data/south/voice_39/voice_39_aug_6.wav,1.899,16000,ร้อนคาด,ร้อนมากๆ,south,voice_39,voice_39,True
audio_data/south/voice_39/voice_39_aug_60.wav,1.899,16000,ร้อนคาด,ร้อนมากๆ,south,voice_39,voice_39,True
audio_data/south/voice_39/voice_39_aug_61.wav,1.899,16000,ร้อนคาด,ร้อนมากๆ,south,voice_39,voice_39,True
audio_data/south/voice_39/voice_39_aug_62.wav,1.899,16000,ร้อนคาด,ร้อนมากๆ,south,voice_39,voice_39,True
audio_data/south/voice_39/voice_39_aug_63.wav,1.899,16000,ร้อนคาด,ร้อนมากๆ,south,voice_39,voice_39,True
audio_data/south/voice_39/voice_39_aug_64.wav,1.899,16000,ร้อนคาด,ร้อนมากๆ,south,voice_39,voice_39,True
audio_data/south/voice_39/voice_39_aug_65.wav,1.899,16000,ร้อนคาด,ร้อนมากๆ,south,voice_39,voice_39,True
audio_data/south/voice_39/voice_39_aug_66.wav,1.899,16000,ร้อนคาด,ร้อนมากๆ,south,voice_39,voice_39,True
audio_data/south/voice_39/voice_39_aug_67.wav,1.899,16000,ร้อนคาด,ร้อนมากๆ,south,voice_39,voice_39,True
audio_data/south/voice_39/voice_39_aug_68.wav,1.899,16000,ร้อนคาด,ร้อนมากๆ,south,voice_39,voice_39,True
audio_data/south/voice_39/voice_39_aug_69.wav,1.899,16000,ร้อนคาด,ร้อนมากๆ,south,voice_39,voice_39,True
audio_data/south/voice_39/voice_39_aug_7.wav,1.899,16000,ร้อนคาด,ร้อนมากๆ,south,voice_39,voice_39,True
audio_data/south/voice_39/voice_39_aug_70.wav,1.899,16000,ร้อนคาด,ร้อนมากๆ,south,voice_39,voice_39,True
audio_data/south/voice_39/voice_39_aug_71.wav,1.899,16000,ร้อนคาด,ร้อนมากๆ,south,voice_39,voice_39,True
audio_data/south/voice_39/voice_39_aug_72.wav,1.899,16000,ร้อนคาด,ร้อนมากๆ,south,voice_39,voice_39,True
audio_data/south/voice_39/voice_39_aug_73.wav,1.899,16000,ร้อนคาด,ร้อนมากๆ,south,voice_39,voice_39,True
audio_data/south/voice_39/voice_39_aug_74.wav,1.899,16000,ร้อนคาด,ร้อนมากๆ,south,voice_39,voice_39,True
audio_data/south/voice_39/voice_39_aug_75.wav,1.899,16000,ร้อนคาด,ร้อนมากๆ,south,voice_39,voice_39,True
audio_data/south/voice_39/voice_39_aug_76.wav,1.899,16000,ร้อนคาด,ร้อนมากๆ,south,voice_39,voice_39,True
audio_data/south/voice_39/voice_39_aug_77.wav,1.899,16000,ร้อนคาด,ร้อนมากๆ,south,voice_39,voice_39,True
audio_data/south/voice_39/voice_39_aug_78.wav,1.899,16000,ร้อนคาด,ร้อนมากๆ,south,voice_39,voice_39,True
audio_data/south/voice_39/voice_39_aug_79.wav,1.899,16000,ร้อนคาด,ร้อนมากๆ,south,voice_39,voice_39,True
audio_data/south/voice_39/voice_39_aug_8.wav,1.899,16000,ร้อนคาด,ร้อนมากๆ,south,voice_39,voice_39,True
audio_data/south/voice_39/voice_39_aug_80.wav,1.899,16000,ร้อนคาด,ร้อนมากๆ,south,voice_39,voice_39,True
audio_data/south/voice_39/voice_39_aug_81.wav,1.899,16000,ร้อนคาด,ร้อนมากๆ,south,voice_39,voice_39,True
audio_data/south/voice_39/voice_39_aug_82.wav,1.899,16000,ร้อนคาด,ร้อนมากๆ,south,voice_39,voice_39,True
audio_data/south/voice_39/voice_39_aug_83.wav,1.899,16000,ร้อนคาด,ร้อนมากๆ,south,voice_39,voice_39,True
audio_data/south/voice_39/voice_39_aug_84.wav,1.899,16000,ร้อนคาด,ร้อนมากๆ,south,voice_39,voice_39,True
audio_data/south/voice_39/voice_39_aug_85.wav,1.899,16000,ร้อนคาด,ร้อนมากๆ,south,voice_39,voice_39,True
audio_data/south/voice_39/voice_39_aug_86.wav,1.899,16000,ร้อนคาด,ร้อนมากๆ,south,voice_39,voice_39,True
audio_data/south/voice_39/voice_39_aug_87.wav,1.899,16000,ร้อนคาด,ร้อนมากๆ,south,voice_39,voice_39,True
audio_data/south/voice_39/voice_39_aug_88.wav,1.899,16000,ร้อนคาด,ร้อนมากๆ,south,voice_39,voice_39,True
audio_data/south/voice_39/voice_39_aug_89.wav,1.899,16000,ร้อนคาด,ร้อนมากๆ,south,voice_39,voice_39,True
audio_data/south/voice_39/voice_39_aug_9.wav,1.899,16000,ร้อนคาด,ร้อนมากๆ,south,voice_39,voice_39,True
audio_data/south/voice_39/voice_39_aug_90.wav,1.899,16000,ร้อนคาด,ร้อนมากๆ,south,voice_39,voice_39,True
audio_data/south/voice_39/voice_39_aug_91.wav,1.899,16000,ร้อนคาด,ร้อนมากๆ,south,voice_39,voice_39,True
audio_data/south/voice_39/voice_39_aug_92.wav,1.899,16000,ร้อนคาด,ร้อนมากๆ,south,voice_39,voice_39,True
audio_data/south/voice_39/voice_39_aug_93.wav,1.899,16000,ร้อนคาด,ร้อนมากๆ,south,voice_39,voice_39,True
audio_data/south/voice_39/voice_39_aug_94.wav,1.899,16000,ร้อนคาด,ร้อนมากๆ,south,voice_39,voice_39,True
audio_data/south/voice_39/voice_39_aug_95.wav,1.899,16000,ร้อนคาด,ร้อนมากๆ,south,voice_39,voice_39,True
audio_data/south/voice_39/voice_39_aug_96.wav,1.899,16000,ร้อนคาด,ร้อนมากๆ,south,voice_39,voice_39,True
audio_data/south/voice_39/voice_39_aug_97.wav,1.899,16000,ร้อนคาด,ร้อนมากๆ,south,voice_39,voice_39,True
audio_data/south/voice_39/voice_39_aug_98.wav,1.899,16000,ร้อนคาด,ร้อนมากๆ,south,voice_39,voice_39,True
audio_data/south/voice_39/voice_39_aug_99.wav,1.899,16000,ร้อนคาด,ร้อนมากๆ,south,voice_39,voice_39,True
audio_data/south/voice_4/voice_4_1.wav,3.477,16000,สบายดีหม้าย,สบายดีไหม,south,voice_4,voice_4_1,False
audio_data/south/voice_4/voice_4_aug_1.wav,3.477,16000,สบายดีหม้าย,สบายดีไหม,south,voice_4,voice_4,True
audio_data/south/voice_4/voice_4_aug_10.wav,3.477,16000,สบายดีหม้าย,สบายดีไหม,south,voice_4,voice_4,True
audio_data/south/voice_4/voice_4_aug_100.wav,3.477,16000,สบายดีหม้าย,สบายดีไหม,south,voice_4,voice_4,True
audio_data/south/voice_4/voice_4_aug_11.wav,3.477,16000,สบายดีหม้าย,สบายดีไหม,south,voice_4,voice_4,True
audio_data/south/voice_4/voice_4_aug_12.wav,3.477,16000,สบายดีหม้าย,สบายดีไหม,south,voice_4,voice_4,True
audio_data/south/voice_4/voice_4_aug_13.wav,3.477,16000,สบายดีหม้าย,สบายดีไหม,south,voice_4,voice_4,True
audio_data/south/voice_4/voice_4_aug_14.wav,3.477,16000,สบายดีหม้าย,สบายดีไหม,south,voice_4,voice_4,True
audio_data/south/voice_4/voice_4_aug_15.wav,3.477,16000,สบายดีหม้าย,สบายดีไหม,south,voice_4,voice_4,True
audio_data/south/voice_4/voice_4_aug_16.wav,3.477,16000,สบายดีหม้าย,สบายดีไหม,south,voice_4,voice_4,True
audio_data/south/voice_4/voice_4_aug_17.wav,3.477,16000,สบายดีหม้าย,สบายดีไหม,south,voice_4,voice_4,True
audio_data/south/voice_4/voice_4_aug_18.wav,3.477,16000,สบายดีหม้าย,สบายดีไหม,south,voice_4,voice_4,True
audio_data/south/voice_4/voice_4_aug_19.wav,3.477,16000,สบายดีหม้าย,สบายดีไหม,south,voice_4,voice_4,True
audio_data/south/voice_4/voice_4_aug_2.wav,3.477,16000,สบายดีหม้าย,สบายดีไหม,south,voice_4,voice_4,True
audio_data/south/voice_4/voice_4_aug_20.wav,3.477,16000,สบายดีหม้าย,สบายดีไหม,south,voice_4,voice_4,True
audio_data/south/voice_4/voice_4_aug_21.wav,3.477,16000,สบายดีหม้าย,สบายดีไหม,south,voice_4,voice_4,True
audio_data/south/voice_4/voice_4_aug_22.wav,3.477,16000,สบายดีหม้าย,สบายดีไหม,south,voice_4,voice_4,True
audio_data/south/voice_4/voice_4_aug_23.wav,3.477,16000,สบายดีหม้าย,สบายดีไหม,south,voice_4,voice_4,True
audio_data/south/voice_4/voice_4_aug_24.wav,3.477,16000,สบายดีหม้าย,สบายดีไหม,south,voice_4,voice_4,True
audio_data/south/voice_4/voice_4_aug_25.wav,3.477,16000,สบายดีหม้าย,สบายดีไหม,south,voice_4,voice_4,True
audio_data/south/voice_4/voice_4_aug_26.wav,3.477,16000,สบายดีหม้าย,สบายดีไหม,south,voice_4,voice_4,True
audio_data/south/voice_4/voice_4_aug_27.wav,3.477,16000,สบายดีหม้าย,สบายดีไหม,south,voice_4,voice_4,True
audio_data/south/voice_4/voice_4_aug_28.wav,3.477,16000,สบายดีหม้าย,สบายดีไหม,south,voice_4,voice_4,True
audio_data/south/voice_4/voice_4_aug_29.wav,3.477,16000,สบายดีหม้าย,สบายดีไหม,south,voice_4,voice_4,True
audio_data/south/voice_4/voice_4_aug_3.wav,3.477,16000,สบายดีหม้าย,สบายดีไหม,south,voice_4,voice_4,True
audio_data/south/voice_4/voice_4_aug_30.wav,3.477,16000,สบายดีหม้าย,สบายดีไหม,south,voice_4,voice_4,True
audio_data/south/voice_4/voice_4_aug_31.wav,3.477,16000,สบายดีหม้าย,สบายดีไหม,south,voice_4,voice_4,True
audio_data/south/voice_4/voice_4_aug_32.wav,3.477,16000,สบายดีหม้าย,สบายดีไหม,south,voice_4,voice_4,True
audio_data/south/voice_4/voice_4_aug_33.wav,3.477,16000,สบายดีหม้าย,สบายดีไหม,south,voice_4,voice_4,True
audio_data/south/voice_4/voice_4_aug_34.wav,3.477,16000,สบายดีหม้าย,สบายดีไหม,south,voice_4,voice_4,True
audio_data/south/voice_4/voice_4_aug_35.wav,3.477,16000,สบายดีหม้าย,สบายดีไหม,south,voice_4,voice_4,True
audio_data/south/voice_4/voice_4_aug_36.wav,3.477,16000,สบายดีหม้าย,สบายดีไหม,south,voice_4,voice_4,True
audio_data/south/voice_4/voice_4_aug_37.wav,3.477,16000,สบายดีหม้าย,สบายดีไหม,south,voice_4,voice_4,True
audio_data/south/voice_4/voice_4_aug_38.wav,3.477,16000,สบายดีหม้าย,สบายดีไหม,south,voice_4,voice_4,True
audio_data/south/voice_4/voice_4_aug_39.wav,3.477,16000,สบายดีหม้าย,สบายดีไหม,south,voice_4,voice_4,True
audio_data/south/voice_4/voice_4_aug_4.wav,3.477,16000,สบายดีหม้าย,สบายดีไหม,south,voice_4,voice_4,True
audio_data/south/voice_4/voice_4_aug_40.wav,3.477,16000,สบายดีหม้าย,สบายดีไหม,south,voice_4,voice_4,True
audio_data/south/voice_4/voice_4_aug_41.wav,3.477,16000,สบายดีหม้าย,สบายดีไหม,south,voice_4,voice_4,True
audio_data/south/voice_4/voice_4_aug_42.wav,3.477,16000,สบายดีหม้าย,สบายดีไหม,south,voice_4,voice_4,True
audio_data/south/voice_4/voice_4_aug_43.wav,3.477,16000,สบายดีหม้าย,สบายดีไหม,south,voice_4,voice_4,True
audio_data/south/voice_4/voice_4_aug_44.wav,3.477,16000,สบายดีหม้าย,สบายดีไหม,south,voice_4,voice_4,True
audio_data/south/voice_4/voice_4_aug_45.wav,3.477,16000,สบายดีหม้าย,สบายดีไหม,south,voice_4,voice_4,True
audio_data/south/voice_4/voice_4_aug_46.wav,3.477,16000,สบายดีหม้าย,สบายดีไหม,south,voice_4,voice_4,True
audio_data/south/voice_4/voice_4_aug_47.wav,3.477,16000,สบายดีหม้าย,สบายดีไหม,south,voice_4,voice_4,True
audio_data/south/voice_4/voice_4_aug_48.wav,3.477,16000,สบายดีหม้าย,สบายดีไหม,south,voice_4,voice_4,True
audio_data/south/voice_4/voice_4_aug_49.wav,3.477,16000,สบายดีหม้าย,สบายดีไหม,south,voice_4,voice_4,True
audio_data/south/voice_4/voice_4_aug_5.wav,3.477,16000,สบายดีหม้าย,สบายดีไหม,south,voice_4,voice_4,True
audio_data/south/voice_4/voice_4_aug_50.wav,3.477,16000,สบายดีหม้าย,สบายดีไหม,south,voice_4,voice_4,True
audio_data/south/voice_4/voice_4_aug_51.wav,3.477,16000,สบายดีหม้าย,สบายดีไหม,south,voice_4,voice_4,True
audio_data/south/voice_4/voice_4_aug_52.wav,3.477,16000,สบายดีหม้าย,สบายดีไหม,south,voice_4,voice_4,True
audio_data/south/voice_4/voice_4_aug_53.wav,3.477,16000,สบายดีหม้าย,สบายดีไหม,south,voice_4,voice_4,True
audio_data/south/voice_4/voice_4_aug_54.wav,3.477,16000,สบายดีหม้าย,สบายดีไหม,south,voice_4,voice_4,True
audio_data/south/voice_4/voice_4_aug_55.wav,3.477,16000,สบายดีหม้าย,สบายดีไหม,south,voice_4,voice_4,True
audio_data/south/voice_4/voice_4_aug_56.wav,3.477,16000,สบายดีหม้าย,สบายดีไหม,south,voice_4,voice_4,True
audio_data/south/voice_4/voice_4_aug_57.wav,3.477,16000,สบายดีหม้าย,สบายดีไหม,south,voice_4,voice_4,True
audio_data/south/voice_4/voice_4_aug_58.wav,3.477,16000,สบายดีหม้าย,สบายดีไหม,south,voice_4,voice_4,True
audio_data/south/voice_4/voice_4_aug_59.wav,3.477,16000,สบายดีหม้าย,สบายดีไหม,south,voice_4,voice_4,True
audio_data/south/voice_4/voice_4_aug_6.wav,3.477,16000,สบายดีหม้าย,สบายดีไหม,south,voice_4,voice_4,True
audio_data/south/voice_4/voice_4_aug_60.wav,3.477,16000,สบายดีหม้าย,สบายดีไหม,south,voice_4,voice_4,True
audio_data/south/voice_4/voice_4_aug_61.wav,3.477,16000,สบายดีหม้าย,สบายดีไหม,south,voice_4,voice_4,True
audio_data/south/voice_4/voice_4_aug_62.wav,3.477,16000,สบายดีหม้าย,สบายดีไหม,south,voice_4,voice_4,True
audio_data/south/voice_4/voice_4_aug_63.wav,3.477,16000,สบายดีหม้าย,สบายดีไหม,south,voice_4,voice_4,True
audio_data/south/voice_4/voice_4_aug_64.wav,3.477,16000,สบายดีหม้าย,สบายดีไหม,south,voice_4,voice_4,True
audio_data/south/voice_4/voice_4_aug_65.wav,3.477,16000,สบายดีหม้าย,สบายดีไหม,south,voice_4,voice_4,True
audio_data/south/voice_4/voice_4_aug_66.wav,3.477,16000,สบายดีหม้าย,สบายดีไหม,south,voice_4,voice_4,True
audio_data/south/voice_4/voice_4_aug_67.wav,3.477,16000,สบายดีหม้าย,สบายดีไหม,south,voice_4,voice_4,True
audio_data/south/voice_4/voice_4_aug_68.wav,3.477,16000,สบายดีหม้าย,สบายดีไหม,south,voice_4,voice_4,True
audio_data/south/voice_4/voice_4_aug_69.wav,3.477,16000,สบายดีหม้าย,สบายดีไหม,south,voice_4,voice_4,True
audio_data/south/voice_4/voice_4_aug_7.wav,3.477,16000,สบายดีหม้าย,สบายดีไหม,south,voice_4,voice_4,True
audio_data/south/voice_4/voice_4_aug_70.wav,3.477,16000,สบายดีหม้าย,สบายดีไหม,south,voice_4,voice_4,True
audio_data/south/voice_4/voice_4_aug_71.wav,3.477,16000,สบายดีหม้าย,สบายดีไหม,south,voice_4,voice_4,True
audio_data/south/voice_4/voice_4_aug_72.wav,3.477,16000,สบายดีหม้าย,สบายดีไหม,south,voice_4,voice_4,True
audio_data/south/voice_4/voice_4_aug_73.wav,3.477,16000,สบายดีหม้าย,สบายดีไหม,south,voice_4,voice_4,True
audio_data/south/voice_4/voice_4_aug_74.wav,3.477,16000,สบายดีหม้าย,สบายดีไหม,south,voice_4,voice_4,True
audio_data/south/voice_4/voice_4_aug_75.wav,3.477,16000,สบายดีหม้าย,สบายดีไหม,south,voice_4,voice_4,True
audio_data/south/voice_4/voice_4_aug_76.wav,3.477,16000,สบายดีหม้าย,สบายดีไหม,south,voice_4,voice_4,True
audio_data/south/voice_4/voice_4_aug_77.wav,3.477,16000,สบายดีหม้าย,สบายดีไหม,south,voice_4,voice_4,True
audio_data/south/voice_4/voice_4_aug_78.wav,3.477,16000,สบายดีหม้าย,สบายดีไหม,south,voice_4,voice_4,True
audio_data/south/voice_4/voice_4_aug_79.wav,3.477,16000,สบายดีหม้าย,สบายดีไหม,south,voice_4,voice_4,True
audio_data/south/voice_4/voice_4_aug_8.wav,3.477,16000,สบายดีหม้าย,สบายดีไหม,south,voice_4,voice_4,True
audio_data/south/voice_4/voice_4_aug_80.wav,3.477,16000,สบายดีหม้าย,สบายดีไหม,south,voice_4,voice_4,True
audio_data/south/voice_4/voice_4_aug_81.wav,3.477,16000,สบายดีหม้าย,สบายดีไหม,south,voice_4,voice_4,True
audio_data/south/voice_4/voice_4_aug_82.wav,3.477,16000,สบายดีหม้าย,สบายดีไหม,south,voice_4,voice_4,True
audio_data/south/voice_4/voice_4_aug_83.wav,3.477,16000,สบายดีหม้าย,สบายดีไหม,south,voice_4,voice_4,True
audio_data/south/voice_4/voice_4_aug_84.wav,3.477,16000,สบายดีหม้าย,สบายดีไหม,south,voice_4,voice_4,True
audio_data/south/voice_4/voice_4_aug_85.wav,3.477,16000,สบายดีหม้าย,สบายดีไหม,south,voice_4,voice_4,True
audio_data/south/voice_4/voice_4_aug_86.wav,3.477,16000,สบายดีหม้าย,สบายดีไหม,south,voice_4,voice_4,True
audio_data/south/voice_4/voice_4_aug_87.wav,3.477,16000,สบายดีหม้าย,สบายดีไหม,south,voice_4,voice_4,True
audio_data/south/voice_4/voice_4_aug_88.wav,3.477,16000,สบายดีหม้าย,สบายดีไหม,south,voice_4,voice_4,True
audio_data/south/voice_4/voice_4_aug_89.wav,3.477,16000,สบายดีหม้าย,สบายดีไหม,south,voice_4,voice_4,True
audio_data/south/voice_4/voice_4_aug_9.wav,3.477,16000,สบายดีหม้าย,สบายดีไหม,south,voice_4,voice_4,True
audio_data/south/voice_4/voice_4_aug_90.wav,3.477,16000,สบายดีหม้าย,สบายดีไหม,south,voice_4,voice_4,True
audio_data/south/voice_4/voice_4_aug_91.wav,3.477,16000,สบายดีหม้าย,สบายดีไหม,south,voice_4,voice_4,True
audio_data/south/voice_4/voice_4_aug_92.wav,3.477,16000,สบายดีหม้าย,สบายดีไหม,south,voice_4,voice_4,True
audio_data/south/voice_4/voice_4_aug_93.wav,3.477,16000,สบายดีหม้าย,สบายดีไหม,south,voice_4,voice_4,True
audio_data/south/voice_4/voice_4_aug_94.wav,3.477,16000,สบายดีหม้าย,สบายดีไหม,south,voice_4,voice_4,True
audio_data/south/voice_4/voice_4_aug_95.wav,3.477,16000,สบายดีหม้าย,สบายดีไหม,south,voice_4,voice_4,True
audio_data/south/voice_4/voice_4_aug_96.wav,3.477,16000,สบายดีหม้าย,สบายดีไหม,south,voice_4,voice_4,True
audio_data/south/voice_4/voice_4_aug_97.wav,3.477,16000,สบายดีหม้าย,สบายดีไหม,south,voice_4,voice_4,True
audio_data/south/voice_4/voice_4_aug_98.wav,3.477,16000,สบายดีหม้าย,สบายดีไหม,south,voice_4,voice_4,True
audio_data/south/voice_4/voice_4_aug_99.wav,3.477,16000,สบายดีหม้าย,สบายดีไหม,south,voice_4,voice_4,True
audio_data/south/voice_40/voice_40_1.wav,1.6,16000,ฝนตกแล้วหลาว,ฝนตกอีกแล้ว,south,voice_40,voice_40_1,False
audio_data/south/voice_40/voice_40_aug_1.wav,1.6,16000,ฝนตกแล้วหลาว,ฝนตกอีกแล้ว,south,voice_40,voice_40,True
audio_data/south/voice_40/voice_40_aug_10.wav,1.6,16000,ฝนตกแล้วหลาว,ฝนตกอีกแล้ว,south,voice_40,voice_40,True
audio_data/south/voice_40/voice_40_aug_100.wav,1.6,16000,ฝนตกแล้วหลาว,ฝนตกอีกแล้ว,south,voice_40,voice_40,True
audio_data/south/voice_40/voice_40_aug_11.wav,1.6,16000,ฝนตกแล้วหลาว,ฝนตกอีกแล้ว,south,voice_40,voice_40,True
audio_data/south/voice_40/voice_40_aug_12.wav,1.6,16000,ฝนตกแล้วหลาว,ฝนตกอีกแล้ว,south,voice_40,voice_40,True
audio_data/south/voice_40/voice_40_aug_13.wav,1.6,16000,ฝนตกแล้วหลาว,ฝนตกอีกแล้ว,south,voice_40,voice_40,True
audio_data/south/voice_40/voice_40_aug_14.wav,1.6,16000,ฝนตกแล้วหลาว,ฝนตกอีกแล้ว,south,voice_40,voice_40,True
audio_data/south/voice_40/voice_40_aug_15.wav,1.6,16000,ฝนตกแล้วหลาว,ฝนตกอีกแล้ว,south,voice_40,voice_40,True
audio_data/south/voice_40/voice_40_aug_16.wav,1.6,16000,ฝนตกแล้วหลาว,ฝนตกอีกแล้ว,south,voice_40,voice_40,True
audio_data/south/voice_40/voice_40_aug_17.wav,1.6,16000,ฝนตกแล้วหลาว,ฝนตกอีกแล้ว,south,voice_40,voice_40,True
audio_data/south/voice_40/voice_40_aug_18.wav,1.6,16000,ฝนตกแล้วหลาว,ฝนตกอีกแล้ว,south,voice_40,voice_40,True
audio_data/south/voice_40/voice_40_aug_19.wav,1.6,16000,ฝนตกแล้วหลาว,ฝนตกอีกแล้ว,south,voice_40,voice_40,True
audio_data/south/voice_40/voice_40_aug_2.wav,1.6,16000,ฝนตกแล้วหลาว,ฝนตกอีกแล้ว,south,voice_40,voice_40,True
audio_data/south/voice_40/voice_40_aug_20.wav,1.6,16000,ฝนตกแล้วหลาว,ฝนตกอีกแล้ว,south,voice_40,voice_40,True
audio_data/south/voice_40/voice_40_aug_21.wav,1.6,16000,ฝนตกแล้วหลาว,ฝนตกอีกแล้ว,south,voice_40,voice_40,True
audio_data/south/voice_40/voice_40_aug_22.wav,1.6,16000,ฝนตกแล้วหลาว,ฝนตกอีกแล้ว,south,voice_40,voice_40,True
audio_data/south/voice_40/voice_40_aug_23.wav,1.6,16000,ฝนตกแล้วหลาว,ฝนตกอีกแล้ว,south,voice_40,voice_40,True
audio_data/south/voice_40/voice_40_aug_24.wav,1.6,16000,ฝนตกแล้วหลาว,ฝนตกอีกแล้ว,south,voice_40,voice_40,True
audio_data/south/voice_40/voice_40_aug_25.wav,1.6,16000,ฝนตกแล้วหลาว,ฝนตกอีกแล้ว,south,voice_40,voice_40,True
audio_data/south/voice_40/voice_40_aug_26.wav,1.6,16000,ฝนตกแล้วหลาว,ฝนตกอีกแล้ว,south,voice_40,voice_40,True
audio_data/south/voice_40/voice_40_aug_27.wav,1.6,16000,ฝนตกแล้วหลาว,ฝนตกอีกแล้ว,south,voice_40,voice_40,True
audio_data/south/voice_40/voice_40_aug_28.wav,1.6,16000,ฝนตกแล้วหลาว,ฝนตกอีกแล้ว,south,voice_40,voice_40,True
audio_data/south/voice_40/voice_40_aug_29.wav,1.6,16000,ฝนตกแล้วหลาว,ฝนตกอีกแล้ว,south,voice_40,voice_40,True
audio_data/south/voice_40/voice_40_aug_3.wav,1.6,16000,ฝนตกแล้วหลาว,ฝนตกอีกแล้ว,south,voice_40,voice_40,True
audio_data/south/voice_40/voice_40_aug_30.wav,1.6,16000,ฝนตกแล้วหลาว,ฝนตกอีกแล้ว,south,voice_40,voice_40,True
audio_data/south/voice_40/voice_40_aug_31.wav,1.6,16000,ฝนตกแล้วหลาว,ฝนตกอีกแล้ว,south,voice_40,voice_40,True
audio_data/south/voice_40/voice_40_aug_32.wav,1.6,16000,ฝนตกแล้วหลาว,ฝนตกอีกแล้ว,south,voice_40,voice_40,True
audio_data/south/voice_40/voice_40_aug_33.wav,1.6,16000,ฝนตกแล้วหลาว,ฝนตกอีกแล้ว,south,voice_40,voice_40,True
audio_data/south/voice_40/voice_40_aug_34.wav,1.6,16000,ฝนตกแล้วหลาว,ฝนตกอีกแล้ว,south,voice_40,voice_40,True
audio_data/south/voice_40/voice_40_aug_35.wav,1.6,16000,ฝนตกแล้วหลาว,ฝนตกอีกแล้ว,south,voice_40,voice_40,True
audio_data/south/voice_40/voice_40_aug_36.wav,1.6,16000,ฝนตกแล้วหลาว,ฝนตกอีกแล้ว,south,voice_40,voice_40,True
audio_data/south/voice_40/voice_40_aug_37.wav,1.6,16000,ฝนตกแล้วหลาว,ฝนตกอีกแล้ว,south,voice_40,voice_40,True
audio_data/south/voice_40/voice_40_aug_38.wav,1.6,16000,ฝนตกแล้วหลาว,ฝนตกอีกแล้ว,south,voice_40,voice_40,True
audio_data/south/voice_40/voice_40_aug_39.wav,1.6,16000,ฝนตกแล้วหลาว,ฝนตกอีกแล้ว,south,voice_40,voice_40,True
audio_data/south/voice_40/voice_40_aug_4.wav,1.6,16000,ฝนตกแล้วหลาว,ฝนตกอีกแล้ว,south,voice_40,voice_40,True
audio_data/south/voice_40/voice_40_aug_40.wav,1.6,16000,ฝนตกแล้วหลาว,ฝนตกอีกแล้ว,south,voice_40,voice_40,True
audio_data/south/voice_40/voice_40_aug_41.wav,1.6,16000,ฝนตกแล้วหลาว,ฝนตกอีกแล้ว,south,voice_40,voice_40,True
audio_data/south/voice_40/voice_40_aug_42.wav,1.6,16000,ฝนตกแล้วหลาว,ฝนตกอีกแล้ว,south,voice_40,voice_40,True
audio_data/south/voice_40/voice_40_aug_43.wav,1.6,16000,ฝนตกแล้วหลาว,ฝนตกอีกแล้ว,south,voice_40,voice_40,True
audio_data/south/voice_40/voice_40_aug_44.wav,1.6,16000,ฝนตกแล้วหลาว,ฝนตกอีกแล้ว,south,voice_40,voice_40,True
audio_data/south/voice_40/voice_40_aug_45.wav,1.6,16000,ฝนตกแล้วหลาว,ฝนตกอีกแล้ว,south,voice_40,voice_40,True
audio_data/south/voice_40/voice_40_aug_46.wav,1.6,16000,ฝนตกแล้วหลาว,ฝนตกอีกแล้ว,south,voice_40,voice_40,True
audio_data/south/voice_40/voice_40_aug_47.wav,1.6,16000,ฝนตกแล้วหลาว,ฝนตกอีกแล้ว,south,voice_40,voice_40,True
audio_data/south/voice_40/voice_40_aug_48.wav,1.6,16000,ฝนตกแล้วหลาว,ฝนตกอีกแล้ว,south,voice_40,voice_40,True
audio_data/south/voice_40/voice_40_aug_49.wav,1.6,16000,ฝนตกแล้วหลาว,ฝนตกอีกแล้ว,south,voice_40,voice_40,True
audio_data/south/voice_40/voice_40_aug_5.wav,1.6,16000,ฝนตกแล้วหลาว,ฝนตกอีกแล้ว,south,voice_40,voice_40,True
audio_data/south/voice_40/voice_40_aug_50.wav,1.6,16000,ฝนตกแล้วหลาว,ฝนตกอีกแล้ว,south,voice_40,voice_40,True
audio_data/south/voice_40/voice_40_aug_51.wav,1.6,16000,ฝนตกแล้วหลาว,ฝนตกอีกแล้ว,south,voice_40,voice_40,True
audio_data/south/voice_40/voice_40_aug_52.wav,1.6,16000,ฝนตกแล้วหลาว,ฝนตกอีกแล้ว,south,voice_40,voice_40,True
audio_data/south/voice_40/voice_40_aug_53.wav,1.6,16000,ฝนตกแล้วหลาว,ฝนตกอีกแล้ว,south,voice_40,voice_40,True
audio_data/south/voice_40/voice_40_aug_54.wav,1.6,16000,ฝนตกแล้วหลาว,ฝนตกอีกแล้ว,south,voice_40,voice_40,True
audio_data/south/voice_40/voice_40_aug_55.wav,1.6,16000,ฝนตกแล้วหลาว,ฝนตกอีกแล้ว,south,voice_40,voice_40,True
audio_data/south/voice_40/voice_40_aug_56.wav,1.6,16000,ฝนตกแล้วหลาว,ฝนตกอีกแล้ว,south,voice_40,voice_40,True
audio_data/south/voice_40/voice_40_aug_57.wav,1.6,16000,ฝนตกแล้วหลาว,ฝนตกอีกแล้ว,south,voice_40,voice_40,True
audio_data/south/voice_40/voice_40_aug_58.wav,1.6,16000,ฝนตกแล้วหลาว,ฝนตกอีกแล้ว,south,voice_40,voice_40,True
audio_data/south/voice_40/voice_40_aug_59.wav,1.6,16000,ฝนตกแล้วหลาว,ฝนตกอีกแล้ว,south,voice_40,voice_40,True
audio_data/south/voice_40/voice_40_aug_6.wav,1.6,16000,ฝนตกแล้วหลาว,ฝนตกอีกแล้ว,south,voice_40,voice_40,True
audio_data/south/voice_40/voice_40_aug_60.wav,1.6,16000,ฝนตกแล้วหลาว,ฝนตกอีกแล้ว,south,voice_40,voice_40,True
audio_data/south/voice_40/voice_40_aug_61.wav,1.6,16000,ฝนตกแล้วหลาว,ฝนตกอีกแล้ว,south,voice_40,voice_40,True
audio_data/south/voice_40/voice_40_aug_62.wav,1.6,16000,ฝนตกแล้วหลาว,ฝนตกอีกแล้ว,south,voice_40,voice_40,True
audio_data/south/voice_40/voice_40_aug_63.wav,1.6,16000,ฝนตกแล้วหลาว,ฝนตกอีกแล้ว,south,voice_40,voice_40,True
audio_data/south/voice_40/voice_40_aug_64.wav,1.6,16000,ฝนตกแล้วหลาว,ฝนตกอีกแล้ว,south,voice_40,voice_40,True
audio_data/south/voice_40/voice_40_aug_65.wav,1.6,16000,ฝนตกแล้วหลาว,ฝนตกอีกแล้ว,south,voice_40,voice_40,True
audio_data/south/voice_40/voice_40_aug_66.wav,1.6,16000,ฝนตกแล้วหลาว,ฝนตกอีกแล้ว,south,voice_40,voice_40,True
audio_data/south/voice_40/voice_40_aug_67.wav,1.6,16000,ฝนตกแล้วหลาว,ฝนตกอีกแล้ว,south,voice_40,voice_40,True
audio_data/south/voice_40/voice_40_aug_68.wav,1.6,16000,ฝนตกแล้วหลาว,ฝนตกอีกแล้ว,south,voice_40,voice_40,True
audio_data/south/voice_40/voice_40_aug_69.wav,1.6,16000,ฝนตกแล้วหลาว,ฝนตกอีกแล้ว,south,voice_40,voice_40,True
audio_data/south/voice_40/voice_40_aug_7.wav,1.6,16000,ฝนตกแล้วหลาว,ฝนตกอีกแล้ว,south,voice_40,voice_40,True
audio_data/south/voice_40/voice_40_aug_70.wav,1.6,16000,ฝนตกแล้วหลาว,ฝนตกอีกแล้ว,south,voice_40,voice_40,True
audio_data/south/voice_40/voice_40_aug_71.wav,1.6,16000,ฝนตกแล้วหลาว,ฝนตกอีกแล้ว,south,voice_40,voice_40,True
audio_data/south/voice_40/voice_40_aug_72.wav,1.6,16000,ฝนตกแล้วหลาว,ฝนตกอีกแล้ว,south,voice_40,voice_40,True
audio_data/south/voice_40/voice_40_aug_73.wav,1.6,16000,ฝนตกแล้วหลาว,ฝนตกอีกแล้ว,south,voice_40,voice_40,True
audio_data/south/voice_40/voice_40_aug_74.wav,1.6,16000,ฝนตกแล้วหลาว,ฝนตกอีกแล้ว,south,voice_40,voice_40,True
audio_data/south/voice_40/voice_40_aug_75.wav,1.6,16000,ฝนตกแล้วหลาว,ฝนตกอีกแล้ว,south,voice_40,voice_40,True
audio_data/south/voice_40/voice_40_aug_76.wav,1.6,16000,ฝนตกแล้วหลาว,ฝนตกอีกแล้ว,south,voice_40,voice_40,True
audio_data/south/voice_40/voice_40_aug_77.wav,1.6,16000,ฝนตกแล้วหลาว,ฝนตกอีกแล้ว,south,voice_40,voice_40,True
audio_data/south/voice_40/voice_40_aug_78.wav,1.6,16000,ฝนตกแล้วหลาว,ฝนตกอีกแล้ว,south,voice_40,voice_40,True
audio_data/south/voice_40/voice_40_aug_79.wav,1.6,16000,ฝนตกแล้วหลาว,ฝนตกอีกแล้ว,south,voice_40,voice_40,True
audio_data/south/voice_40/voice_40_aug_8.wav,1.6,16000,ฝนตกแล้วหลาว,ฝนตกอีกแล้ว,south,voice_40,voice_40,True
audio_data/south/voice_40/voice_40_aug_80.wav,1.6,16000,ฝนตกแล้วหลาว,ฝนตกอีกแล้ว,south,voice_40,voice_40,True
audio_data/south/voice_40/voice_40_aug_81.wav,1.6,16000,ฝนตกแล้วหลาว,ฝนตกอีกแล้ว,south,voice_40,voice_40,True
audio_data/south/voice_40/voice_40_aug_82.wav,1.6,16000,ฝนตกแล้วหลาว,ฝนตกอีกแล้ว,south,voice_40,voice_40,True
audio_data/south/voice_40/voice_40_aug_83.wav,1.6,16000,ฝนตกแล้วหลาว,ฝนตกอีกแล้ว,south,voice_40,voice_40,True
audio_data/south/voice_40/voice_40_aug_84.wav,1.6,16000,ฝนตกแล้วหลาว,ฝนตกอีกแล้ว,south,voice_40,voice_40,True
audio_data/south/voice_40/voice_40_aug_85.wav,1.6,16000,ฝนตกแล้วหลาว,ฝนตกอีกแล้ว,south,voice_40,voice_40,True
audio_data/south/voice_40/voice_40_aug_86.wav,1.6,16000,ฝนตกแล้วหลาว,ฝนตกอีกแล้ว,south,voice_40,voice_40,True
audio_data/south/voice_40/voice_40_aug_87.wav,1.6,16000,ฝนตกแล้วหลาว,ฝนตกอีกแล้ว,south,voice_40,voice_40,True
audio_data/south/voice_40/voice_40_aug_88.wav,1.6,16000,ฝนตกแล้วหลาว,ฝนตกอีกแล้ว,south,voice_40,voice_40,True
audio_data/south/voice_40/voice_40_aug_89.wav,1.6,16000,ฝนตกแล้วหลาว,ฝนตกอีกแล้ว,south,voice_40,voice_40,True
audio_data/south/voice_40/voice_40_aug_9.wav,1.6,16000,ฝนตกแล้วหลาว,ฝนตกอีกแล้ว,south,voice_40,voice_40,True
audio_data/south/voice_40/voice_40_aug_90.wav,1.6,16000,ฝนตกแล้วหลาว,ฝนตกอีกแล้ว,south,voice_40,voice_40,True
audio_data/south/voice_40/voice_40_aug_91.wav,1.6,16000,ฝนตกแล้วหลาว,ฝนตกอีกแล้ว,south,voice_40,voice_40,True
audio_data/south/voice_40/voice_40_aug_92.wav,1.6,16000,ฝนตกแล้วหลาว,ฝนตกอีกแล้ว,south,voice_40,voice_40,True
audio_data/south/voice_40/voice_40_aug_93.wav,1.6,16000,ฝนตกแล้วหลาว,ฝนตกอีกแล้ว,south,voice_40,voice_40,True
audio_data/south/voice_40/voice_40_aug_94.wav,1.6,16000,ฝนตกแล้วหลาว,ฝนตกอีกแล้ว,south,voice_40,voice_40,True
audio_data/south/voice_40/voice_40_aug_95.wav,1.6,16000,ฝนตกแล้วหลาว,ฝนตกอีกแล้ว,south,voice_40,voice_40,True
audio_data/south/voice_40/voice_40_aug_96.wav,1.6,16000,ฝนตกแล้วหลาว,ฝนตกอีกแล้ว,south,voice_40,voice_40,True
audio_data/south/voice_40/voice_40_aug_97.wav,1.6,16000,ฝนตกแล้วหลาว,ฝนตกอีกแล้ว,south,voice_40,voice_40,True
audio_data/south/voice_40/voice_40_aug_98.wav,1.6,16000,ฝนตกแล้วหลาว,ฝนตกอีกแล้ว,south,voice_40,voice_40,True
audio_data/south/voice_40/voice_40_aug_99.wav,1.6,16000,ฝนตกแล้วหลาว,ฝนตกอีกแล้ว,south,voice_40,voice_40,True
audio_data/south/voice_41/voice_41_1.wav,2.197,16000,ป่วยหม้ายหลาว,ไม่สบายหรือเปล่า,south,voice_41,voice_41_1,False
audio_data/south/voice_41/voice_41_aug_1.wav,2.197,16000,ป่วยหม้ายหลาว,ไม่สบายหรือเปล่า,south,voice_41,voice_41,True
audio_data/south/voice_41/voice_41_aug_10.wav,2.197,16000,ป่วยหม้ายหลาว,ไม่สบายหรือเปล่า,south,voice_41,voice_41,True
audio_data/south/voice_41/voice_41_aug_100.wav,2.197,16000,ป่วยหม้ายหลาว,ไม่สบายหรือเปล่า,south,voice_41,voice_41,True
audio_data/south/voice_41/voice_41_aug_11.wav,2.197,16000,ป่วยหม้ายหลาว,ไม่สบายหรือเปล่า,south,voice_41,voice_41,True
audio_data/south/voice_41/voice_41_aug_12.wav,2.197,16000,ป่วยหม้ายหลาว,ไม่สบายหรือเปล่า,south,voice_41,voice_41,True
audio_data/south/voice_41/voice_41_aug_13.wav,2.197,16000,ป่วยหม้ายหลาว,ไม่สบายหรือเปล่า,south,voice_41,voice_41,True
audio_data/south/voice_41/voice_41_aug_14.wav,2.197,16000,ป่วยหม้ายหลาว,ไม่สบายหรือเปล่า,south,voice_41,voice_41,True
audio_data/south/voice_41/voice_41_aug_15.wav,2.197,16000,ป่วยหม้ายหลาว,ไม่สบายหรือเปล่า,south,voice_41,voice_41,True
audio_data/south/voice_41/voice_41_aug_16.wav,2.197,16000,ป่วยหม้ายหลาว,ไม่สบายหรือเปล่า,south,voice_41,voice_41,True
audio_data/south/voice_41/voice_41_aug_17.wav,2.197,16000,ป่วยหม้ายหลาว,ไม่สบายหรือเปล่า,south,voice_41,voice_41,True
audio_data/south/voice_41/voice_41_aug_18.wav,2.197,16000,ป่วยหม้ายหลาว,ไม่สบายหรือเปล่า,south,voice_41,voice_41,True
audio_data/south/voice_41/voice_41_aug_19.wav,2.197,16000,ป่วยหม้ายหลาว,ไม่สบายหรือเปล่า,south,voice_41,voice_41,True
audio_data/south/voice_41/voice_41_aug_2.wav,2.197,16000,ป่วยหม้ายหลาว,ไม่สบายหรือเปล่า,south,voice_41,voice_41,True
audio_data/south/voice_41/voice_41_aug_20.wav,2.197,16000,ป่วยหม้ายหลาว,ไม่สบายหรือเปล่า,south,voice_41,voice_41,True
audio_data/south/voice_41/voice_41_aug_21.wav,2.197,16000,ป่วยหม้ายหลาว,ไม่สบายหรือเปล่า,south,voice_41,voice_41,True
audio_data/south/voice_41/voice_41_aug_22.wav,2.197,16000,ป่วยหม้ายหลาว,ไม่สบายหรือเปล่า,south,voice_41,voice_41,True
audio_data/south/voice_41/voice_41_aug_23.wav,2.197,16000,ป่วยหม้ายหลาว,ไม่สบายหรือเปล่า,south,voice_41,voice_41,True
audio_data/south/voice_41/voice_41_aug_24.wav,2.197,16000,ป่วยหม้ายหลาว,ไม่สบายหรือเปล่า,south,voice_41,voice_41,True
audio_data/south/voice_41/voice_41_aug_25.wav,2.197,16000,ป่วยหม้ายหลาว,ไม่สบายหรือเปล่า,south,voice_41,voice_41,True
audio_data/south/voice_41/voice_41_aug_26.wav,2.197,16000,ป่วยหม้ายหลาว,ไม่สบายหรือเปล่า,south,voice_41,voice_41,True
audio_data/south/voice_41/voice_41_aug_27.wav,2.197,16000,ป่วยหม้ายหลาว,ไม่สบายหรือเปล่า,south,voice_41,voice_41,True
audio_data/south/voice_41/voice_41_aug_28.wav,2.197,16000,ป่วยหม้ายหลาว,ไม่สบายหรือเปล่า,south,voice_41,voice_41,True
audio_data/south/voice_41/voice_41_aug_29.wav,2.197,16000,ป่วยหม้ายหลาว,ไม่สบายหรือเปล่า,south,voice_41,voice_41,True
audio_data/south/voice_41/voice_41_aug_3.wav,2.197,16000,ป่วยหม้ายหลาว,ไม่สบายหรือเปล่า,south,voice_41,voice_41,True
audio_data/south/voice_41/voice_41_aug_30.wav,2.197,16000,ป่วยหม้ายหลาว,ไม่สบายหรือเปล่า,south,voice_41,voice_41,True
audio_data/south/voice_41/voice_41_aug_31.wav,2.197,16000,ป่วยหม้ายหลาว,ไม่สบายหรือเปล่า,south,voice_41,voice_41,True
audio_data/south/voice_41/voice_41_aug_32.wav,2.197,16000,ป่วยหม้ายหลาว,ไม่สบายหรือเปล่า,south,voice_41,voice_41,True
audio_data/south/voice_41/voice_41_aug_33.wav,2.197,16000,ป่วยหม้ายหลาว,ไม่สบายหรือเปล่า,south,voice_41,voice_41,True
audio_data/south/voice_41/voice_41_aug_34.wav,2.197,16000,ป่วยหม้ายหลาว,ไม่สบายหรือเปล่า,south,voice_41,voice_41,True
audio_data/south/voice_41/voice_41_aug_35.wav,2.197,16000,ป่วยหม้ายหลาว,ไม่สบายหรือเปล่า,south,voice_41,voice_41,True
audio_data/south/voice_41/voice_41_aug_36.wav,2.197,16000,ป่วยหม้ายหลาว,ไม่สบายหรือเปล่า,south,voice_41,voice_41,True
audio_data/south/voice_41/voice_41_aug_37.wav,2.197,16000,ป่วยหม้ายหลาว,ไม่สบายหรือเปล่า,south,voice_41,voice_41,True
audio_data/south/voice_41/voice_41_aug_38.wav,2.197,16000,ป่วยหม้ายหลาว,ไม่สบายหรือเปล่า,south,voice_41,voice_41,True
audio_data/south/voice_41/voice_41_aug_39.wav,2.197,16000,ป่วยหม้ายหลาว,ไม่สบายหรือเปล่า,south,voice_41,voice_41,True
audio_data/south/voice_41/voice_41_aug_4.wav,2.197,16000,ป่วยหม้ายหลาว,ไม่สบายหรือเปล่า,south,voice_41,voice_41,True
audio_data/south/voice_41/voice_41_aug_40.wav,2.197,16000,ป่วยหม้ายหลาว,ไม่สบายหรือเปล่า,south,voice_41,voice_41,True
audio_data/south/voice_41/voice_41_aug_41.wav,2.197,16000,ป่วยหม้ายหลาว,ไม่สบายหรือเปล่า,south,voice_41,voice_41,True
audio_data/south/voice_41/voice_41_aug_42.wav,2.197,16000,ป่วยหม้ายหลาว,ไม่สบายหรือเปล่า,south,voice_41,voice_41,True
audio_data/south/voice_41/voice_41_aug_43.wav,2.197,16000,ป่วยหม้ายหลาว,ไม่สบายหรือเปล่า,south,voice_41,voice_41,True
audio_data/south/voice_41/voice_41_aug_44.wav,2.197,16000,ป่วยหม้ายหลาว,ไม่สบายหรือเปล่า,south,voice_41,voice_41,True
audio_data/south/voice_41/voice_41_aug_45.wav,2.197,16000,ป่วยหม้ายหลาว,ไม่สบายหรือเปล่า,south,voice_41,voice_41,True
audio_data/south/voice_41/voice_41_aug_46.wav,2.197,16000,ป่วยหม้ายหลาว,ไม่สบายหรือเปล่า,south,voice_41,voice_41,True
audio_data/south/voice_41/voice_41_aug_47.wav,2.197,16000,ป่วยหม้ายหลาว,ไม่สบายหรือเปล่า,south,voice_41,voice_41,True
audio_data/south/voice_41/voice_41_aug_48.wav,2.197,16000,ป่วยหม้ายหลาว,ไม่สบายหรือเปล่า,south,voice_41,voice_41,True
audio_data/south/voice_41/voice_41_aug_49.wav,2.197,16000,ป่วยหม้ายหลาว,ไม่สบายหรือเปล่า,south,voice_41,voice_41,True
audio_data/south/voice_41/voice_41_aug_5.wav,2.197,16000,ป่วยหม้ายหลาว,ไม่สบายหรือเปล่า,south,voice_41,voice_41,True
audio_data/south/voice_41/voice_41_aug_50.wav,2.197,16000,ป่วยหม้ายหลาว,ไม่สบายหรือเปล่า,south,voice_41,voice_41,True
audio_data/south/voice_41/voice_41_aug_51.wav,2.197,16000,ป่วยหม้ายหลาว,ไม่สบายหรือเปล่า,south,voice_41,voice_41,True
audio_data/south/voice_41/voice_41_aug_52.wav,2.197,16000,ป่วยหม้ายหลาว,ไม่สบายหรือเปล่า,south,voice_41,voice_41,True
audio_data/south/voice_41/voice_41_aug_53.wav,2.197,16000,ป่วยหม้ายหลาว,ไม่สบายหรือเปล่า,south,voice_41,voice_41,True
audio_data/south/voice_41/voice_41_aug_54.wav,2.197,16000,ป่วยหม้ายหลาว,ไม่สบายหรือเปล่า,south,voice_41,voice_41,True
audio_data/south/voice_41/voice_41_aug_55.wav,2.197,16000,ป่วยหม้ายหลาว,ไม่สบายหรือเปล่า,south,voice_41,voice_41,True
audio_data/south/voice_41/voice_41_aug_56.wav,2.197,16000,ป่วยหม้ายหลาว,ไม่สบายหรือเปล่า,south,voice_41,voice_41,True
audio_data/south/voice_41/voice_41_aug_57.wav,2.197,16000,ป่วยหม้ายหลาว,ไม่สบายหรือเปล่า,south,voice_41,voice_41,True
audio_data/south/voice_41/voice_41_aug_58.wav,2.197,16000,ป่วยหม้ายหลาว,ไม่สบายหรือเปล่า,south,voice_41,voice_41,True
audio_data/south/voice_41/voice_41_aug_59.wav,2.197,16000,ป่วยหม้ายหลาว,ไม่สบายหรือเปล่า,south,voice_41,voice_41,True
audio_data/south/voice_41/voice_41_aug_6.wav,2.197,16000,ป่วยหม้ายหลาว,ไม่สบายหรือเปล่า,south,voice_41,voice_41,True
audio_data/south/voice_41/voice_41_aug_60.wav,2.197,16000,ป่วยหม้ายหลาว,ไม่สบายหรือเปล่า,south,voice_41,voice_41,True
audio_data/south/voice_41/voice_41_aug_61.wav,2.197,16000,ป่วยหม้ายหลาว,ไม่สบายหรือเปล่า,south,voice_41,voice_41,True
audio_data/south/voice_41/voice_41_aug_62.wav,2.197,16000,ป่วยหม้ายหลาว,ไม่สบายหรือเปล่า,south,voice_41,voice_41,True
audio_data/south/voice_41/voice_41_aug_63.wav,2.197,16000,ป่วยหม้ายหลาว,ไม่สบายหรือเปล่า,south,voice_41,voice_41,True
audio_data/south/voice_41/voice_41_aug_64.wav,2.197,16000,ป่วยหม้ายหลาว,ไม่สบายหรือเปล่า,south,voice_41,voice_41,True
audio_data/south/voice_41/voice_41_aug_65.wav,2.197,16000,ป่วยหม้ายหลาว,ไม่สบายหรือเปล่า,south,voice_41,voice_41,True
audio_data/south/voice_41/voice_41_aug_66.wav,2.197,16000,ป่วยหม้ายหลาว,ไม่สบายหรือเปล่า,south,voice_41,voice_41,True
audio_data/south/voice_41/voice_41_aug_67.wav,2.197,16000,ป่วยหม้ายหลาว,ไม่สบายหรือเปล่า,south,voice_41,voice_41,True
audio_data/south/voice_41/voice_41_aug_68.wav,2.197,16000,ป่วยหม้ายหลาว,ไม่สบายหรือเปล่า,south,voice_41,voice_41,True
audio_data/south/voice_41/voice_41_aug_69.wav,2.197,16000,ป่วยหม้ายหลาว,ไม่สบายหรือเปล่า,south,voice_41,voice_41,True
audio_data/south/voice_41/voice_41_aug_7.wav,2.197,16000,ป่วยหม้ายหลาว,ไม่สบายหรือเปล่า,south,voice_41,voice_41,True
audio_data/south/voice_41/voice_41_aug_70.wav,2.197,16000,ป่วยหม้ายหลาว,ไม่สบายหรือเปล่า,south,voice_41,voice_41,True
audio_data/south/voice_41/voice_41_aug_71.wav,2.197,16000,ป่วยหม้ายหลาว,ไม่สบายหรือเปล่า,south,voice_41,voice_41,True
audio_data/south/voice_41/voice_41_aug_72.wav,2.197,16000,ป่วยหม้ายหลาว,ไม่สบายหรือเปล่า,south,voice_41,voice_41,True
audio_data/south/voice_41/voice_41_aug_73.wav,2.197,16000,ป่วยหม้ายหลาว,ไม่สบายหรือเปล่า,south,voice_41,voice_41,True
audio_data/south/voice_41/voice_41_aug_74.wav,2.197,16000,ป่วยหม้ายหลาว,ไม่สบายหรือเปล่า,south,voice_41,voice_41,True
audio_data/south/voice_41/voice_41_aug_75.wav,2.197,16000,ป่วยหม้ายหลาว,ไม่สบายหรือเปล่า,south,voice_41,voice_41,True
audio_data/south/voice_41/voice_41_aug_76.wav,2.197,16000,ป่วยหม้ายหลาว,ไม่สบายหรือเปล่า,south,voice_41,voice_41,True
audio_data/south/voice_41/voice_41_aug_77.wav,2.197,16000,ป่วยหม้ายหลาว,ไม่สบายหรือเปล่า,south,voice_41,voice_41,True
audio_data/south/voice_41/voice_41_aug_78.wav,2.197,16000,ป่วยหม้ายหลาว,ไม่สบายหรือเปล่า,south,voice_41,voice_41,True
audio_data/south/voice_41/voice_41_aug_79.wav,2.197,16000,ป่วยหม้ายหลาว,ไม่สบายหรือเปล่า,south,voice_41,voice_41,True
audio_data/south/voice_41/voice_41_aug_8.wav,2.197,16000,ป่วยหม้ายหลาว,ไม่สบายหรือเปล่า,south,voice_41,voice_41,True
audio_data/south/voice_41/voice_41_aug_80.wav,2.197,16000,ป่วยหม้ายหลาว,ไม่สบายหรือเปล่า,south,voice_41,voice_41,True
audio_data/south/voice_41/voice_41_aug_81.wav,2.197,16000,ป่วยหม้ายหลาว,ไม่สบายหรือเปล่า,south,voice_41,voice_41,True
audio_data/south/voice_41/voice_41_aug_82.wav,2.197,16000,ป่วยหม้ายหลาว,ไม่สบายหรือเปล่า,south,voice_41,voice_41,True
audio_data/south/voice_41/voice_41_aug_83.wav,2.197,16000,ป่วยหม้ายหลาว,ไม่สบายหรือเปล่า,south,voice_41,voice_41,True
audio_data/south/voice_41/voice_41_aug_84.wav,2.197,16000,ป่วยหม้ายหลาว,ไม่สบายหรือเปล่า,south,voice_41,voice_41,True
audio_data/south/voice_41/voice_41_aug_85.wav,2.197,16000,ป่วยหม้ายหลาว,ไม่สบายหรือเปล่า,south,voice_41,voice_41,True
audio_data/south/voice_41/voice_41_aug_86.wav,2.197,16000,ป่วยหม้ายหลาว,ไม่สบายหรือเปล่า,south,voice_41,voice_41,True
audio_data/south/voice_41/voice_41_aug_87.wav,2.197,16000,ป่วยหม้ายหลาว,ไม่สบายหรือเปล่า,south,voice_41,voice_41,True
audio_data/south/voice_41/voice_41_aug_88.wav,2.197,16000,ป่วยหม้ายหลาว,ไม่สบายหรือเปล่า,south,voice_41,voice_41,True
audio_data/south/voice_41/voice_41_aug_89.wav,2.197,16000,ป่วยหม้ายหลาว,ไม่สบายหรือเปล่า,south,voice_41,voice_41,True
audio_data/south/voice_41/voice_41_aug_9.wav,2.197,16000,ป่วยหม้ายหลาว,ไม่สบายหรือเปล่า,south,voice_41,voice_41,True
audio_data/south/voice_41/voice_41_aug_90.wav,2.197,16000,ป่วยหม้ายหลาว,ไม่สบายหรือเปล่า,south,voice_41,voice_41,True
audio_data/south/voice_41/voice_41_aug_91.wav,2.197,16000,ป่วยหม้ายหลาว,ไม่สบายหรือเปล่า,south,voice_41,voice_41,True
audio_data/south/voice_41/voice_41_aug_92.wav,2.197,16000,ป่วยหม้ายหลาว,ไม่สบายหรือเปล่า,south,voice_41,voice_41,True
audio_data/south/voice_41/voice_41_aug_93.wav,2.197,16000,ป่วยหม้ายหลาว,ไม่สบายหรือเปล่า,south,voice_41,voice_41,True
audio_data/south/voice_41/voice_41_aug_94.wav,2.197,16000,ป่วยหม้ายหลาว,ไม่สบายหรือเปล่า,south,voice_41,voice_41,True
audio_data/south/voice_41/voice_41_aug_95.wav,2.197,16000,ป่วยหม้ายหลาว,ไม่สบายหรือเปล่า,south,voice_41,voice_41,True
audio_data/south/voice_41/voice_41_aug_96.wav,2.197,16000,ป่วยหม้ายหลาว,ไม่สบายหรือเปล่า,south,voice_41,voice_41,True
audio_data/south/voice_41/voice_41_aug_97.wav,2.197,16000,ป่วยหม้ายหลาว,ไม่สบายหรือเปล่า,south,voice_41,voice_41,True
audio_data/south/voice_41/voice_41_aug_98.wav,2.197,16000,ป่วยหม้ายหลาว,ไม่สบายหรือเปล่า,south,voice_41,voice_41,True
audio_data/south/voice_41/voice_41_aug_99.wav,2.197,16000,ป่วยหม้ายหลาว,ไม่สบายหรือเปล่า,south,voice_41,voice_41,True
audio_data/south/voice_42/voice_42_1.wav,2.453,16000,ซัดน้ำเยอะๆ,ดื่มน้ำเยอะ ๆ,south,voice_42,voice_42_1,False
audio_data/south/voice_42/voice_42_aug_1.wav,2.453,16000,ซัดน้ำเยอะๆ,ดื่มน้ำเยอะ ๆ,south,voice_42,voice_42,True
audio_data/south/voice_42/voice_42_aug_10.wav,2.453,16000,ซัดน้ำเยอะๆ,ดื่มน้ำเยอะ ๆ,south,voice_42,voice_42,True
audio_data/south/voice_42/voice_42_aug_100.wav,2.453,16000,ซัดน้ำเยอะๆ,ดื่มน้ำเยอะ ๆ,south,voice_42,voice_42,True
audio_data/south/voice_42/voice_42_aug_11.wav,2.453,16000,ซัดน้ำเยอะๆ,ดื่มน้ำเยอะ ๆ,south,voice_42,voice_42,True
audio_data/south/voice_42/voice_42_aug_12.wav,2.453,16000,ซัดน้ำเยอะๆ,ดื่มน้ำเยอะ ๆ,south,voice_42,voice_42,True
audio_data/south/voice_42/voice_42_aug_13.wav,2.453,16000,ซัดน้ำเยอะๆ,ดื่มน้ำเยอะ ๆ,south,voice_42,voice_42,True
audio_data/south/voice_42/voice_42_aug_14.wav,2.453,16000,ซัดน้ำเยอะๆ,ดื่มน้ำเยอะ ๆ,south,voice_42,voice_42,True
audio_data/south/voice_42/voice_42_aug_15.wav,2.453,16000,ซัดน้ำเยอะๆ,ดื่มน้ำเยอะ ๆ,south,voice_42,voice_42,True
audio_data/south/voice_42/voice_42_aug_16.wav,2.453,16000,ซัดน้ำเยอะๆ,ดื่มน้ำเยอะ ๆ,south,voice_42,voice_42,True
audio_data/south/voice_42/voice_42_aug_17.wav,2.453,16000,ซัดน้ำเยอะๆ,ดื่มน้ำเยอะ ๆ,south,voice_42,voice_42,True
audio_data/south/voice_42/voice_42_aug_18.wav,2.453,16000,ซัดน้ำเยอะๆ,ดื่มน้ำเยอะ ๆ,south,voice_42,voice_42,True
audio_data/south/voice_42/voice_42_aug_19.wav,2.453,16000,ซัดน้ำเยอะๆ,ดื่มน้ำเยอะ ๆ,south,voice_42,voice_42,True
audio_data/south/voice_42/voice_42_aug_2.wav,2.453,16000,ซัดน้ำเยอะๆ,ดื่มน้ำเยอะ ๆ,south,voice_42,voice_42,True
audio_data/south/voice_42/voice_42_aug_20.wav,2.453,16000,ซัดน้ำเยอะๆ,ดื่มน้ำเยอะ ๆ,south,voice_42,voice_42,True
audio_data/south/voice_42/voice_42_aug_21.wav,2.453,16000,ซัดน้ำเยอะๆ,ดื่มน้ำเยอะ ๆ,south,voice_42,voice_42,True
audio_data/south/voice_42/voice_42_aug_22.wav,2.453,16000,ซัดน้ำเยอะๆ,ดื่มน้ำเยอะ ๆ,south,voice_42,voice_42,True
audio_data/south/voice_42/voice_42_aug_23.wav,2.453,16000,ซัดน้ำเยอะๆ,ดื่มน้ำเยอะ ๆ,south,voice_42,voice_42,True
audio_data/south/voice_42/voice_42_aug_24.wav,2.453,16000,ซัดน้ำเยอะๆ,ดื่มน้ำเยอะ ๆ,south,voice_42,voice_42,True
audio_data/south/voice_42/voice_42_aug_25.wav,2.453,16000,ซัดน้ำเยอะๆ,ดื่มน้ำเยอะ ๆ,south,voice_42,voice_42,True
audio_data/south/voice_42/voice_42_aug_26.wav,2.453,16000,ซัดน้ำเยอะๆ,ดื่มน้ำเยอะ ๆ,south,voice_42,voice_42,True
audio_data/south/voice_42/voice_42_aug_27.wav,2.453,16000,ซัดน้ำเยอะๆ,ดื่มน้ำเยอะ ๆ,south,voice_42,voice_42,True
audio_data/south/voice_42/voice_42_aug_28.wav,2.453,16000,ซัดน้ำเยอะๆ,ดื่มน้ำเยอะ ๆ,south,voice_42,voice_42,True
audio_data/south/voice_42/voice_42_aug_29.wav,2.453,16000,ซัดน้ำเยอะๆ,ดื่มน้ำเยอะ ๆ,south,voice_42,voice_42,True
audio_data/south/voice_42/voice_42_aug_3.wav,2.453,16000,ซัดน้ำเยอะๆ,ดื่มน้ำเยอะ ๆ,south,voice_42,voice_42,True
audio_data/south/voice_42/voice_42_aug_30.wav,2.453,16000,ซัดน้ำเยอะๆ,ดื่มน้ำเยอะ ๆ,south,voice_42,voice_42,True
audio_data/south/voice_42/voice_42_aug_31.wav,2.453,16000,ซัดน้ำเยอะๆ,ดื่มน้ำเยอะ ๆ,south,voice_42,voice_42,True
audio_data/south/voice_42/voice_42_aug_32.wav,2.453,16000,ซัดน้ำเยอะๆ,ดื่มน้ำเยอะ ๆ,south,voice_42,voice_42,True
audio_data/south/voice_42/voice_42_aug_33.wav,2.453,16000,ซัดน้ำเยอะๆ,ดื่มน้ำเยอะ ๆ,south,voice_42,voice_42,True
audio_data/south/voice_42/voice_42_aug_34.wav,2.453,16000,ซัดน้ำเยอะๆ,ดื่มน้ำเยอะ ๆ,south,voice_42,voice_42,True
audio_data/south/voice_42/voice_42_aug_35.wav,2.453,16000,ซัดน้ำเยอะๆ,ดื่มน้ำเยอะ ๆ,south,voice_42,voice_42,True
audio_data/south/voice_42/voice_42_aug_36.wav,2.453,16000,ซัดน้ำเยอะๆ,ดื่มน้ำเยอะ ๆ,south,voice_42,voice_42,True
audio_data/south/voice_42/voice_42_aug_37.wav,2.453,16000,ซัดน้ำเยอะๆ,ดื่มน้ำเยอะ ๆ,south,voice_42,voice_42,True
audio_data/south/voice_42/voice_42_aug_38.wav,2.453,16000,ซัดน้ำเยอะๆ,ดื่มน้ำเยอะ ๆ,south,voice_42,voice_42,True
audio_data/south/voice_42/voice_42_aug_39.wav,2.453,16000,ซัดน้ำเยอะๆ,ดื่มน้ำเยอะ ๆ,south,voice_42,voice_42,True
audio_data/south/voice_42/voice_42_aug_4.wav,2.453,16000,ซัดน้ำเยอะๆ,ดื่มน้ำเยอะ ๆ,south,voice_42,voice_42,True
audio_data/south/voice_42/voice_42_aug_40.wav,2.453,16000,ซัดน้ำเยอะๆ,ดื่มน้ำเยอะ ๆ,south,voice_42,voice_42,True
audio_data/south/voice_42/voice_42_aug_41.wav,2.453,16000,ซัดน้ำเยอะๆ,ดื่มน้ำเยอะ ๆ,south,voice_42,voice_42,True
audio_data/south/voice_42/voice_42_aug_42.wav,2.453,16000,ซัดน้ำเยอะๆ,ดื่มน้ำเยอะ ๆ,south,voice_42,voice_42,True
audio_data/south/voice_42/voice_42_aug_43.wav,2.453,16000,ซัดน้ำเยอะๆ,ดื่มน้ำเยอะ ๆ,south,voice_42,voice_42,True
audio_data/south/voice_42/voice_42_aug_44.wav,2.453,16000,ซัดน้ำเยอะๆ,ดื่มน้ำเยอะ ๆ,south,voice_42,voice_42,True
audio_data/south/voice_42/voice_42_aug_45.wav,2.453,16000,ซัดน้ำเยอะๆ,ดื่มน้ำเยอะ ๆ,south,voice_42,voice_42,True
audio_data/south/voice_42/voice_42_aug_46.wav,2.453,16000,ซัดน้ำเยอะๆ,ดื่มน้ำเยอะ ๆ,south,voice_42,voice_42,True
audio_data/south/voice_42/voice_42_aug_47.wav,2.453,16000,ซัดน้ำเยอะๆ,ดื่มน้ำเยอะ ๆ,south,voice_42,voice_42,True
audio_data/south/voice_42/voice_42_aug_48.wav,2.453,16000,ซัดน้ำเยอะๆ,ดื่มน้ำเยอะ ๆ,south,voice_42,voice_42,True
audio_data/south/voice_42/voice_42_aug_49.wav,2.453,16000,ซัดน้ำเยอะๆ,ดื่มน้ำเยอะ ๆ,south,voice_42,voice_42,True
audio_data/south/voice_42/voice_42_aug_5.wav,2.453,16000,ซัดน้ำเยอะๆ,ดื่มน้ำเยอะ ๆ,south,voice_42,voice_42,True
audio_data/south/voice_42/voice_42_aug_50.wav,2.453,16000,ซัดน้ำเยอะๆ,ดื่มน้ำเยอะ ๆ,south,voice_42,voice_42,True
audio_data/south/voice_42/voice_42_aug_51.wav,2.453,16000,ซัดน้ำเยอะๆ,ดื่มน้ำเยอะ ๆ,south,voice_42,voice_42,True
audio_data/south/voice_42/voice_42_aug_52.wav,2.453,16000,ซัดน้ำเยอะๆ,ดื่มน้ำเยอะ ๆ,south,voice_42,voice_42,True
audio_data/south/voice_42/voice_42_aug_53.wav,2.453,16000,ซัดน้ำเยอะๆ,ดื่มน้ำเยอะ ๆ,south,voice_42,voice_42,True
audio_data/south/voice_42/voice_42_aug_54.wav,2.453,16000,ซัดน้ำเยอะๆ,ดื่มน้ำเยอะ ๆ,south,voice_42,voice_42,True
audio_data/south/voice_42/voice_42_aug_55.wav,2.453,16000,ซัดน้ำเยอะๆ,ดื่มน้ำเยอะ ๆ,south,voice_42,voice_42,True
audio_data/south/voice_42/voice_42_aug_56.wav,2.453,16000,ซัดน้ำเยอะๆ,ดื่มน้ำเยอะ ๆ,south,voice_42,voice_42,True
audio_data/south/voice_42/voice_42_aug_57.wav,2.453,16000,ซัดน้ำเยอะๆ,ดื่มน้ำเยอะ ๆ,south,voice_42,voice_42,True
audio_data/south/voice_42/voice_42_aug_58.wav,2.453,16000,ซัดน้ำเยอะๆ,ดื่มน้ำเยอะ ๆ,south,voice_42,voice_42,True
audio_data/south/voice_42/voice_42_aug_59.wav,2.453,16000,ซัดน้ำเยอะๆ,ดื่มน้ำเยอะ ๆ,south,voice_42,voice_42,True
audio_data/south/voice_42/voice_42_aug_6.wav,2.453,16000,ซัดน้ำเยอะๆ,ดื่มน้ำเยอะ ๆ,south,voice_42,voice_42,True
audio_data/south/voice_42/voice_42_aug_60.wav,2.453,16000,ซัดน้ำเยอะๆ,ดื่มน้ำเยอะ ๆ,south,voice_42,voice_42,True
audio_data/south/voice_42/voice_42_aug_61.wav,2.453,16000,ซัดน้ำเยอะๆ,ดื่มน้ำเยอะ ๆ,south,voice_42,voice_42,True
audio_data/south/voice_42/voice_42_aug_62.wav,2.453,16000,ซัดน้ำเยอะๆ,ดื่มน้ำเยอะ ๆ,south,voice_42,voice_42,True
audio_data/south/voice_42/voice_42_aug_63.wav,2.453,16000,ซัดน้ำเยอะๆ,ดื่มน้ำเยอะ ๆ,south,voice_42,voice_42,True
audio_data/south/voice_42/voice_42_aug_64.wav,2.453,16000,ซัดน้ำเยอะๆ,ดื่มน้ำเยอะ ๆ,south,voice_42,voice_42,True
audio_data/south/voice_42/voice_42_aug_65.wav,2.453,16000,ซัดน้ำเยอะๆ,ดื่มน้ำเยอะ ๆ,south,voice_42,voice_42,True
audio_data/south/voice_42/voice_42_aug_66.wav,2.453,16000,ซัดน้ำเยอะๆ,ดื่มน้ำเยอะ ๆ,south,voice_42,voice_42,True
audio_data/south/voice_42/voice_42_aug_67.wav,2.453,16000,ซัดน้ำเยอะๆ,ดื่มน้ำเยอะ ๆ,south,voice_42,voice_42,True
audio_data/south/voice_42/voice_42_aug_68.wav,2.453,16000,ซัดน้ำเยอะๆ,ดื่มน้ำเยอะ ๆ,south,voice_42,voice_42,True
audio_data/south/voice_42/voice_42_aug_69.wav,2.453,16000,ซัดน้ำเยอะๆ,ดื่มน้ำเยอะ ๆ,south,voice_42,voice_42,True
audio_data/south/voice_42/voice_42_aug_7.wav,2.453,16000,ซัดน้ำเยอะๆ,ดื่มน้ำเยอะ ๆ,south,voice_42,voice_42,True
audio_data/south/voice_42/voice_42_aug_70.wav,2.453,16000,ซัดน้ำเยอะๆ,ดื่มน้ำเยอะ ๆ,south,voice_42,voice_42,True
audio_data/south/voice_42/voice_42_aug_71.wav,2.453,16000,ซัดน้ำเยอะๆ,ดื่มน้ำเยอะ ๆ,south,voice_42,voice_42,True
audio_data/south/voice_42/voice_42_aug_72.wav,2.453,16000,ซัดน้ำเยอะๆ,ดื่มน้ำเยอะ ๆ,south,voice_42,voice_42,True
audio_data/south/voice_42/voice_42_aug_73.wav,2.453,16000,ซัดน้ำเยอะๆ,ดื่มน้ำเยอะ ๆ,south,voice_42,voice_42,True
audio_data/south/voice_42/voice_42_aug_74.wav,2.453,16000,ซัดน้ำเยอะๆ,ดื่มน้ำเยอะ ๆ,south,voice_42,voice_42,True
audio_data/south/voice_42/voice_42_aug_75.wav,2.453,16000,ซัดน้ำเยอะๆ,ดื่มน้ำเยอะ ๆ,south,voice_42,voice_42,True
audio_data/south/voice_42/voice_42_aug_76.wav,2.453,16000,ซัดน้ำเยอะๆ,ดื่มน้ำเยอะ ๆ,south,voice_42,voice_42,True
audio_data/south/voice_42/voice_42_aug_77.wav,2.453,16000,ซัดน้ำเยอะๆ,ดื่มน้ำเยอะ ๆ,south,voice_42,voice_42,True
audio_data/south/voice_42/voice_42_aug_78.wav,2.453,16000,ซัดน้ำเยอะๆ,ดื่มน้ำเยอะ ๆ,south,voice_42,voice_42,True
audio_data/south/voice_42/voice_42_aug_79.wav,2.453,16000,ซัดน้ำเยอะๆ,ดื่มน้ำเยอะ ๆ,south,voice_42,voice_42,True
audio_data/south/voice_42/voice_42_aug_8.wav,2.453,16000,ซัดน้ำเยอะๆ,ดื่มน้ำเยอะ ๆ,south,voice_42,voice_42,True
audio_data/south/voice_42/voice_42_aug_80.wav,2.453,16000,ซัดน้ำเยอะๆ,ดื่มน้ำเยอะ ๆ,south,voice_42,voice_42,True
audio_data/south/voice_42/voice_42_aug_81.wav,2.453,16000,ซัดน้ำเยอะๆ,ดื่มน้ำเยอะ ๆ,south,voice_42,voice_42,True
audio_data/south/voice_42/voice_42_aug_82.wav,2.453,16000,ซัดน้ำเยอะๆ,ดื่มน้ำเยอะ ๆ,south,voice_42,voice_42,True
audio_data/south/voice_42/voice_42_aug_83.wav,2.453,16000,ซัดน้ำเยอะๆ,ดื่มน้ำเยอะ ๆ,south,voice_42,voice_42,True
audio_data/south/voice_42/voice_42_aug_84.wav,2.453,16000,ซัดน้ำเยอะๆ,ดื่มน้ำเยอะ ๆ,south,voice_42,voice_42,True
audio_data/south/voice_42/voice_42_aug_85.wav,2.453,16000,ซัดน้ำเยอะๆ,ดื่มน้ำเยอะ ๆ,south,voice_42,voice_42,True
audio_data/south/voice_42/voice_42_aug_86.wav,2.453,16000,ซัดน้ำเยอะๆ,ดื่มน้ำเยอะ ๆ,south,voice_42,voice_42,True
audio_data/south/voice_42/voice_42_aug_87.wav,2.453,16000,ซัดน้ำเยอะๆ,ดื่มน้ำเยอะ ๆ,south,voice_42,voice_42,True
audio_data/south/voice_42/voice_42_aug_88.wav,2.453,16000,ซัดน้ำเยอะๆ,ดื่มน้ำเยอะ ๆ,south,voice_42,voice_42,True
audio_data/south/voice_42/voice_42_aug_89.wav,2.453,16000,ซัดน้ำเยอะๆ,ดื่มน้ำเยอะ ๆ,south,voice_42,voice_42,True
audio_data/south/voice_42/voice_42_aug_9.wav,2.453,16000,ซัดน้ำเยอะๆ,ดื่มน้ำเยอะ ๆ,south,voice_42,voice_42,True
audio_data/south/voice_42/voice_42_aug_90.wav,2.453,16000,ซัดน้ำเยอะๆ,ดื่มน้ำเยอะ ๆ,south,voice_42,voice_42,True
audio_data/south/voice_42/voice_42_aug_91.wav,2.453,16000,ซัดน้ำเยอะๆ,ดื่มน้ำเยอะ ๆ,south,voice_42,voice_42,True
audio_data/south/voice_42/voice_42_aug_92.wav,2.453,16000,ซัดน้ำเยอะๆ,ดื่มน้ำเยอะ ๆ,south,voice_42,voice_42,True
audio_data/south/voice_42/voice_42_aug_93.wav,2.453,16000,ซัดน้ำเยอะๆ,ดื่มน้ำเยอะ ๆ,south,voice_42,voice_42,True
audio_data/south/voice_42/voice_42_aug_94.wav,2.453,16000,ซัดน้ำเยอะๆ,ดื่มน้ำเยอะ ๆ,south,voice_42,voice_42,True
audio_data/south/voice_42/voice_42_aug_95.wav,2.453,16000,ซัดน้ำเยอะๆ,ดื่มน้ำเยอะ ๆ,south,voice_42,voice_42,True
audio_data/south/voice_42/voice_42_aug_96.wav,2.453,16000,ซัดน้ำเยอะๆ,ดื่มน้ำเยอะ ๆ,south,voice_42,voice_42,True
audio_data/south/voice_42/voice_42_aug_97.wav,2.453,16000,ซัดน้ำเยอะๆ,ดื่มน้ำเยอะ ๆ,south,voice_42,voice_42,True
audio_data/south/voice_42/voice_42_aug_98.wav,2.453,16000,ซัดน้ำเยอะๆ,ดื่มน้ำเยอะ ๆ,south,voice_42,voice_42,True
audio_data/south/voice_42/voice_42_aug_99.wav,2.453,16000,ซัดน้ำเยอะๆ,ดื่มน้ำเยอะ ๆ,south,voice_42,voice_42,True
audio_data/south/voice_43/voice_43_1.wav,1.856,16000,ปวดหัวหม้าย,ปวดหัวไหม,south,voice_43,voice_43_1,False
audio_data/south/voice_43/voice_43_aug_1.wav,1.856,16000,ปวดหัวหม้าย,ปวดหัวไหม,south,voice_43,voice_43,True
audio_data/south/voice_43/voice_43_aug_10.wav,1.856,16000,ปวดหัวหม้าย,ปวดหัวไหม,south,voice_43,voice_43,True
audio_data/south/voice_43/voice_43_aug_100.wav,1.856,16000,ปวดหัวหม้าย,ปวดหัวไหม,south,voice_43,voice_43,True
audio_data/south/voice_43/voice_43_aug_11.wav,1.856,16000,ปวดหัวหม้าย,ปวดหัวไหม,south,voice_43,voice_43,True
audio_data/south/voice_43/voice_43_aug_12.wav,1.856,16000,ปวดหัวหม้าย,ปวดหัวไหม,south,voice_43,voice_43,True
audio_data/south/voice_43/voice_43_aug_13.wav,1.856,16000,ปวดหัวหม้าย,ปวดหัวไหม,south,voice_43,voice_43,True
audio_data/south/voice_43/voice_43_aug_14.wav,1.856,16000,ปวดหัวหม้าย,ปวดหัวไหม,south,voice_43,voice_43,True
audio_data/south/voice_43/voice_43_aug_15.wav,1.856,16000,ปวดหัวหม้าย,ปวดหัวไหม,south,voice_43,voice_43,True
audio_data/south/voice_43/voice_43_aug_16.wav,1.856,16000,ปวดหัวหม้าย,ปวดหัวไหม,south,voice_43,voice_43,True
audio_data/south/voice_43/voice_43_aug_17.wav,1.856,16000,ปวดหัวหม้าย,ปวดหัวไหม,south,voice_43,voice_43,True
audio_data/south/voice_43/voice_43_aug_18.wav,1.856,16000,ปวดหัวหม้าย,ปวดหัวไหม,south,voice_43,voice_43,True
audio_data/south/voice_43/voice_43_aug_19.wav,1.856,16000,ปวดหัวหม้าย,ปวดหัวไหม,south,voice_43,voice_43,True
audio_data/south/voice_43/voice_43_aug_2.wav,1.856,16000,ปวดหัวหม้าย,ปวดหัวไหม,south,voice_43,voice_43,True
audio_data/south/voice_43/voice_43_aug_20.wav,1.856,16000,ปวดหัวหม้าย,ปวดหัวไหม,south,voice_43,voice_43,True
audio_data/south/voice_43/voice_43_aug_21.wav,1.856,16000,ปวดหัวหม้าย,ปวดหัวไหม,south,voice_43,voice_43,True
audio_data/south/voice_43/voice_43_aug_22.wav,1.856,16000,ปวดหัวหม้าย,ปวดหัวไหม,south,voice_43,voice_43,True
audio_data/south/voice_43/voice_43_aug_23.wav,1.856,16000,ปวดหัวหม้าย,ปวดหัวไหม,south,voice_43,voice_43,True
audio_data/south/voice_43/voice_43_aug_24.wav,1.856,16000,ปวดหัวหม้าย,ปวดหัวไหม,south,voice_43,voice_43,True
audio_data/south/voice_43/voice_43_aug_25.wav,1.856,16000,ปวดหัวหม้าย,ปวดหัวไหม,south,voice_43,voice_43,True
audio_data/south/voice_43/voice_43_aug_26.wav,1.856,16000,ปวดหัวหม้าย,ปวดหัวไหม,south,voice_43,voice_43,True
audio_data/south/voice_43/voice_43_aug_27.wav,1.856,16000,ปวดหัวหม้าย,ปวดหัวไหม,south,voice_43,voice_43,True
audio_data/south/voice_43/voice_43_aug_28.wav,1.856,16000,ปวดหัวหม้าย,ปวดหัวไหม,south,voice_43,voice_43,True
audio_data/south/voice_43/voice_43_aug_29.wav,1.856,16000,ปวดหัวหม้าย,ปวดหัวไหม,south,voice_43,voice_43,True
audio_data/south/voice_43/voice_43_aug_3.wav,1.856,16000,ปวดหัวหม้าย,ปวดหัวไหม,south,voice_43,voice_43,True
audio_data/south/voice_43/voice_43_aug_30.wav,1.856,16000,ปวดหัวหม้าย,ปวดหัวไหม,south,voice_43,voice_43,True
audio_data/south/voice_43/voice_43_aug_31.wav,1.856,16000,ปวดหัวหม้าย,ปวดหัวไหม,south,voice_43,voice_43,True
audio_data/south/voice_43/voice_43_aug_32.wav,1.856,16000,ปวดหัวหม้าย,ปวดหัวไหม,south,voice_43,voice_43,True
audio_data/south/voice_43/voice_43_aug_33.wav,1.856,16000,ปวดหัวหม้าย,ปวดหัวไหม,south,voice_43,voice_43,True
audio_data/south/voice_43/voice_43_aug_34.wav,1.856,16000,ปวดหัวหม้าย,ปวดหัวไหม,south,voice_43,voice_43,True
audio_data/south/voice_43/voice_43_aug_35.wav,1.856,16000,ปวดหัวหม้าย,ปวดหัวไหม,south,voice_43,voice_43,True
audio_data/south/voice_43/voice_43_aug_36.wav,1.856,16000,ปวดหัวหม้าย,ปวดหัวไหม,south,voice_43,voice_43,True
audio_data/south/voice_43/voice_43_aug_37.wav,1.856,16000,ปวดหัวหม้าย,ปวดหัวไหม,south,voice_43,voice_43,True
audio_data/south/voice_43/voice_43_aug_38.wav,1.856,16000,ปวดหัวหม้าย,ปวดหัวไหม,south,voice_43,voice_43,True
audio_data/south/voice_43/voice_43_aug_39.wav,1.856,16000,ปวดหัวหม้าย,ปวดหัวไหม,south,voice_43,voice_43,True
audio_data/south/voice_43/voice_43_aug_4.wav,1.856,16000,ปวดหัวหม้าย,ปวดหัวไหม,south,voice_43,voice_43,True
audio_data/south/voice_43/voice_43_aug_40.wav,1.856,16000,ปวดหัวหม้าย,ปวดหัวไหม,south,voice_43,voice_43,True
audio_data/south/voice_43/voice_43_aug_41.wav,1.856,16000,ปวดหัวหม้าย,ปวดหัวไหม,south,voice_43,voice_43,True
audio_data/south/voice_43/voice_43_aug_42.wav,1.856,16000,ปวดหัวหม้าย,ปวดหัวไหม,south,voice_43,voice_43,True
audio_data/south/voice_43/voice_43_aug_43.wav,1.856,16000,ปวดหัวหม้าย,ปวดหัวไหม,south,voice_43,voice_43,True
audio_data/south/voice_43/voice_43_aug_44.wav,1.856,16000,ปวดหัวหม้าย,ปวดหัวไหม,south,voice_43,voice_43,True
audio_data/south/voice_43/voice_43_aug_45.wav,1.856,16000,ปวดหัวหม้าย,ปวดหัวไหม,south,voice_43,voice_43,True
audio_data/south/voice_43/voice_43_aug_46.wav,1.856,16000,ปวดหัวหม้าย,ปวดหัวไหม,south,voice_43,voice_43,True
audio_data/south/voice_43/voice_43_aug_47.wav,1.856,16000,ปวดหัวหม้าย,ปวดหัวไหม,south,voice_43,voice_43,True
audio_data/south/voice_43/voice_43_aug_48.wav,1.856,16000,ปวดหัวหม้าย,ปวดหัวไหม,south,voice_43,voice_43,True
audio_data/south/voice_43/voice_43_aug_49.wav,1.856,16000,ปวดหัวหม้าย,ปวดหัวไหม,south,voice_43,voice_43,True
audio_data/south/voice_43/voice_43_aug_5.wav,1.856,16000,ปวดหัวหม้าย,ปวดหัวไหม,south,voice_43,voice_43,True
audio_data/south/voice_43/voice_43_aug_50.wav,1.856,16000,ปวดหัวหม้าย,ปวดหัวไหม,south,voice_43,voice_43,True
audio_data/south/voice_43/voice_43_aug_51.wav,1.856,16000,ปวดหัวหม้าย,ปวดหัวไหม,south,voice_43,voice_43,True
audio_data/south/voice_43/voice_43_aug_52.wav,1.856,16000,ปวดหัวหม้าย,ปวดหัวไหม,south,voice_43,voice_43,True
audio_data/south/voice_43/voice_43_aug_53.wav,1.856,16000,ปวดหัวหม้าย,ปวดหัวไหม,south,voice_43,voice_43,True
audio_data/south/voice_43/voice_43_aug_54.wav,1.856,16000,ปวดหัวหม้าย,ปวดหัวไหม,south,voice_43,voice_43,True
audio_data/south/voice_43/voice_43_aug_55.wav,1.856,16000,ปวดหัวหม้าย,ปวดหัวไหม,south,voice_43,voice_43,True
audio_data/south/voice_43/voice_43_aug_56.wav,1.856,16000,ปวดหัวหม้าย,ปวดหัวไหม,south,voice_43,voice_43,True
audio_data/south/voice_43/voice_43_aug_57.wav,1.856,16000,ปวดหัวหม้าย,ปวดหัวไหม,south,voice_43,voice_43,True
audio_data/south/voice_43/voice_43_aug_58.wav,1.856,16000,ปวดหัวหม้าย,ปวดหัวไหม,south,voice_43,voice_43,True
audio_data/south/voice_43/voice_43_aug_59.wav,1.856,16000,ปวดหัวหม้าย,ปวดหัวไหม,south,voice_43,voice_43,True
audio_data/south/voice_43/voice_43_aug_6.wav,1.856,16000,ปวดหัวหม้าย,ปวดหัวไหม,south,voice_43,voice_43,True
audio_data/south/voice_43/voice_43_aug_60.wav,1.856,16000,ปวดหัวหม้าย,ปวดหัวไหม,south,voice_43,voice_43,True
audio_data/south/voice_43/voice_43_aug_61.wav,1.856,16000,ปวดหัวหม้าย,ปวดหัวไหม,south,voice_43,voice_43,True
audio_data/south/voice_43/voice_43_aug_62.wav,1.856,16000,ปวดหัวหม้าย,ปวดหัวไหม,south,voice_43,voice_43,True
audio_data/south/voice_43/voice_43_aug_63.wav,1.856,16000,ปวดหัวหม้าย,ปวดหัวไหม,south,voice_43,voice_43,True
audio_data/south/voice_43/voice_43_aug_64.wav,1.856,16000,ปวดหัวหม้าย,ปวดหัวไหม,south,voice_43,voice_43,True
audio_data/south/voice_43/voice_43_aug_65.wav,1.856,16000,ปวดหัวหม้าย,ปวดหัวไหม,south,voice_43,voice_43,True
audio_data/south/voice_43/voice_43_aug_66.wav,1.856,16000,ปวดหัวหม้าย,ปวดหัวไหม,south,voice_43,voice_43,True
audio_data/south/voice_43/voice_43_aug_67.wav,1.856,16000,ปวดหัวหม้าย,ปวดหัวไหม,south,voice_43,voice_43,True
audio_data/south/voice_43/voice_43_aug_68.wav,1.856,16000,ปวดหัวหม้าย,ปวดหัวไหม,south,voice_43,voice_43,True
audio_data/south/voice_43/voice_43_aug_69.wav,1.856,16000,ปวดหัวหม้าย,ปวดหัวไหม,south,voice_43,voice_43,True
audio_data/south/voice_43/voice_43_aug_7.wav,1.856,16000,ปวดหัวหม้าย,ปวดหัวไหม,south,voice_43,voice_43,True
audio_data/south/voice_43/voice_43_aug_70.wav,1.856,16000,ปวดหัวหม้าย,ปวดหัวไหม,south,voice_43,voice_43,True
audio_data/south/voice_43/voice_43_aug_71.wav,1.856,16000,ปวดหัวหม้าย,ปวดหัวไหม,south,voice_43,voice_43,True
audio_data/south/voice_43/voice_43_aug_72.wav,1.856,16000,ปวดหัวหม้าย,ปวดหัวไหม,south,voice_43,voice_43,True
audio_data/south/voice_43/voice_43_aug_73.wav,1.856,16000,ปวดหัวหม้าย,ปวดหัวไหม,south,voice_43,voice_43,True
audio_data/south/voice_43/voice_43_aug_74.wav,1.856,16000,ปวดหัวหม้าย,ปวดหัวไหม,south,voice_43,voice_43,True
audio_data/south/voice_43/voice_43_aug_75.wav,1.856,16000,ปวดหัวหม้าย,ปวดหัวไหม,south,voice_43,voice_43,True
audio_data/south/voice_43/voice_43_aug_76.wav,1.856,16000,ปวดหัวหม้าย,ปวดหัวไหม,south,voice_43,voice_43,True
audio_data/south/voice_43/voice_43_aug_77.wav,1.856,16000,ปวดหัวหม้าย,ปวดหัวไหม,south,voice_43,voice_43,True
audio_data/south/voice_43/voice_43_aug_78.wav,1.856,16000,ปวดหัวหม้าย,ปวดหัวไหม,south,voice_43,voice_43,True
audio_data/south/voice_43/voice_43_aug_79.wav,1.856,16000,ปวดหัวหม้าย,ปวดหัวไหม,south,voice_43,voice_43,True
audio_data/south/voice_43/voice_43_aug_8.wav,1.856,16000,ปวดหัวหม้าย,ปวดหัวไหม,south,voice_43,voice_43,True
audio_data/south/voice_43/voice_43_aug_80.wav,1.856,16000,ปวดหัวหม้าย,ปวดหัวไหม,south,voice_43,voice_43,True
audio_data/south/voice_43/voice_43_aug_81.wav,1.856,16000,ปวดหัวหม้าย,ปวดหัวไหม,south,voice_43,voice_43,True
audio_data/south/voice_43/voice_43_aug_82.wav,1.856,16000,ปวดหัวหม้าย,ปวดหัวไหม,south,voice_43,voice_43,True
audio_data/south/voice_43/voice_43_aug_83.wav,1.856,16000,ปวดหัวหม้าย,ปวดหัวไหม,south,voice_43,voice_43,True
audio_data/south/voice_43/voice_43_aug_84.wav,1.856,16000,ปวดหัวหม้าย,ปวดหัวไหม,south,voice_43,voice_43,True
audio_data/south/voice_43/voice_43_aug_85.wav,1.856,16000,ปวดหัวหม้าย,ปวดหัวไหม,south,voice_43,voice_43,True
audio_data/south/voice_43/voice_43_aug_86.wav,1.856,16000,ปวดหัวหม้าย,ปวดหัวไหม,south,voice_43,voice_43,True
audio_data/south/voice_43/voice_43_aug_87.wav,1.856,16000,ปวดหัวหม้าย,ปวดหัวไหม,south,voice_43,voice_43,True
audio_data/south/voice_43/voice_43_aug_88.wav,1.856,16000,ปวดหัวหม้าย,ปวดหัวไหม,south,voice_43,voice_43,True
audio_data/south/voice_43/voice_43_aug_89.wav,1.856,16000,ปวดหัวหม้าย,ปวดหัวไหม,south,voice_43,voice_43,True
audio_data/south/voice_43/voice_43_aug_9.wav,1.856,16000,ปวดหัวหม้าย,ปวดหัวไหม,south,voice_43,voice_43,True
audio_data/south/voice_43/voice_43_aug_90.wav,1.856,16000,ปวดหัวหม้าย,ปวดหัวไหม,south,voice_43,voice_43,True
audio_data/south/voice_43/voice_43_aug_91.wav,1.856,16000,ปวดหัวหม้าย,ปวดหัวไหม,south,voice_43,voice_43,True
audio_data/south/voice_43/voice_43_aug_92.wav,1.856,16000,ปวดหัวหม้าย,ปวดหัวไหม,south,voice_43,voice_43,True
audio_data/south/voice_43/voice_43_aug_93.wav,1.856,16000,ปวดหัวหม้าย,ปวดหัวไหม,south,voice_43,voice_43,True
audio_data/south/voice_43/voice_43_aug_94.wav,1.856,16000,ปวดหัวหม้าย,ปวดหัวไหม,south,voice_43,voice_43,True
audio_data/south/voice_43/voice_43_aug_95.wav,1.856,16000,ปวดหัวหม้าย,ปวดหัวไหม,south,voice_43,voice_43,True
audio_data/south/voice_43/voice_43_aug_96.wav,1.856,16000,ปวดหัวหม้าย,ปวดหัวไหม,south,voice_43,voice_43,True
audio_data/south/voice_43/voice_43_aug_97.wav,1.856,16000,ปวดหัวหม้าย,ปวดหัวไหม,south,voice_43,voice_43,True
audio_data/south/voice_43/voice_43_aug_98.wav,1.856,16000,ปวดหัวหม้าย,ปวดหัวไหม,south,voice_43,voice_43,True
audio_data/south/voice_43/voice_43_aug_99.wav,1.856,16000,ปวดหัวหม้าย,ปวดหัวไหม,south,voice_43,voice_43,True
audio_data/south/voice_44/voice_44_1.wav,2.539,16000,คัดพุงจังช่วงนี้,แน่นท้องจังช่วงนี้,south,voice_44,voice_44_1,False
audio_data/south/voice_44/voice_44_aug_1.wav,2.539,16000,คัดพุงจังช่วงนี้,แน่นท้องจังช่วงนี้,south,voice_44,voice_44,True
audio_data/south/voice_44/voice_44_aug_10.wav,2.539,16000,คัดพุงจังช่วงนี้,แน่นท้องจังช่วงนี้,south,voice_44,voice_44,True
audio_data/south/voice_44/voice_44_aug_100.wav,2.539,16000,คัดพุงจังช่วงนี้,แน่นท้องจังช่วงนี้,south,voice_44,voice_44,True
audio_data/south/voice_44/voice_44_aug_11.wav,2.539,16000,คัดพุงจังช่วงนี้,แน่นท้องจังช่วงนี้,south,voice_44,voice_44,True
audio_data/south/voice_44/voice_44_aug_12.wav,2.539,16000,คัดพุงจังช่วงนี้,แน่นท้องจังช่วงนี้,south,voice_44,voice_44,True
audio_data/south/voice_44/voice_44_aug_13.wav,2.539,16000,คัดพุงจังช่วงนี้,แน่นท้องจังช่วงนี้,south,voice_44,voice_44,True
audio_data/south/voice_44/voice_44_aug_14.wav,2.539,16000,คัดพุงจังช่วงนี้,แน่นท้องจังช่วงนี้,south,voice_44,voice_44,True
audio_data/south/voice_44/voice_44_aug_15.wav,2.539,16000,คัดพุงจังช่วงนี้,แน่นท้องจังช่วงนี้,south,voice_44,voice_44,True
audio_data/south/voice_44/voice_44_aug_16.wav,2.539,16000,คัดพุงจังช่วงนี้,แน่นท้องจังช่วงนี้,south,voice_44,voice_44,True
audio_data/south/voice_44/voice_44_aug_17.wav,2.539,16000,คัดพุงจังช่วงนี้,แน่นท้องจังช่วงนี้,south,voice_44,voice_44,True
audio_data/south/voice_44/voice_44_aug_18.wav,2.539,16000,คัดพุงจังช่วงนี้,แน่นท้องจังช่วงนี้,south,voice_44,voice_44,True
audio_data/south/voice_44/voice_44_aug_19.wav,2.539,16000,คัดพุงจังช่วงนี้,แน่นท้องจังช่วงนี้,south,voice_44,voice_44,True
audio_data/south/voice_44/voice_44_aug_2.wav,2.539,16000,คัดพุงจังช่วงนี้,แน่นท้องจังช่วงนี้,south,voice_44,voice_44,True
audio_data/south/voice_44/voice_44_aug_20.wav,2.539,16000,คัดพุงจังช่วงนี้,แน่นท้องจังช่วงนี้,south,voice_44,voice_44,True
audio_data/south/voice_44/voice_44_aug_21.wav,2.539,16000,คัดพุงจังช่วงนี้,แน่นท้องจังช่วงนี้,south,voice_44,voice_44,True
audio_data/south/voice_44/voice_44_aug_22.wav,2.539,16000,คัดพุงจังช่วงนี้,แน่นท้องจังช่วงนี้,south,voice_44,voice_44,True
audio_data/south/voice_44/voice_44_aug_23.wav,2.539,16000,คัดพุงจังช่วงนี้,แน่นท้องจังช่วงนี้,south,voice_44,voice_44,True
audio_data/south/voice_44/voice_44_aug_24.wav,2.539,16000,คัดพุงจังช่วงนี้,แน่นท้องจังช่วงนี้,south,voice_44,voice_44,True
audio_data/south/voice_44/voice_44_aug_25.wav,2.539,16000,คัดพุงจังช่วงนี้,แน่นท้องจังช่วงนี้,south,voice_44,voice_44,True
audio_data/south/voice_44/voice_44_aug_26.wav,2.539,16000,คัดพุงจังช่วงนี้,แน่นท้องจังช่วงนี้,south,voice_44,voice_44,True
audio_data/south/voice_44/voice_44_aug_27.wav,2.539,16000,คัดพุงจังช่วงนี้,แน่นท้องจังช่วงนี้,south,voice_44,voice_44,True
audio_data/south/voice_44/voice_44_aug_28.wav,2.539,16000,คัดพุงจังช่วงนี้,แน่นท้องจังช่วงนี้,south,voice_44,voice_44,True
audio_data/south/voice_44/voice_44_aug_29.wav,2.539,16000,คัดพุงจังช่วงนี้,แน่นท้องจังช่วงนี้,south,voice_44,voice_44,True
audio_data/south/voice_44/voice_44_aug_3.wav,2.539,16000,คัดพุงจังช่วงนี้,แน่นท้องจังช่วงนี้,south,voice_44,voice_44,True
audio_data/south/voice_44/voice_44_aug_30.wav,2.539,16000,คัดพุงจังช่วงนี้,แน่นท้องจังช่วงนี้,south,voice_44,voice_44,True
audio_data/south/voice_44/voice_44_aug_31.wav,2.539,16000,คัดพุงจังช่วงนี้,แน่นท้องจังช่วงนี้,south,voice_44,voice_44,True
audio_data/south/voice_44/voice_44_aug_32.wav,2.539,16000,คัดพุงจังช่วงนี้,แน่นท้องจังช่วงนี้,south,voice_44,voice_44,True
audio_data/south/voice_44/voice_44_aug_33.wav,2.539,16000,คัดพุงจังช่วงนี้,แน่นท้องจังช่วงนี้,south,voice_44,voice_44,True
audio_data/south/voice_44/voice_44_aug_34.wav,2.539,16000,คัดพุงจังช่วงนี้,แน่นท้องจังช่วงนี้,south,voice_44,voice_44,True
audio_data/south/voice_44/voice_44_aug_35.wav,2.539,16000,คัดพุงจังช่วงนี้,แน่นท้องจังช่วงนี้,south,voice_44,voice_44,True
audio_data/south/voice_44/voice_44_aug_36.wav,2.539,16000,คัดพุงจังช่วงนี้,แน่นท้องจังช่วงนี้,south,voice_44,voice_44,True
audio_data/south/voice_44/voice_44_aug_37.wav,2.539,16000,คัดพุงจังช่วงนี้,แน่นท้องจังช่วงนี้,south,voice_44,voice_44,True
audio_data/south/voice_44/voice_44_aug_38.wav,2.539,16000,คัดพุงจังช่วงนี้,แน่นท้องจังช่วงนี้,south,voice_44,voice_44,True
audio_data/south/voice_44/voice_44_aug_39.wav,2.539,16000,คัดพุงจังช่วงนี้,แน่นท้องจังช่วงนี้,south,voice_44,voice_44,True
audio_data/south/voice_44/voice_44_aug_4.wav,2.539,16000,คัดพุงจังช่วงนี้,แน่นท้องจังช่วงนี้,south,voice_44,voice_44,True
audio_data/south/voice_44/voice_44_aug_40.wav,2.539,16000,คัดพุงจังช่วงนี้,แน่นท้องจังช่วงนี้,south,voice_44,voice_44,True
audio_data/south/voice_44/voice_44_aug_41.wav,2.539,16000,คัดพุงจังช่วงนี้,แน่นท้องจังช่วงนี้,south,voice_44,voice_44,True
audio_data/south/voice_44/voice_44_aug_42.wav,2.539,16000,คัดพุงจังช่วงนี้,แน่นท้องจังช่วงนี้,south,voice_44,voice_44,True
audio_data/south/voice_44/voice_44_aug_43.wav,2.539,16000,คัดพุงจังช่วงนี้,แน่นท้องจังช่วงนี้,south,voice_44,voice_44,True
audio_data/south/voice_44/voice_44_aug_44.wav,2.539,16000,คัดพุงจังช่วงนี้,แน่นท้องจังช่วงนี้,south,voice_44,voice_44,True
audio_data/south/voice_44/voice_44_aug_45.wav,2.539,16000,คัดพุงจังช่วงนี้,แน่นท้องจังช่วงนี้,south,voice_44,voice_44,True
audio_data/south/voice_44/voice_44_aug_46.wav,2.539,16000,คัดพุงจังช่วงนี้,แน่นท้องจังช่วงนี้,south,voice_44,voice_44,True
audio_data/south/voice_44/voice_44_aug_47.wav,2.539,16000,คัดพุงจังช่วงนี้,แน่นท้องจังช่วงนี้,south,voice_44,voice_44,True
audio_data/south/voice_44/voice_44_aug_48.wav,2.539,16000,คัดพุงจังช่วงนี้,แน่นท้องจังช่วงนี้,south,voice_44,voice_44,True
audio_data/south/voice_44/voice_44_aug_49.wav,2.539,16000,คัดพุงจังช่วงนี้,แน่นท้องจังช่วงนี้,south,voice_44,voice_44,True
audio_data/south/voice_44/voice_44_aug_5.wav,2.539,16000,คัดพุงจังช่วงนี้,แน่นท้องจังช่วงนี้,south,voice_44,voice_44,True
audio_data/south/voice_44/voice_44_aug_50.wav,2.539,16000,คัดพุงจังช่วงนี้,แน่นท้องจังช่วงนี้,south,voice_44,voice_44,True
audio_data/south/voice_44/voice_44_aug_51.wav,2.539,16000,คัดพุงจังช่วงนี้,แน่นท้องจังช่วงนี้,south,voice_44,voice_44,True
audio_data/south/voice_44/voice_44_aug_52.wav,2.539,16000,คัดพุงจังช่วงนี้,แน่นท้องจังช่วงนี้,south,voice_44,voice_44,True
audio_data/south/voice_44/voice_44_aug_53.wav,2.539,16000,คัดพุงจังช่วงนี้,แน่นท้องจังช่วงนี้,south,voice_44,voice_44,True
audio_data/south/voice_44/voice_44_aug_54.wav,2.539,16000,คัดพุงจังช่วงนี้,แน่นท้องจังช่วงนี้,south,voice_44,voice_44,True
audio_data/south/voice_44/voice_44_aug_55.wav,2.539,16000,คัดพุงจังช่วงนี้,แน่นท้องจังช่วงนี้,south,voice_44,voice_44,True
audio_data/south/voice_44/voice_44_aug_56.wav,2.539,16000,คัดพุงจังช่วงนี้,แน่นท้องจังช่วงนี้,south,voice_44,voice_44,True
audio_data/south/voice_44/voice_44_aug_57.wav,2.539,16000,คัดพุงจังช่วงนี้,แน่นท้องจังช่วงนี้,south,voice_44,voice_44,True
audio_data/south/voice_44/voice_44_aug_58.wav,2.539,16000,คัดพุงจังช่วงนี้,แน่นท้องจังช่วงนี้,south,voice_44,voice_44,True
audio_data/south/voice_44/voice_44_aug_59.wav,2.539,16000,คัดพุงจังช่วงนี้,แน่นท้องจังช่วงนี้,south,voice_44,voice_44,True
audio_data/south/voice_44/voice_44_aug_6.wav,2.539,16000,คัดพุงจังช่วงนี้,แน่นท้องจังช่วงนี้,south,voice_44,voice_44,True
audio_data/south/voice_44/voice_44_aug_60.wav,2.539,16000,คัดพุงจังช่วงนี้,แน่นท้องจังช่วงนี้,south,voice_44,voice_44,True
audio_data/south/voice_44/voice_44_aug_61.wav,2.539,16000,คัดพุงจังช่วงนี้,แน่นท้องจังช่วงนี้,south,voice_44,voice_44,True
audio_data/south/voice_44/voice_44_aug_62.wav,2.539,16000,คัดพุงจังช่วงนี้,แน่นท้องจังช่วงนี้,south,voice_44,voice_44,True
audio_data/south/voice_44/voice_44_aug_63.wav,2.539,16000,คัดพุงจังช่วงนี้,แน่นท้องจังช่วงนี้,south,voice_44,voice_44,True
audio_data/south/voice_44/voice_44_aug_64.wav,2.539,16000,คัดพุงจังช่วงนี้,แน่นท้องจังช่วงนี้,south,voice_44,voice_44,True
audio_data/south/voice_44/voice_44_aug_65.wav,2.539,16000,คัดพุงจังช่วงนี้,แน่นท้องจังช่วงนี้,south,voice_44,voice_44,True
audio_data/south/voice_44/voice_44_aug_66.wav,2.539,16000,คัดพุงจังช่วงนี้,แน่นท้องจังช่วงนี้,south,voice_44,voice_44,True
audio_data/south/voice_44/voice_44_aug_67.wav,2.539,16000,คัดพุงจังช่วงนี้,แน่นท้องจังช่วงนี้,south,voice_44,voice_44,True
audio_data/south/voice_44/voice_44_aug_68.wav,2.539,16000,คัดพุงจังช่วงนี้,แน่นท้องจังช่วงนี้,south,voice_44,voice_44,True
audio_data/south/voice_44/voice_44_aug_69.wav,2.539,16000,คัดพุงจังช่วงนี้,แน่นท้องจังช่วงนี้,south,voice_44,voice_44,True
audio_data/south/voice_44/voice_44_aug_7.wav,2.539,16000,คัดพุงจังช่วงนี้,แน่นท้องจังช่วงนี้,south,voice_44,voice_44,True
audio_data/south/voice_44/voice_44_aug_70.wav,2.539,16000,คัดพุงจังช่วงนี้,แน่นท้องจังช่วงนี้,south,voice_44,voice_44,True
audio_data/south/voice_44/voice_44_aug_71.wav,2.539,16000,คัดพุงจังช่วงนี้,แน่นท้องจังช่วงนี้,south,voice_44,voice_44,True
audio_data/south/voice_44/voice_44_aug_72.wav,2.539,16000,คัดพุงจังช่วงนี้,แน่นท้องจังช่วงนี้,south,voice_44,voice_44,True
audio_data/south/voice_44/voice_44_aug_73.wav,2.539,16000,คัดพุงจังช่วงนี้,แน่นท้องจังช่วงนี้,south,voice_44,voice_44,True
audio_data/south/voice_44/voice_44_aug_74.wav,2.539,16000,คัดพุงจังช่วงนี้,แน่นท้องจังช่วงนี้,south,voice_44,voice_44,True
audio_data/south/voice_44/voice_44_aug_75.wav,2.539,16000,คัดพุงจังช่วงนี้,แน่นท้องจังช่วงนี้,south,voice_44,voice_44,True
audio_data/south/voice_44/voice_44_aug_76.wav,2.539,16000,คัดพุงจังช่วงนี้,แน่นท้องจังช่วงนี้,south,voice_44,voice_44,True
audio_data/south/voice_44/voice_44_aug_77.wav,2.539,16000,คัดพุงจังช่วงนี้,แน่นท้องจังช่วงนี้,south,voice_44,voice_44,True
audio_data/south/voice_44/voice_44_aug_78.wav,2.539,16000,คัดพุงจังช่วงนี้,แน่นท้องจังช่วงนี้,south,voice_44,voice_44,True
audio_data/south/voice_44/voice_44_aug_79.wav,2.539,16000,คัดพุงจังช่วงนี้,แน่นท้องจังช่วงนี้,south,voice_44,voice_44,True
audio_data/south/voice_44/voice_44_aug_8.wav,2.539,16000,คัดพุงจังช่วงนี้,แน่นท้องจังช่วงนี้,south,voice_44,voice_44,True
audio_data/south/voice_44/voice_44_aug_80.wav,2.539,16000,คัดพุงจังช่วงนี้,แน่นท้องจังช่วงนี้,south,voice_44,voice_44,True
audio_data/south/voice_44/voice_44_aug_81.wav,2.539,16000,คัดพุงจังช่วงนี้,แน่นท้องจังช่วงนี้,south,voice_44,voice_44,True
audio_data/south/voice_44/voice_44_aug_82.wav,2.539,16000,คัดพุงจังช่วงนี้,แน่นท้องจังช่วงนี้,south,voice_44,voice_44,True
audio_data/south/voice_44/voice_44_aug_83.wav,2.539,16000,คัดพุงจังช่วงนี้,แน่นท้องจังช่วงนี้,south,voice_44,voice_44,True
audio_data/south/voice_44/voice_44_aug_84.wav,2.539,16000,คัดพุงจังช่วงนี้,แน่นท้องจังช่วงนี้,south,voice_44,voice_44,True
audio_data/south/voice_44/voice_44_aug_85.wav,2.539,16000,คัดพุงจังช่วงนี้,แน่นท้องจังช่วงนี้,south,voice_44,voice_44,True
audio_data/south/voice_44/voice_44_aug_86.wav,2.539,16000,คัดพุงจังช่วงนี้,แน่นท้องจังช่วงนี้,south,voice_44,voice_44,True
audio_data/south/voice_44/voice_44_aug_87.wav,2.539,16000,คัดพุงจังช่วงนี้,แน่นท้องจังช่วงนี้,south,voice_44,voice_44,True
audio_data/south/voice_44/voice_44_aug_88.wav,2.539,16000,คัดพุงจังช่วงนี้,แน่นท้องจังช่วงนี้,south,voice_44,voice_44,True
audio_data/south/voice_44/voice_44_aug_89.wav,2.539,16000,คัดพุงจังช่วงนี้,แน่นท้องจังช่วงนี้,south,voice_44,voice_44,True
audio_data/south/voice_44/voice_44_aug_9.wav,2.539,16000,คัดพุงจังช่วงนี้,แน่นท้องจังช่วงนี้,south,voice_44,voice_44,True
audio_data/south/voice_44/voice_44_aug_90.wav,2.539,16000,คัดพุงจังช่วงนี้,แน่นท้องจังช่วงนี้,south,voice_44,voice_44,True
audio_data/south/voice_44/voice_44_aug_91.wav,2.539,16000,คัดพุงจังช่วงนี้,แน่นท้องจังช่วงนี้,south,voice_44,voice_44,True
audio_data/south/voice_44/voice_44_aug_92.wav,2.539,16000,คัดพุงจังช่วงนี้,แน่นท้องจังช่วงนี้,south,voice_44,voice_44,True
audio_data/south/voice_44/voice_44_aug_93.wav,2.539,16000,คัดพุงจังช่วงนี้,แน่นท้องจังช่วงนี้,south,voice_44,voice_44,True
audio_data/south/voice_44/voice_44_aug_94.wav,2.539,16000,คัดพุงจังช่วงนี้,แน่นท้องจังช่วงนี้,south,voice_44,voice_44,True
audio_data/south/voice_44/voice_44_aug_95.wav,2.539,16000,คัดพุงจังช่วงนี้,แน่นท้องจังช่วงนี้,south,voice_44,voice_44,True
audio_data/south/voice_44/voice_44_aug_96.wav,2.539,16000,คัดพุงจังช่วงนี้,แน่นท้องจังช่วงนี้,south,voice_44,voice_44,True
audio_data/south/voice_44/voice_44_aug_97.wav,2.539,16000,คัดพุงจังช่วงนี้,แน่นท้องจังช่วงนี้,south,voice_44,voice_44,True
audio_data/south/voice_44/voice_44_aug_98.wav,2.539,16000,คัดพุงจังช่วงนี้,แน่นท้องจังช่วงนี้,south,voice_44,voice_44,True
audio_data/south/voice_44/voice_44_aug_99.wav,2.539,16000,คัดพุงจังช่วงนี้,แน่นท้องจังช่วงนี้,south,voice_44,voice_44,True
audio_data/south/voice_45/voice_45_1.wav,1.984,16000,เฉียวฉาว,ไม่สบายตัว,south,voice_45,voice_45_1,False
audio_data/south/voice_45/voice_45_aug_1.wav,1.984,16000,เฉียวฉาว,ไม่สบายตัว,south,voice_45,voice_45,True
audio_data/south/voice_45/voice_45_aug_10.wav,1.984,16000,เฉียวฉาว,ไม่สบายตัว,south,voice_45,voice_45,True
audio_data/south/voice_45/voice_45_aug_100.wav,1.984,16000,เฉียวฉาว,ไม่สบายตัว,south,voice_45,voice_45,True
audio_data/south/voice_45/voice_45_aug_11.wav,1.984,16000,เฉียวฉาว,ไม่สบายตัว,south,voice_45,voice_45,True
audio_data/south/voice_45/voice_45_aug_12.wav,1.984,16000,เฉียวฉาว,ไม่สบายตัว,south,voice_45,voice_45,True
audio_data/south/voice_45/voice_45_aug_13.wav,1.984,16000,เฉียวฉาว,ไม่สบายตัว,south,voice_45,voice_45,True
audio_data/south/voice_45/voice_45_aug_14.wav,1.984,16000,เฉียวฉาว,ไม่สบายตัว,south,voice_45,voice_45,True
audio_data/south/voice_45/voice_45_aug_15.wav,1.984,16000,เฉียวฉาว,ไม่สบายตัว,south,voice_45,voice_45,True
audio_data/south/voice_45/voice_45_aug_16.wav,1.984,16000,เฉียวฉาว,ไม่สบายตัว,south,voice_45,voice_45,True
audio_data/south/voice_45/voice_45_aug_17.wav,1.984,16000,เฉียวฉาว,ไม่สบายตัว,south,voice_45,voice_45,True
audio_data/south/voice_45/voice_45_aug_18.wav,1.984,16000,เฉียวฉาว,ไม่สบายตัว,south,voice_45,voice_45,True
audio_data/south/voice_45/voice_45_aug_19.wav,1.984,16000,เฉียวฉาว,ไม่สบายตัว,south,voice_45,voice_45,True
audio_data/south/voice_45/voice_45_aug_2.wav,1.984,16000,เฉียวฉาว,ไม่สบายตัว,south,voice_45,voice_45,True
audio_data/south/voice_45/voice_45_aug_20.wav,1.984,16000,เฉียวฉาว,ไม่สบายตัว,south,voice_45,voice_45,True
audio_data/south/voice_45/voice_45_aug_21.wav,1.984,16000,เฉียวฉาว,ไม่สบายตัว,south,voice_45,voice_45,True
audio_data/south/voice_45/voice_45_aug_22.wav,1.984,16000,เฉียวฉาว,ไม่สบายตัว,south,voice_45,voice_45,True
audio_data/south/voice_45/voice_45_aug_23.wav,1.984,16000,เฉียวฉาว,ไม่สบายตัว,south,voice_45,voice_45,True
audio_data/south/voice_45/voice_45_aug_24.wav,1.984,16000,เฉียวฉาว,ไม่สบายตัว,south,voice_45,voice_45,True
audio_data/south/voice_45/voice_45_aug_25.wav,1.984,16000,เฉียวฉาว,ไม่สบายตัว,south,voice_45,voice_45,True
audio_data/south/voice_45/voice_45_aug_26.wav,1.984,16000,เฉียวฉาว,ไม่สบายตัว,south,voice_45,voice_45,True
audio_data/south/voice_45/voice_45_aug_27.wav,1.984,16000,เฉียวฉาว,ไม่สบายตัว,south,voice_45,voice_45,True
audio_data/south/voice_45/voice_45_aug_28.wav,1.984,16000,เฉียวฉาว,ไม่สบายตัว,south,voice_45,voice_45,True
audio_data/south/voice_45/voice_45_aug_29.wav,1.984,16000,เฉียวฉาว,ไม่สบายตัว,south,voice_45,voice_45,True
audio_data/south/voice_45/voice_45_aug_3.wav,1.984,16000,เฉียวฉาว,ไม่สบายตัว,south,voice_45,voice_45,True
audio_data/south/voice_45/voice_45_aug_30.wav,1.984,16000,เฉียวฉาว,ไม่สบายตัว,south,voice_45,voice_45,True
audio_data/south/voice_45/voice_45_aug_31.wav,1.984,16000,เฉียวฉาว,ไม่สบายตัว,south,voice_45,voice_45,True
audio_data/south/voice_45/voice_45_aug_32.wav,1.984,16000,เฉียวฉาว,ไม่สบายตัว,south,voice_45,voice_45,True
audio_data/south/voice_45/voice_45_aug_33.wav,1.984,16000,เฉียวฉาว,ไม่สบายตัว,south,voice_45,voice_45,True
audio_data/south/voice_45/voice_45_aug_34.wav,1.984,16000,เฉียวฉาว,ไม่สบายตัว,south,voice_45,voice_45,True
audio_data/south/voice_45/voice_45_aug_35.wav,1.984,16000,เฉียวฉาว,ไม่สบายตัว,south,voice_45,voice_45,True
audio_data/south/voice_45/voice_45_aug_36.wav,1.984,16000,เฉียวฉาว,ไม่สบายตัว,south,voice_45,voice_45,True
audio_data/south/voice_45/voice_45_aug_37.wav,1.984,16000,เฉียวฉาว,ไม่สบายตัว,south,voice_45,voice_45,True
audio_data/south/voice_45/voice_45_aug_38.wav,1.984,16000,เฉียวฉาว,ไม่สบายตัว,south,voice_45,voice_45,True
audio_data/south/voice_45/voice_45_aug_39.wav,1.984,16000,เฉียวฉาว,ไม่สบายตัว,south,voice_45,voice_45,True
audio_data/south/voice_45/voice_45_aug_4.wav,1.984,16000,เฉียวฉาว,ไม่สบายตัว,south,voice_45,voice_45,True
audio_data/south/voice_45/voice_45_aug_40.wav,1.984,16000,เฉียวฉาว,ไม่สบายตัว,south,voice_45,voice_45,True
audio_data/south/voice_45/voice_45_aug_41.wav,1.984,16000,เฉียวฉาว,ไม่สบายตัว,south,voice_45,voice_45,True
audio_data/south/voice_45/voice_45_aug_42.wav,1.984,16000,เฉียวฉาว,ไม่สบายตัว,south,voice_45,voice_45,True
audio_data/south/voice_45/voice_45_aug_43.wav,1.984,16000,เฉียวฉาว,ไม่สบายตัว,south,voice_45,voice_45,True
audio_data/south/voice_45/voice_45_aug_44.wav,1.984,16000,เฉียวฉาว,ไม่สบายตัว,south,voice_45,voice_45,True
audio_data/south/voice_45/voice_45_aug_45.wav,1.984,16000,เฉียวฉาว,ไม่สบายตัว,south,voice_45,voice_45,True
audio_data/south/voice_45/voice_45_aug_46.wav,1.984,16000,เฉียวฉาว,ไม่สบายตัว,south,voice_45,voice_45,True
audio_data/south/voice_45/voice_45_aug_47.wav,1.984,16000,เฉียวฉาว,ไม่สบายตัว,south,voice_45,voice_45,True
audio_data/south/voice_45/voice_45_aug_48.wav,1.984,16000,เฉียวฉาว,ไม่สบายตัว,south,voice_45,voice_45,True
audio_data/south/voice_45/voice_45_aug_49.wav,1.984,16000,เฉียวฉาว,ไม่สบายตัว,south,voice_45,voice_45,True
audio_data/south/voice_45/voice_45_aug_5.wav,1.984,16000,เฉียวฉาว,ไม่สบายตัว,south,voice_45,voice_45,True
audio_data/south/voice_45/voice_45_aug_50.wav,1.984,16000,เฉียวฉาว,ไม่สบายตัว,south,voice_45,voice_45,True
audio_data/south/voice_45/voice_45_aug_51.wav,1.984,16000,เฉียวฉาว,ไม่สบายตัว,south,voice_45,voice_45,True
audio_data/south/voice_45/voice_45_aug_52.wav,1.984,16000,เฉียวฉาว,ไม่สบายตัว,south,voice_45,voice_45,True
audio_data/south/voice_45/voice_45_aug_53.wav,1.984,16000,เฉียวฉาว,ไม่สบายตัว,south,voice_45,voice_45,True
audio_data/south/voice_45/voice_45_aug_54.wav,1.984,16000,เฉียวฉาว,ไม่สบายตัว,south,voice_45,voice_45,True
audio_data/south/voice_45/voice_45_aug_55.wav,1.984,16000,เฉียวฉาว,ไม่สบายตัว,south,voice_45,voice_45,True
audio_data/south/voice_45/voice_45_aug_56.wav,1.984,16000,เฉียวฉาว,ไม่สบายตัว,south,voice_45,voice_45,True
audio_data/south/voice_45/voice_45_aug_57.wav,1.984,16000,เฉียวฉาว,ไม่สบายตัว,south,voice_45,voice_45,True
audio_data/south/voice_45/voice_45_aug_58.wav,1.984,16000,เฉียวฉาว,ไม่สบายตัว,south,voice_45,voice_45,True
audio_data/south/voice_45/voice_45_aug_59.wav,1.984,16000,เฉียวฉาว,ไม่สบายตัว,south,voice_45,voice_45,True
audio_data/south/voice_45/voice_45_aug_6.wav,1.984,16000,เฉียวฉาว,ไม่สบายตัว,south,voice_45,voice_45,True
audio_data/south/voice_45/voice_45_aug_60.wav,1.984,16000,เฉียวฉาว,ไม่สบายตัว,south,voice_45,voice_45,True
audio_data/south/voice_45/voice_45_aug_61.wav,1.984,16000,เฉียวฉาว,ไม่สบายตัว,south,voice_45,voice_45,True
audio_data/south/voice_45/voice_45_aug_62.wav,1.984,16000,เฉียวฉาว,ไม่สบายตัว,south,voice_45,voice_45,True
audio_data/south/voice_45/voice_45_aug_63.wav,1.984,16000,เฉียวฉาว,ไม่สบายตัว,south,voice_45,voice_45,True
audio_data/south/voice_45/voice_45_aug_64.wav,1.984,16000,เฉียวฉาว,ไม่สบายตัว,south,voice_45,voice_45,True
audio_data/south/voice_45/voice_45_aug_65.wav,1.984,16000,เฉียวฉาว,ไม่สบายตัว,south,voice_45,voice_45,True
audio_data/south/voice_45/voice_45_aug_66.wav,1.984,16000,เฉียวฉาว,ไม่สบายตัว,south,voice_45,voice_45,True
audio_data/south/voice_45/voice_45_aug_67.wav,1.984,16000,เฉียวฉาว,ไม่สบายตัว,south,voice_45,voice_45,True
audio_data/south/voice_45/voice_45_aug_68.wav,1.984,16000,เฉียวฉาว,ไม่สบายตัว,south,voice_45,voice_45,True
audio_data/south/voice_45/voice_45_aug_69.wav,1.984,16000,เฉียวฉาว,ไม่สบายตัว,south,voice_45,voice_45,True
audio_data/south/voice_45/voice_45_aug_7.wav,1.984,16000,เฉียวฉาว,ไม่สบายตัว,south,voice_45,voice_45,True
audio_data/south/voice_45/voice_45_aug_70.wav,1.984,16000,เฉียวฉาว,ไม่สบายตัว,south,voice_45,voice_45,True
audio_data/south/voice_45/voice_45_aug_71.wav,1.984,16000,เฉียวฉาว,ไม่สบายตัว,south,voice_45,voice_45,True
audio_data/south/voice_45/voice_45_aug_72.wav,1.984,16000,เฉียวฉาว,ไม่สบายตัว,south,voice_45,voice_45,True
audio_data/south/voice_45/voice_45_aug_73.wav,1.984,16000,เฉียวฉาว,ไม่สบายตัว,south,voice_45,voice_45,True
audio_data/south/voice_45/voice_45_aug_74.wav,1.984,16000,เฉียวฉาว,ไม่สบายตัว,south,voice_45,voice_45,True
audio_data/south/voice_45/voice_45_aug_75.wav,1.984,16000,เฉียวฉาว,ไม่สบายตัว,south,voice_45,voice_45,True
audio_data/south/voice_45/voice_45_aug_76.wav,1.984,16000,เฉียวฉาว,ไม่สบายตัว,south,voice_45,voice_45,True
audio_data/south/voice_45/voice_45_aug_77.wav,1.984,16000,เฉียวฉาว,ไม่สบายตัว,south,voice_45,voice_45,True
audio_data/south/voice_45/voice_45_aug_78.wav,1.984,16000,เฉียวฉาว,ไม่สบายตัว,south,voice_45,voice_45,True
audio_data/south/voice_45/voice_45_aug_79.wav,1.984,16000,เฉียวฉาว,ไม่สบายตัว,south,voice_45,voice_45,True
audio_data/south/voice_45/voice_45_aug_8.wav,1.984,16000,เฉียวฉาว,ไม่สบายตัว,south,voice_45,voice_45,True
audio_data/south/voice_45/voice_45_aug_80.wav,1.984,16000,เฉียวฉาว,ไม่สบายตัว,south,voice_45,voice_45,True
audio_data/south/voice_45/voice_45_aug_81.wav,1.984,16000,เฉียวฉาว,ไม่สบายตัว,south,voice_45,voice_45,True
audio_data/south/voice_45/voice_45_aug_82.wav,1.984,16000,เฉียวฉาว,ไม่สบายตัว,south,voice_45,voice_45,True
audio_data/south/voice_45/voice_45_aug_83.wav,1.984,16000,เฉียวฉาว,ไม่สบายตัว,south,voice_45,voice_45,True
audio_data/south/voice_45/voice_45_aug_84.wav,1.984,16000,เฉียวฉาว,ไม่สบายตัว,south,voice_45,voice_45,True
audio_data/south/voice_45/voice_45_aug_85.wav,1.984,16000,เฉียวฉาว,ไม่สบายตัว,south,voice_45,voice_45,True
audio_data/south/voice_45/voice_45_aug_86.wav,1.984,16000,เฉียวฉาว,ไม่สบายตัว,south,voice_45,voice_45,True
audio_data/south/voice_45/voice_45_aug_87.wav,1.984,16000,เฉียวฉาว,ไม่สบายตัว,south,voice_45,voice_45,True
audio_data/south/voice_45/voice_45_aug_88.wav,1.984,16000,เฉียวฉาว,ไม่สบายตัว,south,voice_45,voice_45,True
audio_data/south/voice_45/voice_45_aug_89.wav,1.984,16000,เฉียวฉาว,ไม่สบายตัว,south,voice_45,voice_45,True
audio_data/south/voice_45/voice_45_aug_9.wav,1.984,16000,เฉียวฉาว,ไม่สบายตัว,south,voice_45,voice_45,True
audio_data/south/voice_45/voice_45_aug_90.wav,1.984,16000,เฉียวฉาว,ไม่สบายตัว,south,voice_45,voice_45,True
audio_data/south/voice_45/voice_45_aug_91.wav,1.984,16000,เฉียวฉาว,ไม่สบายตัว,south,voice_45,voice_45,True
audio_data/south/voice_45/voice_45_aug_92.wav,1.984,16000,เฉียวฉาว,ไม่สบายตัว,south,voice_45,voice_45,True
audio_data/south/voice_45/voice_45_aug_93.wav,1.984,16000,เฉียวฉาว,ไม่สบายตัว,south,voice_45,voice_45,True
audio_data/south/voice_45/voice_45_aug_94.wav,1.984,16000,เฉียวฉาว,ไม่สบายตัว,south,voice_45,voice_45,True
audio_data/south/voice_45/voice_45_aug_95.wav,1.984,16000,เฉียวฉาว,ไม่สบายตัว,south,voice_45,voice_45,True
audio_data/south/voice_45/voice_45_aug_96.wav,1.984,16000,เฉียวฉาว,ไม่สบายตัว,south,voice_45,voice_45,True
audio_data/south/voice_45/voice_45_aug_97.wav,1.984,16000,เฉียวฉาว,ไม่สบายตัว,south,voice_45,voice_45,True
audio_data/south/voice_45/voice_45_aug_98.wav,1.984,16000,เฉียวฉาว,ไม่สบายตัว,south,voice_45,voice_45,True
audio_data/south/voice_45/voice_45_aug_99.wav,1.984,16000,เฉียวฉาว,ไม่สบายตัว,south,voice_45,voice_45,True
audio_data/south/voice_46/voice_46_1.wav,1.728,16000,ไอ้ยะ,ตกใจ,south,voice_46,voice_46_1,False
audio_data/south/voice_46/voice_46_aug_1.wav,1.728,16000,ไอ้ยะ,ตกใจ,south,voice_46,voice_46,True
audio_data/south/voice_46/voice_46_aug_10.wav,1.728,16000,ไอ้ยะ,ตกใจ,south,voice_46,voice_46,True
audio_data/south/voice_46/voice_46_aug_100.wav,1.728,16000,ไอ้ยะ,ตกใจ,south,voice_46,voice_46,True
audio_data/south/voice_46/voice_46_aug_11.wav,1.728,16000,ไอ้ยะ,ตกใจ,south,voice_46,voice_46,True
audio_data/south/voice_46/voice_46_aug_12.wav,1.728,16000,ไอ้ยะ,ตกใจ,south,voice_46,voice_46,True
audio_data/south/voice_46/voice_46_aug_13.wav,1.728,16000,ไอ้ยะ,ตกใจ,south,voice_46,voice_46,True
audio_data/south/voice_46/voice_46_aug_14.wav,1.728,16000,ไอ้ยะ,ตกใจ,south,voice_46,voice_46,True
audio_data/south/voice_46/voice_46_aug_15.wav,1.728,16000,ไอ้ยะ,ตกใจ,south,voice_46,voice_46,True
audio_data/south/voice_46/voice_46_aug_16.wav,1.728,16000,ไอ้ยะ,ตกใจ,south,voice_46,voice_46,True
audio_data/south/voice_46/voice_46_aug_17.wav,1.728,16000,ไอ้ยะ,ตกใจ,south,voice_46,voice_46,True
audio_data/south/voice_46/voice_46_aug_18.wav,1.728,16000,ไอ้ยะ,ตกใจ,south,voice_46,voice_46,True
audio_data/south/voice_46/voice_46_aug_19.wav,1.728,16000,ไอ้ยะ,ตกใจ,south,voice_46,voice_46,True
audio_data/south/voice_46/voice_46_aug_2.wav,1.728,16000,ไอ้ยะ,ตกใจ,south,voice_46,voice_46,True
audio_data/south/voice_46/voice_46_aug_20.wav,1.728,16000,ไอ้ยะ,ตกใจ,south,voice_46,voice_46,True
audio_data/south/voice_46/voice_46_aug_21.wav,1.728,16000,ไอ้ยะ,ตกใจ,south,voice_46,voice_46,True
audio_data/south/voice_46/voice_46_aug_22.wav,1.728,16000,ไอ้ยะ,ตกใจ,south,voice_46,voice_46,True
audio_data/south/voice_46/voice_46_aug_23.wav,1.728,16000,ไอ้ยะ,ตกใจ,south,voice_46,voice_46,True
audio_data/south/voice_46/voice_46_aug_24.wav,1.728,16000,ไอ้ยะ,ตกใจ,south,voice_46,voice_46,True
audio_data/south/voice_46/voice_46_aug_25.wav,1.728,16000,ไอ้ยะ,ตกใจ,south,voice_46,voice_46,True
audio_data/south/voice_46/voice_46_aug_26.wav,1.728,16000,ไอ้ยะ,ตกใจ,south,voice_46,voice_46,True
audio_data/south/voice_46/voice_46_aug_27.wav,1.728,16000,ไอ้ยะ,ตกใจ,south,voice_46,voice_46,True
audio_data/south/voice_46/voice_46_aug_28.wav,1.728,16000,ไอ้ยะ,ตกใจ,south,voice_46,voice_46,True
audio_data/south/voice_46/voice_46_aug_29.wav,1.728,16000,ไอ้ยะ,ตกใจ,south,voice_46,voice_46,True
audio_data/south/voice_46/voice_46_aug_3.wav,1.728,16000,ไอ้ยะ,ตกใจ,south,voice_46,voice_46,True
audio_data/south/voice_46/voice_46_aug_30.wav,1.728,16000,ไอ้ยะ,ตกใจ,south,voice_46,voice_46,True
audio_data/south/voice_46/voice_46_aug_31.wav,1.728,16000,ไอ้ยะ,ตกใจ,south,voice_46,voice_46,True
audio_data/south/voice_46/voice_46_aug_32.wav,1.728,16000,ไอ้ยะ,ตกใจ,south,voice_46,voice_46,True
audio_data/south/voice_46/voice_46_aug_33.wav,1.728,16000,ไอ้ยะ,ตกใจ,south,voice_46,voice_46,True
audio_data/south/voice_46/voice_46_aug_34.wav,1.728,16000,ไอ้ยะ,ตกใจ,south,voice_46,voice_46,True
audio_data/south/voice_46/voice_46_aug_35.wav,1.728,16000,ไอ้ยะ,ตกใจ,south,voice_46,voice_46,True
audio_data/south/voice_46/voice_46_aug_36.wav,1.728,16000,ไอ้ยะ,ตกใจ,south,voice_46,voice_46,True
audio_data/south/voice_46/voice_46_aug_37.wav,1.728,16000,ไอ้ยะ,ตกใจ,south,voice_46,voice_46,True
audio_data/south/voice_46/voice_46_aug_38.wav,1.728,16000,ไอ้ยะ,ตกใจ,south,voice_46,voice_46,True
audio_data/south/voice_46/voice_46_aug_39.wav,1.728,16000,ไอ้ยะ,ตกใจ,south,voice_46,voice_46,True
audio_data/south/voice_46/voice_46_aug_4.wav,1.728,16000,ไอ้ยะ,ตกใจ,south,voice_46,voice_46,True
audio_data/south/voice_46/voice_46_aug_40.wav,1.728,16000,ไอ้ยะ,ตกใจ,south,voice_46,voice_46,True
audio_data/south/voice_46/voice_46_aug_41.wav,1.728,16000,ไอ้ยะ,ตกใจ,south,voice_46,voice_46,True
audio_data/south/voice_46/voice_46_aug_42.wav,1.728,16000,ไอ้ยะ,ตกใจ,south,voice_46,voice_46,True
audio_data/south/voice_46/voice_46_aug_43.wav,1.728,16000,ไอ้ยะ,ตกใจ,south,voice_46,voice_46,True
audio_data/south/voice_46/voice_46_aug_44.wav,1.728,16000,ไอ้ยะ,ตกใจ,south,voice_46,voice_46,True
audio_data/south/voice_46/voice_46_aug_45.wav,1.728,16000,ไอ้ยะ,ตกใจ,south,voice_46,voice_46,True
audio_data/south/voice_46/voice_46_aug_46.wav,1.728,16000,ไอ้ยะ,ตกใจ,south,voice_46,voice_46,True
audio_data/south/voice_46/voice_46_aug_47.wav,1.728,16000,ไอ้ยะ,ตกใจ,south,voice_46,voice_46,True
audio_data/south/voice_46/voice_46_aug_48.wav,1.728,16000,ไอ้ยะ,ตกใจ,south,voice_46,voice_46,True
audio_data/south/voice_46/voice_46_aug_49.wav,1.728,16000,ไอ้ยะ,ตกใจ,south,voice_46,voice_46,True
audio_data/south/voice_46/voice_46_aug_5.wav,1.728,16000,ไอ้ยะ,ตกใจ,south,voice_46,voice_46,True
audio_data/south/voice_46/voice_46_aug_50.wav,1.728,16000,ไอ้ยะ,ตกใจ,south,voice_46,voice_46,True
audio_data/south/voice_46/voice_46_aug_51.wav,1.728,16000,ไอ้ยะ,ตกใจ,south,voice_46,voice_46,True
audio_data/south/voice_46/voice_46_aug_52.wav,1.728,16000,ไอ้ยะ,ตกใจ,south,voice_46,voice_46,True
audio_data/south/voice_46/voice_46_aug_53.wav,1.728,16000,ไอ้ยะ,ตกใจ,south,voice_46,voice_46,True
audio_data/south/voice_46/voice_46_aug_54.wav,1.728,16000,ไอ้ยะ,ตกใจ,south,voice_46,voice_46,True
audio_data/south/voice_46/voice_46_aug_55.wav,1.728,16000,ไอ้ยะ,ตกใจ,south,voice_46,voice_46,True
audio_data/south/voice_46/voice_46_aug_56.wav,1.728,16000,ไอ้ยะ,ตกใจ,south,voice_46,voice_46,True
audio_data/south/voice_46/voice_46_aug_57.wav,1.728,16000,ไอ้ยะ,ตกใจ,south,voice_46,voice_46,True
audio_data/south/voice_46/voice_46_aug_58.wav,1.728,16000,ไอ้ยะ,ตกใจ,south,voice_46,voice_46,True
audio_data/south/voice_46/voice_46_aug_59.wav,1.728,16000,ไอ้ยะ,ตกใจ,south,voice_46,voice_46,True
audio_data/south/voice_46/voice_46_aug_6.wav,1.728,16000,ไอ้ยะ,ตกใจ,south,voice_46,voice_46,True
audio_data/south/voice_46/voice_46_aug_60.wav,1.728,16000,ไอ้ยะ,ตกใจ,south,voice_46,voice_46,True
audio_data/south/voice_46/voice_46_aug_61.wav,1.728,16000,ไอ้ยะ,ตกใจ,south,voice_46,voice_46,True
audio_data/south/voice_46/voice_46_aug_62.wav,1.728,16000,ไอ้ยะ,ตกใจ,south,voice_46,voice_46,True
audio_data/south/voice_46/voice_46_aug_63.wav,1.728,16000,ไอ้ยะ,ตกใจ,south,voice_46,voice_46,True
audio_data/south/voice_46/voice_46_aug_64.wav,1.728,16000,ไอ้ยะ,ตกใจ,south,voice_46,voice_46,True
audio_data/south/voice_46/voice_46_aug_65.wav,1.728,16000,ไอ้ยะ,ตกใจ,south,voice_46,voice_46,True
audio_data/south/voice_46/voice_46_aug_66.wav,1.728,16000,ไอ้ยะ,ตกใจ,south,voice_46,voice_46,True
audio_data/south/voice_46/voice_46_aug_67.wav,1.728,16000,ไอ้ยะ,ตกใจ,south,voice_46,voice_46,True
audio_data/south/voice_46/voice_46_aug_68.wav,1.728,16000,ไอ้ยะ,ตกใจ,south,voice_46,voice_46,True
audio_data/south/voice_46/voice_46_aug_69.wav,1.728,16000,ไอ้ยะ,ตกใจ,south,voice_46,voice_46,True
audio_data/south/voice_46/voice_46_aug_7.wav,1.728,16000,ไอ้ยะ,ตกใจ,south,voice_46,voice_46,True
audio_data/south/voice_46/voice_46_aug_70.wav,1.728,16000,ไอ้ยะ,ตกใจ,south,voice_46,voice_46,True
audio_data/south/voice_46/voice_46_aug_71.wav,1.728,16000,ไอ้ยะ,ตกใจ,south,voice_46,voice_46,True
audio_data/south/voice_46/voice_46_aug_72.wav,1.728,16000,ไอ้ยะ,ตกใจ,south,voice_46,voice_46,True
audio_data/south/voice_46/voice_46_aug_73.wav,1.728,16000,ไอ้ยะ,ตกใจ,south,voice_46,voice_46,True
audio_data/south/voice_46/voice_46_aug_74.wav,1.728,16000,ไอ้ยะ,ตกใจ,south,voice_46,voice_46,True
audio_data/south/voice_46/voice_46_aug_75.wav,1.728,16000,ไอ้ยะ,ตกใจ,south,voice_46,voice_46,True
audio_data/south/voice_46/voice_46_aug_76.wav,1.728,16000,ไอ้ยะ,ตกใจ,south,voice_46,voice_46,True
audio_data/south/voice_46/voice_46_aug_77.wav,1.728,16000,ไอ้ยะ,ตกใจ,south,voice_46,voice_46,True
audio_data/south/voice_46/voice_46_aug_78.wav,1.728,16000,ไอ้ยะ,ตกใจ,south,voice_46,voice_46,True
audio_data/south/voice_46/voice_46_aug_79.wav,1.728,16000,ไอ้ยะ,ตกใจ,south,voice_46,voice_46,True
audio_data/south/voice_46/voice_46_aug_8.wav,1.728,16000,ไอ้ยะ,ตกใจ,south,voice_46,voice_46,True
audio_data/south/voice_46/voice_46_aug_80.wav,1.728,16000,ไอ้ยะ,ตกใจ,south,voice_46,voice_46,True
audio_data/south/voice_46/voice_46_aug_81.wav,1.728,16000,ไอ้ยะ,ตกใจ,south,voice_46,voice_46,True
audio_data/south/voice_46/voice_46_aug_82.wav,1.728,16000,ไอ้ยะ,ตกใจ,south,voice_46,voice_46,True
audio_data/south/voice_46/voice_46_aug_83.wav,1.728,16000,ไอ้ยะ,ตกใจ,south,voice_46,voice_46,True
audio_data/south/voice_46/voice_46_aug_84.wav,1.728,16000,ไอ้ยะ,ตกใจ,south,voice_46,voice_46,True
audio_data/south/voice_46/voice_46_aug_85.wav,1.728,16000,ไอ้ยะ,ตกใจ,south,voice_46,voice_46,True
audio_data/south/voice_46/voice_46_aug_86.wav,1.728,16000,ไอ้ยะ,ตกใจ,south,voice_46,voice_46,True
audio_data/south/voice_46/voice_46_aug_87.wav,1.728,16000,ไอ้ยะ,ตกใจ,south,voice_46,voice_46,True
audio_data/south/voice_46/voice_46_aug_88.wav,1.728,16000,ไอ้ยะ,ตกใจ,south,voice_46,voice_46,True
audio_data/south/voice_46/voice_46_aug_89.wav,1.728,16000,ไอ้ยะ,ตกใจ,south,voice_46,voice_46,True
audio_data/south/voice_46/voice_46_aug_9.wav,1.728,16000,ไอ้ยะ,ตกใจ,south,voice_46,voice_46,True
audio_data/south/voice_46/voice_46_aug_90.wav,1.728,16000,ไอ้ยะ,ตกใจ,south,voice_46,voice_46,True
audio_data/south/voice_46/voice_46_aug_91.wav,1.728,16000,ไอ้ยะ,ตกใจ,south,voice_46,voice_46,True
audio_data/south/voice_46/voice_46_aug_92.wav,1.728,16000,ไอ้ยะ,ตกใจ,south,voice_46,voice_46,True
audio_data/south/voice_46/voice_46_aug_93.wav,1.728,16000,ไอ้ยะ,ตกใจ,south,voice_46,voice_46,True
audio_data/south/voice_46/voice_46_aug_94.wav,1.728,16000,ไอ้ยะ,ตกใจ,south,voice_46,voice_46,True
audio_data/south/voice_46/voice_46_aug_95.wav,1.728,16000,ไอ้ยะ,ตกใจ,south,voice_46,voice_46,True
audio_data/south/voice_46/voice_46_aug_96.wav,1.728,16000,ไอ้ยะ,ตกใจ,south,voice_46,voice_46,True
audio_data/south/voice_46/voice_46_aug_97.wav,1.728,16000,ไอ้ยะ,ตกใจ,south,voice_46,voice_46,True
audio_data/south/voice_46/voice_46_aug_98.wav,1.728,16000,ไอ้ยะ,ตกใจ,south,voice_46,voice_46,True
audio_data/south/voice_46/voice_46_aug_99.wav,1.728,16000,ไอ้ยะ,ตกใจ,south,voice_46,voice_46,True
audio_data/south/voice_47/voice_47_1.wav,1.472,16000,ฮาย,รำคาญ,south,voice_47,voice_47_1,False
audio_data/south/voice_47/voice_47_aug_1.wav,1.472,16000,ฮาย,รำคาญ,south,voice_47,voice_47,True
audio_data/south/voice_47/voice_47_aug_10.wav,1.472,16000,ฮาย,รำคาญ,south,voice_47,voice_47,True
audio_data/south/voice_47/voice_47_aug_100.wav,1.472,16000,ฮาย,รำคาญ,south,voice_47,voice_47,True
audio_data/south/voice_47/voice_47_aug_11.wav,1.472,16000,ฮาย,รำคาญ,south,voice_47,voice_47,True
audio_data/south/voice_47/voice_47_aug_12.wav,1.472,16000,ฮาย,รำคาญ,south,voice_47,voice_47,True
audio_data/south/voice_47/voice_47_aug_13.wav,1.472,16000,ฮาย,รำคาญ,south,voice_47,voice_47,True
audio_data/south/voice_47/voice_47_aug_14.wav,1.472,16000,ฮาย,รำคาญ,south,voice_47,voice_47,True
audio_data/south/voice_47/voice_47_aug_15.wav,1.472,16000,ฮาย,รำคาญ,south,voice_47,voice_47,True
audio_data/south/voice_47/voice_47_aug_16.wav,1.472,16000,ฮาย,รำคาญ,south,voice_47,voice_47,True
audio_data/south/voice_47/voice_47_aug_17.wav,1.472,16000,ฮาย,รำคาญ,south,voice_47,voice_47,True
audio_data/south/voice_47/voice_47_aug_18.wav,1.472,16000,ฮาย,รำคาญ,south,voice_47,voice_47,True
audio_data/south/voice_47/voice_47_aug_19.wav,1.472,16000,ฮาย,รำคาญ,south,voice_47,voice_47,True
audio_data/south/voice_47/voice_47_aug_2.wav,1.472,16000,ฮาย,รำคาญ,south,voice_47,voice_47,True
audio_data/south/voice_47/voice_47_aug_20.wav,1.472,16000,ฮาย,รำคาญ,south,voice_47,voice_47,True
audio_data/south/voice_47/voice_47_aug_21.wav,1.472,16000,ฮาย,รำคาญ,south,voice_47,voice_47,True
audio_data/south/voice_47/voice_47_aug_22.wav,1.472,16000,ฮาย,รำคาญ,south,voice_47,voice_47,True
audio_data/south/voice_47/voice_47_aug_23.wav,1.472,16000,ฮาย,รำคาญ,south,voice_47,voice_47,True
audio_data/south/voice_47/voice_47_aug_24.wav,1.472,16000,ฮาย,รำคาญ,south,voice_47,voice_47,True
audio_data/south/voice_47/voice_47_aug_25.wav,1.472,16000,ฮาย,รำคาญ,south,voice_47,voice_47,True
audio_data/south/voice_47/voice_47_aug_26.wav,1.472,16000,ฮาย,รำคาญ,south,voice_47,voice_47,True
audio_data/south/voice_47/voice_47_aug_27.wav,1.472,16000,ฮาย,รำคาญ,south,voice_47,voice_47,True
audio_data/south/voice_47/voice_47_aug_28.wav,1.472,16000,ฮาย,รำคาญ,south,voice_47,voice_47,True
audio_data/south/voice_47/voice_47_aug_29.wav,1.472,16000,ฮาย,รำคาญ,south,voice_47,voice_47,True
audio_data/south/voice_47/voice_47_aug_3.wav,1.472,16000,ฮาย,รำคาญ,south,voice_47,voice_47,True
audio_data/south/voice_47/voice_47_aug_30.wav,1.472,16000,ฮาย,รำคาญ,south,voice_47,voice_47,True
audio_data/south/voice_47/voice_47_aug_31.wav,1.472,16000,ฮาย,รำคาญ,south,voice_47,voice_47,True
audio_data/south/voice_47/voice_47_aug_32.wav,1.472,16000,ฮาย,รำคาญ,south,voice_47,voice_47,True
audio_data/south/voice_47/voice_47_aug_33.wav,1.472,16000,ฮาย,รำคาญ,south,voice_47,voice_47,True
audio_data/south/voice_47/voice_47_aug_34.wav,1.472,16000,ฮาย,รำคาญ,south,voice_47,voice_47,True
audio_data/south/voice_47/voice_47_aug_35.wav,1.472,16000,ฮาย,รำคาญ,south,voice_47,voice_47,True
audio_data/south/voice_47/voice_47_aug_36.wav,1.472,16000,ฮาย,รำคาญ,south,voice_47,voice_47,True
audio_data/south/voice_47/voice_47_aug_37.wav,1.472,16000,ฮาย,รำคาญ,south,voice_47,voice_47,True
audio_data/south/voice_47/voice_47_aug_38.wav,1.472,16000,ฮาย,รำคาญ,south,voice_47,voice_47,True
audio_data/south/voice_47/voice_47_aug_39.wav,1.472,16000,ฮาย,รำคาญ,south,voice_47,voice_47,True
audio_data/south/voice_47/voice_47_aug_4.wav,1.472,16000,ฮาย,รำคาญ,south,voice_47,voice_47,True
audio_data/south/voice_47/voice_47_aug_40.wav,1.472,16000,ฮาย,รำคาญ,south,voice_47,voice_47,True
audio_data/south/voice_47/voice_47_aug_41.wav,1.472,16000,ฮาย,รำคาญ,south,voice_47,voice_47,True
audio_data/south/voice_47/voice_47_aug_42.wav,1.472,16000,ฮาย,รำคาญ,south,voice_47,voice_47,True
audio_data/south/voice_47/voice_47_aug_43.wav,1.472,16000,ฮาย,รำคาญ,south,voice_47,voice_47,True
audio_data/south/voice_47/voice_47_aug_44.wav,1.472,16000,ฮาย,รำคาญ,south,voice_47,voice_47,True
audio_data/south/voice_47/voice_47_aug_45.wav,1.472,16000,ฮาย,รำคาญ,south,voice_47,voice_47,True
audio_data/south/voice_47/voice_47_aug_46.wav,1.472,16000,ฮาย,รำคาญ,south,voice_47,voice_47,True
audio_data/south/voice_47/voice_47_aug_47.wav,1.472,16000,ฮาย,รำคาญ,south,voice_47,voice_47,True
audio_data/south/voice_47/voice_47_aug_48.wav,1.472,16000,ฮาย,รำคาญ,south,voice_47,voice_47,True
audio_data/south/voice_47/voice_47_aug_49.wav,1.472,16000,ฮาย,รำคาญ,south,voice_47,voice_47,True
audio_data/south/voice_47/voice_47_aug_5.wav,1.472,16000,ฮาย,รำคาญ,south,voice_47,voice_47,True
audio_data/south/voice_47/voice_47_aug_50.wav,1.472,16000,ฮาย,รำคาญ,south,voice_47,voice_47,True
audio_data/south/voice_47/voice_47_aug_51.wav,1.472,16000,ฮาย,รำคาญ,south,voice_47,voice_47,True
audio_data/south/voice_47/voice_47_aug_52.wav,1.472,16000,ฮาย,รำคาญ,south,voice_47,voice_47,True
audio_data/south/voice_47/voice_47_aug_53.wav,1.472,16000,ฮาย,รำคาญ,south,voice_47,voice_47,True
audio_data/south/voice_47/voice_47_aug_54.wav,1.472,16000,ฮาย,รำคาญ,south,voice_47,voice_47,True
audio_data/south/voice_47/voice_47_aug_55.wav,1.472,16000,ฮาย,รำคาญ,south,voice_47,voice_47,True
audio_data/south/voice_47/voice_47_aug_56.wav,1.472,16000,ฮาย,รำคาญ,south,voice_47,voice_47,True
audio_data/south/voice_47/voice_47_aug_57.wav,1.472,16000,ฮาย,รำคาญ,south,voice_47,voice_47,True
audio_data/south/voice_47/voice_47_aug_58.wav,1.472,16000,ฮาย,รำคาญ,south,voice_47,voice_47,True
audio_data/south/voice_47/voice_47_aug_59.wav,1.472,16000,ฮาย,รำคาญ,south,voice_47,voice_47,True
audio_data/south/voice_47/voice_47_aug_6.wav,1.472,16000,ฮาย,รำคาญ,south,voice_47,voice_47,True
audio_data/south/voice_47/voice_47_aug_60.wav,1.472,16000,ฮาย,รำคาญ,south,voice_47,voice_47,True
audio_data/south/voice_47/voice_47_aug_61.wav,1.472,16000,ฮาย,รำคาญ,south,voice_47,voice_47,True
audio_data/south/voice_47/voice_47_aug_62.wav,1.472,16000,ฮาย,รำคาญ,south,voice_47,voice_47,True
audio_data/south/voice_47/voice_47_aug_63.wav,1.472,16000,ฮาย,รำคาญ,south,voice_47,voice_47,True
audio_data/south/voice_47/voice_47_aug_64.wav,1.472,16000,ฮาย,รำคาญ,south,voice_47,voice_47,True
audio_data/south/voice_47/voice_47_aug_65.wav,1.472,16000,ฮาย,รำคาญ,south,voice_47,voice_47,True
audio_data/south/voice_47/voice_47_aug_66.wav,1.472,16000,ฮาย,รำคาญ,south,voice_47,voice_47,True
audio_data/south/voice_47/voice_47_aug_67.wav,1.472,16000,ฮาย,รำคาญ,south,voice_47,voice_47,True
audio_data/south/voice_47/voice_47_aug_68.wav,1.472,16000,ฮาย,รำคาญ,south,voice_47,voice_47,True
audio_data/south/voice_47/voice_47_aug_69.wav,1.472,16000,ฮาย,รำคาญ,south,voice_47,voice_47,True
audio_data/south/voice_47/voice_47_aug_7.wav,1.472,16000,ฮาย,รำคาญ,south,voice_47,voice_47,True
audio_data/south/voice_47/voice_47_aug_70.wav,1.472,16000,ฮาย,รำคาญ,south,voice_47,voice_47,True
audio_data/south/voice_47/voice_47_aug_71.wav,1.472,16000,ฮาย,รำคาญ,south,voice_47,voice_47,True
audio_data/south/voice_47/voice_47_aug_72.wav,1.472,16000,ฮาย,รำคาญ,south,voice_47,voice_47,True
audio_data/south/voice_47/voice_47_aug_73.wav,1.472,16000,ฮาย,รำคาญ,south,voice_47,voice_47,True
audio_data/south/voice_47/voice_47_aug_74.wav,1.472,16000,ฮาย,รำคาญ,south,voice_47,voice_47,True
audio_data/south/voice_47/voice_47_aug_75.wav,1.472,16000,ฮาย,รำคาญ,south,voice_47,voice_47,True
audio_data/south/voice_47/voice_47_aug_76.wav,1.472,16000,ฮาย,รำคาญ,south,voice_47,voice_47,True
audio_data/south/voice_47/voice_47_aug_77.wav,1.472,16000,ฮาย,รำคาญ,south,voice_47,voice_47,True
audio_data/south/voice_47/voice_47_aug_78.wav,1.472,16000,ฮาย,รำคาญ,south,voice_47,voice_47,True
audio_data/south/voice_47/voice_47_aug_79.wav,1.472,16000,ฮาย,รำคาญ,south,voice_47,voice_47,True
audio_data/south/voice_47/voice_47_aug_8.wav,1.472,16000,ฮาย,รำคาญ,south,voice_47,voice_47,True
audio_data/south/voice_47/voice_47_aug_80.wav,1.472,16000,ฮาย,รำคาญ,south,voice_47,voice_47,True
audio_data/south/voice_47/voice_47_aug_81.wav,1.472,16000,ฮาย,รำคาญ,south,voice_47,voice_47,True
audio_data/south/voice_47/voice_47_aug_82.wav,1.472,16000,ฮาย,รำคาญ,south,voice_47,voice_47,True
audio_data/south/voice_47/voice_47_aug_83.wav,1.472,16000,ฮาย,รำคาญ,south,voice_47,voice_47,True
audio_data/south/voice_47/voice_47_aug_84.wav,1.472,16000,ฮาย,รำคาญ,south,voice_47,voice_47,True
audio_data/south/voice_47/voice_47_aug_85.wav,1.472,16000,ฮาย,รำคาญ,south,voice_47,voice_47,True
audio_data/south/voice_47/voice_47_aug_86.wav,1.472,16000,ฮาย,รำคาญ,south,voice_47,voice_47,True
audio_data/south/voice_47/voice_47_aug_87.wav,1.472,16000,ฮาย,รำคาญ,south,voice_47,voice_47,True
audio_data/south/voice_47/voice_47_aug_88.wav,1.472,16000,ฮาย,รำคาญ,south,voice_47,voice_47,True
audio_data/south/voice_47/voice_47_aug_89.wav,1.472,16000,ฮาย,รำคาญ,south,voice_47,voice_47,True
audio_data/south/voice_47/voice_47_aug_9.wav,1.472,16000,ฮาย,รำคาญ,south,voice_47,voice_47,True
audio_data/south/voice_47/voice_47_aug_90.wav,1.472,16000,ฮาย,รำคาญ,south,voice_47,voice_47,True
audio_data/south/voice_47/voice_47_aug_91.wav,1.472,16000,ฮาย,รำคาญ,south,voice_47,voice_47,True
audio_data/south/voice_47/voice_47_aug_92.wav,1.472,16000,ฮาย,รำคาญ,south,voice_47,voice_47,True
audio_data/south/voice_47/voice_47_aug_93.wav,1.472,16000,ฮาย,รำคาญ,south,voice_47,voice_47,True
audio_data/south/voice_47/voice_47_aug_94.wav,1.472,16000,ฮาย,รำคาญ,south,voice_47,voice_47,True
audio_data/south/voice_47/voice_47_aug_95.wav,1.472,16000,ฮาย,รำคาญ,south,voice_47,voice_47,True
audio_data/south/voice_47/voice_47_aug_96.wav,1.472,16000,ฮาย,รำคาญ,south,voice_47,voice_47,True
audio_data/south/voice_47/voice_47_aug_97.wav,1.472,16000,ฮาย,รำคาญ,south,voice_47,voice_47,True
audio_data/south/voice_47/voice_47_aug_98.wav,1.472,16000,ฮาย,รำคาญ,south,voice_47,voice_47,True
audio_data/south/voice_47/voice_47_aug_99.wav,1.472,16000,ฮาย,รำคาญ,south,voice_47,voice_47,True
audio_data/south/voice_48/voice_48_1.wav,1.579,16000,อะโต๊ย,ปัดโธ่,south,voice_48,voice_48_1,False
audio_data/south/voice_48/voice_48_aug_1.wav,1.579,16000,อะโต๊ย,ปัดโธ่,south,voice_48,voice_48,True
audio_data/south/voice_48/voice_48_aug_10.wav,1.579,16000,อะโต๊ย,ปัดโธ่,south,voice_48,voice_48,True
audio_data/south/voice_48/voice_48_aug_100.wav,1.579,16000,อะโต๊ย,ปัดโธ่,south,voice_48,voice_48,True
audio_data/south/voice_48/voice_48_aug_11.wav,1.579,16000,อะโต๊ย,ปัดโธ่,south,voice_48,voice_48,True
audio_data/south/voice_48/voice_48_aug_12.wav,1.579,16000,อะโต๊ย,ปัดโธ่,south,voice_48,voice_48,True
audio_data/south/voice_48/voice_48_aug_13.wav,1.579,16000,อะโต๊ย,ปัดโธ่,south,voice_48,voice_48,True
audio_data/south/voice_48/voice_48_aug_14.wav,1.579,16000,อะโต๊ย,ปัดโธ่,south,voice_48,voice_48,True
audio_data/south/voice_48/voice_48_aug_15.wav,1.579,16000,อะโต๊ย,ปัดโธ่,south,voice_48,voice_48,True
audio_data/south/voice_48/voice_48_aug_16.wav,1.579,16000,อะโต๊ย,ปัดโธ่,south,voice_48,voice_48,True
audio_data/south/voice_48/voice_48_aug_17.wav,1.579,16000,อะโต๊ย,ปัดโธ่,south,voice_48,voice_48,True
audio_data/south/voice_48/voice_48_aug_18.wav,1.579,16000,อะโต๊ย,ปัดโธ่,south,voice_48,voice_48,True
audio_data/south/voice_48/voice_48_aug_19.wav,1.579,16000,อะโต๊ย,ปัดโธ่,south,voice_48,voice_48,True
audio_data/south/voice_48/voice_48_aug_2.wav,1.579,16000,อะโต๊ย,ปัดโธ่,south,voice_48,voice_48,True
audio_data/south/voice_48/voice_48_aug_20.wav,1.579,16000,อะโต๊ย,ปัดโธ่,south,voice_48,voice_48,True
audio_data/south/voice_48/voice_48_aug_21.wav,1.579,16000,อะโต๊ย,ปัดโธ่,south,voice_48,voice_48,True
audio_data/south/voice_48/voice_48_aug_22.wav,1.579,16000,อะโต๊ย,ปัดโธ่,south,voice_48,voice_48,True
audio_data/south/voice_48/voice_48_aug_23.wav,1.579,16000,อะโต๊ย,ปัดโธ่,south,voice_48,voice_48,True
audio_data/south/voice_48/voice_48_aug_24.wav,1.579,16000,อะโต๊ย,ปัดโธ่,south,voice_48,voice_48,True
audio_data/south/voice_48/voice_48_aug_25.wav,1.579,16000,อะโต๊ย,ปัดโธ่,south,voice_48,voice_48,True
audio_data/south/voice_48/voice_48_aug_26.wav,1.579,16000,อะโต๊ย,ปัดโธ่,south,voice_48,voice_48,True
audio_data/south/voice_48/voice_48_aug_27.wav,1.579,16000,อะโต๊ย,ปัดโธ่,south,voice_48,voice_48,True
audio_data/south/voice_48/voice_48_aug_28.wav,1.579,16000,อะโต๊ย,ปัดโธ่,south,voice_48,voice_48,True
audio_data/south/voice_48/voice_48_aug_29.wav,1.579,16000,อะโต๊ย,ปัดโธ่,south,voice_48,voice_48,True
audio_data/south/voice_48/voice_48_aug_3.wav,1.579,16000,อะโต๊ย,ปัดโธ่,south,voice_48,voice_48,True
audio_data/south/voice_48/voice_48_aug_30.wav,1.579,16000,อะโต๊ย,ปัดโธ่,south,voice_48,voice_48,True
audio_data/south/voice_48/voice_48_aug_31.wav,1.579,16000,อะโต๊ย,ปัดโธ่,south,voice_48,voice_48,True
audio_data/south/voice_48/voice_48_aug_32.wav,1.579,16000,อะโต๊ย,ปัดโธ่,south,voice_48,voice_48,True
audio_data/south/voice_48/voice_48_aug_33.wav,1.579,16000,อะโต๊ย,ปัดโธ่,south,voice_48,voice_48,True
audio_data/south/voice_48/voice_48_aug_34.wav,1.579,16000,อะโต๊ย,ปัดโธ่,south,voice_48,voice_48,True
audio_data/south/voice_48/voice_48_aug_35.wav,1.579,16000,อะโต๊ย,ปัดโธ่,south,voice_48,voice_48,True
audio_data/south/voice_48/voice_48_aug_36.wav,1.579,16000,อะโต๊ย,ปัดโธ่,south,voice_48,voice_48,True
audio_data/south/voice_48/voice_48_aug_37.wav,1.579,16000,อะโต๊ย,ปัดโธ่,south,voice_48,voice_48,True
audio_data/south/voice_48/voice_48_aug_38.wav,1.579,16000,อะโต๊ย,ปัดโธ่,south,voice_48,voice_48,True
audio_data/south/voice_48/voice_48_aug_39.wav,1.579,16000,อะโต๊ย,ปัดโธ่,south,voice_48,voice_48,True
audio_data/south/voice_48/voice_48_aug_4.wav,1.579,16000,อะโต๊ย,ปัดโธ่,south,voice_48,voice_48,True
audio_data/south/voice_48/voice_48_aug_40.wav,1.579,16000,อะโต๊ย,ปัดโธ่,south,voice_48,voice_48,True
audio_data/south/voice_48/voice_48_aug_41.wav,1.579,16000,อะโต๊ย,ปัดโธ่,south,voice_48,voice_48,True
audio_data/south/voice_48/voice_48_aug_42.wav,1.579,16000,อะโต๊ย,ปัดโธ่,south,voice_48,voice_48,True
audio_data/south/voice_48/voice_48_aug_43.wav,1.579,16000,อะโต๊ย,ปัดโธ่,south,voice_48,voice_48,True
audio_data/south/voice_48/voice_48_aug_44.wav,1.579,16000,อะโต๊ย,ปัดโธ่,south,voice_48,voice_48,True
audio_data/south/voice_48/voice_48_aug_45.wav,1.579,16000,อะโต๊ย,ปัดโธ่,south,voice_48,voice_48,True
audio_data/south/voice_48/voice_48_aug_46.wav,1.579,16000,อะโต๊ย,ปัดโธ่,south,voice_48,voice_48,True
audio_data/south/voice_48/voice_48_aug_47.wav,1.579,16000,อะโต๊ย,ปัดโธ่,south,voice_48,voice_48,True
audio_data/south/voice_48/voice_48_aug_48.wav,1.579,16000,อะโต๊ย,ปัดโธ่,south,voice_48,voice_48,True
audio_data/south/voice_48/voice_48_aug_49.wav,1.579,16000,อะโต๊ย,ปัดโธ่,south,voice_48,voice_48,True
audio_data/south/voice_48/voice_48_aug_5.wav,1.579,16000,อะโต๊ย,ปัดโธ่,south,voice_48,voice_48,True
audio_data/south/voice_48/voice_48_aug_50.wav,1.579,16000,อะโต๊ย,ปัดโธ่,south,voice_48,voice_48,True
audio_data/south/voice_48/voice_48_aug_51.wav,1.579,16000,อะโต๊ย,ปัดโธ่,south,voice_48,voice_48,True
audio_data/south/voice_48/voice_48_aug_52.wav,1.579,16000,อะโต๊ย,ปัดโธ่,south,voice_48,voice_48,True
audio_data/south/voice_48/voice_48_aug_53.wav,1.579,16000,อะโต๊ย,ปัดโธ่,south,voice_48,voice_48,True
audio_data/south/voice_48/voice_48_aug_54.wav,1.579,16000,อะโต๊ย,ปัดโธ่,south,voice_48,voice_48,True
audio_data/south/voice_48/voice_48_aug_55.wav,1.579,16000,อะโต๊ย,ปัดโธ่,south,voice_48,voice_48,True
audio_data/south/voice_48/voice_48_aug_56.wav,1.579,16000,อะโต๊ย,ปัดโธ่,south,voice_48,voice_48,True
audio_data/south/voice_48/voice_48_aug_57.wav,1.579,16000,อะโต๊ย,ปัดโธ่,south,voice_48,voice_48,True
audio_data/south/voice_48/voice_48_aug_58.wav,1.579,16000,อะโต๊ย,ปัดโธ่,south,voice_48,voice_48,True
audio_data/south/voice_48/voice_48_aug_59.wav,1.579,16000,อะโต๊ย,ปัดโธ่,south,voice_48,voice_48,True
audio_data/south/voice_48/voice_48_aug_6.wav,1.579,16000,อะโต๊ย,ปัดโธ่,south,voice_48,voice_48,True
audio_data/south/voice_48/voice_48_aug_60.wav,1.579,16000,อะโต๊ย,ปัดโธ่,south,voice_48,voice_48,True
audio_data/south/voice_48/voice_48_aug_61.wav,1.579,16000,อะโต๊ย,ปัดโธ่,south,voice_48,voice_48,True
audio_data/south/voice_48/voice_48_aug_62.wav,1.579,16000,อะโต๊ย,ปัดโธ่,south,voice_48,voice_48,True
audio_data/south/voice_48/voice_48_aug_63.wav,1.579,16000,อะโต๊ย,ปัดโธ่,south,voice_48,voice_48,True
audio_data/south/voice_48/voice_48_aug_64.wav,1.579,16000,อะโต๊ย,ปัดโธ่,south,voice_48,voice_48,True
audio_data/south/voice_48/voice_48_aug_65.wav,1.579,16000,อะโต๊ย,ปัดโธ่,south,voice_48,voice_48,True
audio_data/south/voice_48/voice_48_aug_66.wav,1.579,16000,อะโต๊ย,ปัดโธ่,south,voice_48,voice_48,True
audio_data/south/voice_48/voice_48_aug_67.wav,1.579,16000,อะโต๊ย,ปัดโธ่,south,voice_48,voice_48,True
audio_data/south/voice_48/voice_48_aug_68.wav,1.579,16000,อะโต๊ย,ปัดโธ่,south,voice_48,voice_48,True
audio_data/south/voice_48/voice_48_aug_69.wav,1.579,16000,อะโต๊ย,ปัดโธ่,south,voice_48,voice_48,True
audio_data/south/voice_48/voice_48_aug_7.wav,1.579,16000,อะโต๊ย,ปัดโธ่,south,voice_48,voice_48,True
audio_data/south/voice_48/voice_48_aug_70.wav,1.579,16000,อะโต๊ย,ปัดโธ่,south,voice_48,voice_48,True
audio_data/south/voice_48/voice_48_aug_71.wav,1.579,16000,อะโต๊ย,ปัดโธ่,south,voice_48,voice_48,True
audio_data/south/voice_48/voice_48_aug_72.wav,1.579,16000,อะโต๊ย,ปัดโธ่,south,voice_48,voice_48,True
audio_data/south/voice_48/voice_48_aug_73.wav,1.579,16000,อะโต๊ย,ปัดโธ่,south,voice_48,voice_48,True
audio_data/south/voice_48/voice_48_aug_74.wav,1.579,16000,อะโต๊ย,ปัดโธ่,south,voice_48,voice_48,True
audio_data/south/voice_48/voice_48_aug_75.wav,1.579,16000,อะโต๊ย,ปัดโธ่,south,voice_48,voice_48,True
audio_data/south/voice_48/voice_48_aug_76.wav,1.579,16000,อะโต๊ย,ปัดโธ่,south,voice_48,voice_48,True
audio_data/south/voice_48/voice_48_aug_77.wav,1.579,16000,อะโต๊ย,ปัดโธ่,south,voice_48,voice_48,True
audio_data/south/voice_48/voice_48_aug_78.wav,1.579,16000,อะโต๊ย,ปัดโธ่,south,voice_48,voice_48,True
audio_data/south/voice_48/voice_48_aug_79.wav,1.579,16000,อะโต๊ย,ปัดโธ่,south,voice_48,voice_48,True
audio_data/south/voice_48/voice_48_aug_8.wav,1.579,16000,อะโต๊ย,ปัดโธ่,south,voice_48,voice_48,True
audio_data/south/voice_48/voice_48_aug_80.wav,1.579,16000,อะโต๊ย,ปัดโธ่,south,voice_48,voice_48,True
audio_data/south/voice_48/voice_48_aug_81.wav,1.579,16000,อะโต๊ย,ปัดโธ่,south,voice_48,voice_48,True
audio_data/south/voice_48/voice_48_aug_82.wav,1.579,16000,อะโต๊ย,ปัดโธ่,south,voice_48,voice_48,True
audio_data/south/voice_48/voice_48_aug_83.wav,1.579,16000,อะโต๊ย,ปัดโธ่,south,voice_48,voice_48,True
audio_data/south/voice_48/voice_48_aug_84.wav,1.579,16000,อะโต๊ย,ปัดโธ่,south,voice_48,voice_48,True
audio_data/south/voice_48/voice_48_aug_85.wav,1.579,16000,อะโต๊ย,ปัดโธ่,south,voice_48,voice_48,True
audio_data/south/voice_48/voice_48_aug_86.wav,1.579,16000,อะโต๊ย,ปัดโธ่,south,voice_48,voice_48,True
audio_data/south/voice_48/voice_48_aug_87.wav,1.579,16000,อะโต๊ย,ปัดโธ่,south,voice_48,voice_48,True
audio_data/south/voice_48/voice_48_aug_88.wav,1.579,16000,อะโต๊ย,ปัดโธ่,south,voice_48,voice_48,True
audio_data/south/voice_48/voice_48_aug_89.wav,1.579,16000,อะโต๊ย,ปัดโธ่,south,voice_48,voice_48,True
audio_data/south/voice_48/voice_48_aug_9.wav,1.579,16000,อะโต๊ย,ปัดโธ่,south,voice_48,voice_48,True
audio_data/south/voice_48/voice_48_aug_90.wav,1.579,16000,อะโต๊ย,ปัดโธ่,south,voice_48,voice_48,True
audio_data/south/voice_48/voice_48_aug_91.wav,1.579,16000,อะโต๊ย,ปัดโธ่,south,voice_48,voice_48,True
audio_data/south/voice_48/voice_48_aug_92.wav,1.579,16000,อะโต๊ย,ปัดโธ่,south,voice_48,voice_48,True
audio_data/south/voice_48/voice_48_aug_93.wav,1.579,16000,อะโต๊ย,ปัดโธ่,south,voice_48,voice_48,True
audio_data/south/voice_48/voice_48_aug_94.wav,1.579,16000,อะโต๊ย,ปัดโธ่,south,voice_48,voice_48,True
audio_data/south/voice_48/voice_48_aug_95.wav,1.579,16000,อะโต๊ย,ปัดโธ่,south,voice_48,voice_48,True
audio_data/south/voice_48/voice_48_aug_96.wav,1.579,16000,อะโต๊ย,ปัดโธ่,south,voice_48,voice_48,True
audio_data/south/voice_48/voice_48_aug_97.wav,1.579,16000,อะโต๊ย,ปัดโธ่,south,voice_48,voice_48,True
audio_data/south/voice_48/voice_48_aug_98.wav,1.579,16000,อะโต๊ย,ปัดโธ่,south,voice_48,voice_48,True
audio_data/south/voice_48/voice_48_aug_99.wav,1.579,16000,อะโต๊ย,ปัดโธ่,south,voice_48,voice_48,True
audio_data/south/voice_49/voice_49_1.wav,1.813,16000,ไอ้หย่า,ประหลาดใจ,south,voice_49,voice_49_1,False
audio_data/south/voice_49/voice_49_aug_1.wav,1.813,16000,ไอ้หย่า,ประหลาดใจ,south,voice_49,voice_49,True
audio_data/south/voice_49/voice_49_aug_10.wav,1.813,16000,ไอ้หย่า,ประหลาดใจ,south,voice_49,voice_49,True
audio_data/south/voice_49/voice_49_aug_100.wav,1.813,16000,ไอ้หย่า,ประหลาดใจ,south,voice_49,voice_49,True
audio_data/south/voice_49/voice_49_aug_11.wav,1.813,16000,ไอ้หย่า,ประหลาดใจ,south,voice_49,voice_49,True
audio_data/south/voice_49/voice_49_aug_12.wav,1.813,16000,ไอ้หย่า,ประหลาดใจ,south,voice_49,voice_49,True
audio_data/south/voice_49/voice_49_aug_13.wav,1.813,16000,ไอ้หย่า,ประหลาดใจ,south,voice_49,voice_49,True
audio_data/south/voice_49/voice_49_aug_14.wav,1.813,16000,ไอ้หย่า,ประหลาดใจ,south,voice_49,voice_49,True
audio_data/south/voice_49/voice_49_aug_15.wav,1.813,16000,ไอ้หย่า,ประหลาดใจ,south,voice_49,voice_49,True
audio_data/south/voice_49/voice_49_aug_16.wav,1.813,16000,ไอ้หย่า,ประหลาดใจ,south,voice_49,voice_49,True
audio_data/south/voice_49/voice_49_aug_17.wav,1.813,16000,ไอ้หย่า,ประหลาดใจ,south,voice_49,voice_49,True
audio_data/south/voice_49/voice_49_aug_18.wav,1.813,16000,ไอ้หย่า,ประหลาดใจ,south,voice_49,voice_49,True
audio_data/south/voice_49/voice_49_aug_19.wav,1.813,16000,ไอ้หย่า,ประหลาดใจ,south,voice_49,voice_49,True
audio_data/south/voice_49/voice_49_aug_2.wav,1.813,16000,ไอ้หย่า,ประหลาดใจ,south,voice_49,voice_49,True
audio_data/south/voice_49/voice_49_aug_20.wav,1.813,16000,ไอ้หย่า,ประหลาดใจ,south,voice_49,voice_49,True
audio_data/south/voice_49/voice_49_aug_21.wav,1.813,16000,ไอ้หย่า,ประหลาดใจ,south,voice_49,voice_49,True
audio_data/south/voice_49/voice_49_aug_22.wav,1.813,16000,ไอ้หย่า,ประหลาดใจ,south,voice_49,voice_49,True
audio_data/south/voice_49/voice_49_aug_23.wav,1.813,16000,ไอ้หย่า,ประหลาดใจ,south,voice_49,voice_49,True
audio_data/south/voice_49/voice_49_aug_24.wav,1.813,16000,ไอ้หย่า,ประหลาดใจ,south,voice_49,voice_49,True
audio_data/south/voice_49/voice_49_aug_25.wav,1.813,16000,ไอ้หย่า,ประหลาดใจ,south,voice_49,voice_49,True
audio_data/south/voice_49/voice_49_aug_26.wav,1.813,16000,ไอ้หย่า,ประหลาดใจ,south,voice_49,voice_49,True
audio_data/south/voice_49/voice_49_aug_27.wav,1.813,16000,ไอ้หย่า,ประหลาดใจ,south,voice_49,voice_49,True
audio_data/south/voice_49/voice_49_aug_28.wav,1.813,16000,ไอ้หย่า,ประหลาดใจ,south,voice_49,voice_49,True
audio_data/south/voice_49/voice_49_aug_29.wav,1.813,16000,ไอ้หย่า,ประหลาดใจ,south,voice_49,voice_49,True
audio_data/south/voice_49/voice_49_aug_3.wav,1.813,16000,ไอ้หย่า,ประหลาดใจ,south,voice_49,voice_49,True
audio_data/south/voice_49/voice_49_aug_30.wav,1.813,16000,ไอ้หย่า,ประหลาดใจ,south,voice_49,voice_49,True
audio_data/south/voice_49/voice_49_aug_31.wav,1.813,16000,ไอ้หย่า,ประหลาดใจ,south,voice_49,voice_49,True
audio_data/south/voice_49/voice_49_aug_32.wav,1.813,16000,ไอ้หย่า,ประหลาดใจ,south,voice_49,voice_49,True
audio_data/south/voice_49/voice_49_aug_33.wav,1.813,16000,ไอ้หย่า,ประหลาดใจ,south,voice_49,voice_49,True
audio_data/south/voice_49/voice_49_aug_34.wav,1.813,16000,ไอ้หย่า,ประหลาดใจ,south,voice_49,voice_49,True
audio_data/south/voice_49/voice_49_aug_35.wav,1.813,16000,ไอ้หย่า,ประหลาดใจ,south,voice_49,voice_49,True
audio_data/south/voice_49/voice_49_aug_36.wav,1.813,16000,ไอ้หย่า,ประหลาดใจ,south,voice_49,voice_49,True
audio_data/south/voice_49/voice_49_aug_37.wav,1.813,16000,ไอ้หย่า,ประหลาดใจ,south,voice_49,voice_49,True
audio_data/south/voice_49/voice_49_aug_38.wav,1.813,16000,ไอ้หย่า,ประหลาดใจ,south,voice_49,voice_49,True
audio_data/south/voice_49/voice_49_aug_39.wav,1.813,16000,ไอ้หย่า,ประหลาดใจ,south,voice_49,voice_49,True
audio_data/south/voice_49/voice_49_aug_4.wav,1.813,16000,ไอ้หย่า,ประหลาดใจ,south,voice_49,voice_49,True
audio_data/south/voice_49/voice_49_aug_40.wav,1.813,16000,ไอ้หย่า,ประหลาดใจ,south,voice_49,voice_49,True
audio_data/south/voice_49/voice_49_aug_41.wav,1.813,16000,ไอ้หย่า,ประหลาดใจ,south,voice_49,voice_49,True
audio_data/south/voice_49/voice_49_aug_42.wav,1.813,16000,ไอ้หย่า,ประหลาดใจ,south,voice_49,voice_49,True
audio_data/south/voice_49/voice_49_aug_43.wav,1.813,16000,ไอ้หย่า,ประหลาดใจ,south,voice_49,voice_49,True
audio_data/south/voice_49/voice_49_aug_44.wav,1.813,16000,ไอ้หย่า,ประหลาดใจ,south,voice_49,voice_49,True
audio_data/south/voice_49/voice_49_aug_45.wav,1.813,16000,ไอ้หย่า,ประหลาดใจ,south,voice_49,voice_49,True
audio_data/south/voice_49/voice_49_aug_46.wav,1.813,16000,ไอ้หย่า,ประหลาดใจ,south,voice_49,voice_49,True
audio_data/south/voice_49/voice_49_aug_47.wav,1.813,16000,ไอ้หย่า,ประหลาดใจ,south,voice_49,voice_49,True
audio_data/south/voice_49/voice_49_aug_48.wav,1.813,16000,ไอ้หย่า,ประหลาดใจ,south,voice_49,voice_49,True
audio_data/south/voice_49/voice_49_aug_49.wav,1.813,16000,ไอ้หย่า,ประหลาดใจ,south,voice_49,voice_49,True
audio_data/south/voice_49/voice_49_aug_5.wav,1.813,16000,ไอ้หย่า,ประหลาดใจ,south,voice_49,voice_49,True
audio_data/south/voice_49/voice_49_aug_50.wav,1.813,16000,ไอ้หย่า,ประหลาดใจ,south,voice_49,voice_49,True
audio_data/south/voice_49/voice_49_aug_51.wav,1.813,16000,ไอ้หย่า,ประหลาดใจ,south,voice_49,voice_49,True
audio_data/south/voice_49/voice_49_aug_52.wav,1.813,16000,ไอ้หย่า,ประหลาดใจ,south,voice_49,voice_49,True
audio_data/south/voice_49/voice_49_aug_53.wav,1.813,16000,ไอ้หย่า,ประหลาดใจ,south,voice_49,voice_49,True
audio_data/south/voice_49/voice_49_aug_54.wav,1.813,16000,ไอ้หย่า,ประหลาดใจ,south,voice_49,voice_49,True
audio_data/south/voice_49/voice_49_aug_55.wav,1.813,16000,ไอ้หย่า,ประหลาดใจ,south,voice_49,voice_49,True
audio_data/south/voice_49/voice_49_aug_56.wav,1.813,16000,ไอ้หย่า,ประหลาดใจ,south,voice_49,voice_49,True
audio_data/south/voice_49/voice_49_aug_57.wav,1.813,16000,ไอ้หย่า,ประหลาดใจ,south,voice_49,voice_49,True
audio_data/south/voice_49/voice_49_aug_58.wav,1.813,16000,ไอ้หย่า,ประหลาดใจ,south,voice_49,voice_49,True
audio_data/south/voice_49/voice_49_aug_59.wav,1.813,16000,ไอ้หย่า,ประหลาดใจ,south,voice_49,voice_49,True
audio_data/south/voice_49/voice_49_aug_6.wav,1.813,16000,ไอ้หย่า,ประหลาดใจ,south,voice_49,voice_49,True
audio_data/south/voice_49/voice_49_aug_60.wav,1.813,16000,ไอ้หย่า,ประหลาดใจ,south,voice_49,voice_49,True
audio_data/south/voice_49/voice_49_aug_61.wav,1.813,16000,ไอ้หย่า,ประหลาดใจ,south,voice_49,voice_49,True
audio_data/south/voice_49/voice_49_aug_62.wav,1.813,16000,ไอ้หย่า,ประหลาดใจ,south,voice_49,voice_49,True
audio_data/south/voice_49/voice_49_aug_63.wav,1.813,16000,ไอ้หย่า,ประหลาดใจ,south,voice_49,voice_49,True
audio_data/south/voice_49/voice_49_aug_64.wav,1.813,16000,ไอ้หย่า,ประหลาดใจ,south,voice_49,voice_49,True
audio_data/south/voice_49/voice_49_aug_65.wav,1.813,16000,ไอ้หย่า,ประหลาดใจ,south,voice_49,voice_49,True
audio_data/south/voice_49/voice_49_aug_66.wav,1.813,16000,ไอ้หย่า,ประหลาดใจ,south,voice_49,voice_49,True
audio_data/south/voice_49/voice_49_aug_67.wav,1.813,16000,ไอ้หย่า,ประหลาดใจ,south,voice_49,voice_49,True
audio_data/south/voice_49/voice_49_aug_68.wav,1.813,16000,ไอ้หย่า,ประหลาดใจ,south,voice_49,voice_49,True
audio_data/south/voice_49/voice_49_aug_69.wav,1.813,16000,ไอ้หย่า,ประหลาดใจ,south,voice_49,voice_49,True
audio_data/south/voice_49/voice_49_aug_7.wav,1.813,16000,ไอ้หย่า,ประหลาดใจ,south,voice_49,voice_49,True
audio_data/south/voice_49/voice_49_aug_70.wav,1.813,16000,ไอ้หย่า,ประหลาดใจ,south,voice_49,voice_49,True
audio_data/south/voice_49/voice_49_aug_71.wav,1.813,16000,ไอ้หย่า,ประหลาดใจ,south,voice_49,voice_49,True
audio_data/south/voice_49/voice_49_aug_72.wav,1.813,16000,ไอ้หย่า,ประหลาดใจ,south,voice_49,voice_49,True
audio_data/south/voice_49/voice_49_aug_73.wav,1.813,16000,ไอ้หย่า,ประหลาดใจ,south,voice_49,voice_49,True
audio_data/south/voice_49/voice_49_aug_74.wav,1.813,16000,ไอ้หย่า,ประหลาดใจ,south,voice_49,voice_49,True
audio_data/south/voice_49/voice_49_aug_75.wav,1.813,16000,ไอ้หย่า,ประหลาดใจ,south,voice_49,voice_49,True
audio_data/south/voice_49/voice_49_aug_76.wav,1.813,16000,ไอ้หย่า,ประหลาดใจ,south,voice_49,voice_49,True
audio_data/south/voice_49/voice_49_aug_77.wav,1.813,16000,ไอ้หย่า,ประหลาดใจ,south,voice_49,voice_49,True
audio_data/south/voice_49/voice_49_aug_78.wav,1.813,16000,ไอ้หย่า,ประหลาดใจ,south,voice_49,voice_49,True
audio_data/south/voice_49/voice_49_aug_79.wav,1.813,16000,ไอ้หย่า,ประหลาดใจ,south,voice_49,voice_49,True
audio_data/south/voice_49/voice_49_aug_8.wav,1.813,16000,ไอ้หย่า,ประหลาดใจ,south,voice_49,voice_49,True
audio_data/south/voice_49/voice_49_aug_80.wav,1.813,16000,ไอ้หย่า,ประหลาดใจ,south,voice_49,voice_49,True
audio_data/south/voice_49/voice_49_aug_81.wav,1.813,16000,ไอ้หย่า,ประหลาดใจ,south,voice_49,voice_49,True
audio_data/south/voice_49/voice_49_aug_82.wav,1.813,16000,ไอ้หย่า,ประหลาดใจ,south,voice_49,voice_49,True
audio_data/south/voice_49/voice_49_aug_83.wav,1.813,16000,ไอ้หย่า,ประหลาดใจ,south,voice_49,voice_49,True
audio_data/south/voice_49/voice_49_aug_84.wav,1.813,16000,ไอ้หย่า,ประหลาดใจ,south,voice_49,voice_49,True
audio_data/south/voice_49/voice_49_aug_85.wav,1.813,16000,ไอ้หย่า,ประหลาดใจ,south,voice_49,voice_49,True
audio_data/south/voice_49/voice_49_aug_86.wav,1.813,16000,ไอ้หย่า,ประหลาดใจ,south,voice_49,voice_49,True
audio_data/south/voice_49/voice_49_aug_87.wav,1.813,16000,ไอ้หย่า,ประหลาดใจ,south,voice_49,voice_49,True
audio_data/south/voice_49/voice_49_aug_88.wav,1.813,16000,ไอ้หย่า,ประหลาดใจ,south,voice_49,voice_49,True
audio_data/south/voice_49/voice_49_aug_89.wav,1.813,16000,ไอ้หย่า,ประหลาดใจ,south,voice_49,voice_49,True
audio_data/south/voice_49/voice_49_aug_9.wav,1.813,16000,ไอ้หย่า,ประหลาดใจ,south,voice_49,voice_49,True
audio_data/south/voice_49/voice_49_aug_90.wav,1.813,16000,ไอ้หย่า,ประหลาดใจ,south,voice_49,voice_49,True
audio_data/south/voice_49/voice_49_aug_91.wav,1.813,16000,ไอ้หย่า,ประหลาดใจ,south,voice_49,voice_49,True
audio_data/south/voice_49/voice_49_aug_92.wav,1.813,16000,ไอ้หย่า,ประหลาดใจ,south,voice_49,voice_49,True
audio_data/south/voice_49/voice_49_aug_93.wav,1.813,16000,ไอ้หย่า,ประหลาดใจ,south,voice_49,voice_49,True
audio_data/south/voice_49/voice_49_aug_94.wav,1.813,16000,ไอ้หย่า,ประหลาดใจ,south,voice_49,voice_49,True
audio_data/south/voice_49/voice_49_aug_95.wav,1.813,16000,ไอ้หย่า,ประหลาดใจ,south,voice_49,voice_49,True
audio_data/south/voice_49/voice_49_aug_96.wav,1.813,16000,ไอ้หย่า,ประหลาดใจ,south,voice_49,voice_49,True
audio_data/south/voice_49/voice_49_aug_97.wav,1.813,16000,ไอ้หย่า,ประหลาดใจ,south,voice_49,voice_49,True
audio_data/south/voice_49/voice_49_aug_98.wav,1.813,16000,ไอ้หย่า,ประหลาดใจ,south,voice_49,voice_49,True
audio_data/south/voice_49/voice_49_aug_99.wav,1.813,16000,ไอ้หย่า,ประหลาดใจ,south,voice_49,voice_49,True
audio_data/south/voice_5/voice_5_1.wav,3.157,16000,เอิ้วกินข้าว,กินข้าวไหม,south,voice_5,voice_5_1,False
audio_data/south/voice_5/voice_5_aug_1.wav,3.157,16000,เอิ้วกินข้าว,กินข้าวไหม,south,voice_5,voice_5,True
audio_data/south/voice_5/voice_5_aug_10.wav,3.157,16000,เอิ้วกินข้าว,กินข้าวไหม,south,voice_5,voice_5,True
audio_data/south/voice_5/voice_5_aug_100.wav,3.157,16000,เอิ้วกินข้าว,กินข้าวไหม,south,voice_5,voice_5,True
audio_data/south/voice_5/voice_5_aug_11.wav,3.157,16000,เอิ้วกินข้าว,กินข้าวไหม,south,voice_5,voice_5,True
audio_data/south/voice_5/voice_5_aug_12.wav,3.157,16000,เอิ้วกินข้าว,กินข้าวไหม,south,voice_5,voice_5,True
audio_data/south/voice_5/voice_5_aug_13.wav,3.157,16000,เอิ้วกินข้าว,กินข้าวไหม,south,voice_5,voice_5,True
audio_data/south/voice_5/voice_5_aug_14.wav,3.157,16000,เอิ้วกินข้าว,กินข้าวไหม,south,voice_5,voice_5,True
audio_data/south/voice_5/voice_5_aug_15.wav,3.157,16000,เอิ้วกินข้าว,กินข้าวไหม,south,voice_5,voice_5,True
audio_data/south/voice_5/voice_5_aug_16.wav,3.157,16000,เอิ้วกินข้าว,กินข้าวไหม,south,voice_5,voice_5,True
audio_data/south/voice_5/voice_5_aug_17.wav,3.157,16000,เอิ้วกินข้าว,กินข้าวไหม,south,voice_5,voice_5,True
audio_data/south/voice_5/voice_5_aug_18.wav,3.157,16000,เอิ้วกินข้าว,กินข้าวไหม,south,voice_5,voice_5,True
audio_data/south/voice_5/voice_5_aug_19.wav,3.157,16000,เอิ้วกินข้าว,กินข้าวไหม,south,voice_5,voice_5,True
audio_data/south/voice_5/voice_5_aug_2.wav,3.157,16000,เอิ้วกินข้าว,กินข้าวไหม,south,voice_5,voice_5,True
audio_data/south/voice_5/voice_5_aug_20.wav,3.157,16000,เอิ้วกินข้าว,กินข้าวไหม,south,voice_5,voice_5,True
audio_data/south/voice_5/voice_5_aug_21.wav,3.157,16000,เอิ้วกินข้าว,กินข้าวไหม,south,voice_5,voice_5,True
audio_data/south/voice_5/voice_5_aug_22.wav,3.157,16000,เอิ้วกินข้าว,กินข้าวไหม,south,voice_5,voice_5,True
audio_data/south/voice_5/voice_5_aug_23.wav,3.157,16000,เอิ้วกินข้าว,กินข้าวไหม,south,voice_5,voice_5,True
audio_data/south/voice_5/voice_5_aug_24.wav,3.157,16000,เอิ้วกินข้าว,กินข้าวไหม,south,voice_5,voice_5,True
audio_data/south/voice_5/voice_5_aug_25.wav,3.157,16000,เอิ้วกินข้าว,กินข้าวไหม,south,voice_5,voice_5,True
audio_data/south/voice_5/voice_5_aug_26.wav,3.157,16000,เอิ้วกินข้าว,กินข้าวไหม,south,voice_5,voice_5,True
audio_data/south/voice_5/voice_5_aug_27.wav,3.157,16000,เอิ้วกินข้าว,กินข้าวไหม,south,voice_5,voice_5,True
audio_data/south/voice_5/voice_5_aug_28.wav,3.157,16000,เอิ้วกินข้าว,กินข้าวไหม,south,voice_5,voice_5,True
audio_data/south/voice_5/voice_5_aug_29.wav,3.157,16000,เอิ้วกินข้าว,กินข้าวไหม,south,voice_5,voice_5,True
audio_data/south/voice_5/voice_5_aug_3.wav,3.157,16000,เอิ้วกินข้าว,กินข้าวไหม,south,voice_5,voice_5,True
audio_data/south/voice_5/voice_5_aug_30.wav,3.157,16000,เอิ้วกินข้าว,กินข้าวไหม,south,voice_5,voice_5,True
audio_data/south/voice_5/voice_5_aug_31.wav,3.157,16000,เอิ้วกินข้าว,กินข้าวไหม,south,voice_5,voice_5,True
audio_data/south/voice_5/voice_5_aug_32.wav,3.157,16000,เอิ้วกินข้าว,กินข้าวไหม,south,voice_5,voice_5,True
audio_data/south/voice_5/voice_5_aug_33.wav,3.157,16000,เอิ้วกินข้าว,กินข้าวไหม,south,voice_5,voice_5,True
audio_data/south/voice_5/voice_5_aug_34.wav,3.157,16000,เอิ้วกินข้าว,กินข้าวไหม,south,voice_5,voice_5,True
audio_data/south/voice_5/voice_5_aug_35.wav,3.157,16000,เอิ้วกินข้าว,กินข้าวไหม,south,voice_5,voice_5,True
audio_data/south/voice_5/voice_5_aug_36.wav,3.157,16000,เอิ้วกินข้าว,กินข้าวไหม,south,voice_5,voice_5,True
audio_data/south/voice_5/voice_5_aug_37.wav,3.157,16000,เอิ้วกินข้าว,กินข้าวไหม,south,voice_5,voice_5,True
audio_data/south/voice_5/voice_5_aug_38.wav,3.157,16000,เอิ้วกินข้าว,กินข้าวไหม,south,voice_5,voice_5,True
audio_data/south/voice_5/voice_5_aug_39.wav,3.157,16000,เอิ้วกินข้าว,กินข้าวไหม,south,voice_5,voice_5,True
audio_data/south/voice_5/voice_5_aug_4.wav,3.157,16000,เอิ้วกินข้าว,กินข้าวไหม,south,voice_5,voice_5,True
audio_data/south/voice_5/voice_5_aug_40.wav,3.157,16000,เอิ้วกินข้าว,กินข้าวไหม,south,voice_5,voice_5,True
audio_data/south/voice_5/voice_5_aug_41.wav,3.157,16000,เอิ้วกินข้าว,กินข้าวไหม,south,voice_5,voice_5,True
audio_data/south/voice_5/voice_5_aug_42.wav,3.157,16000,เอิ้วกินข้าว,กินข้าวไหม,south,voice_5,voice_5,True
audio_data/south/voice_5/voice_5_aug_43.wav,3.157,16000,เอิ้วกินข้าว,กินข้าวไหม,south,voice_5,voice_5,True
audio_data/south/voice_5/voice_5_aug_44.wav,3.157,16000,เอิ้วกินข้าว,กินข้าวไหม,south,voice_5,voice_5,True
audio_data/south/voice_5/voice_5_aug_45.wav,3.157,16000,เอิ้วกินข้าว,กินข้าวไหม,south,voice_5,voice_5,True
audio_data/south/voice_5/voice_5_aug_46.wav,3.157,16000,เอิ้วกินข้าว,กินข้าวไหม,south,voice_5,voice_5,True
audio_data/south/voice_5/voice_5_aug_47.wav,3.157,16000,เอิ้วกินข้าว,กินข้าวไหม,south,voice_5,voice_5,True
audio_data/south/voice_5/voice_5_aug_48.wav,3.157,16000,เอิ้วกินข้าว,กินข้าวไหม,south,voice_5,voice_5,True
audio_data/south/voice_5/voice_5_aug_49.wav,3.157,16000,เอิ้วกินข้าว,กินข้าวไหม,south,voice_5,voice_5,True
audio_data/south/voice_5/voice_5_aug_5.wav,3.157,16000,เอิ้วกินข้าว,กินข้าวไหม,south,voice_5,voice_5,True
audio_data/south/voice_5/voice_5_aug_50.wav,3.157,16000,เอิ้วกินข้าว,กินข้าวไหม,south,voice_5,voice_5,True
audio_data/south/voice_5/voice_5_aug_51.wav,3.157,16000,เอิ้วกินข้าว,กินข้าวไหม,south,voice_5,voice_5,True
audio_data/south/voice_5/voice_5_aug_52.wav,3.157,16000,เอิ้วกินข้าว,กินข้าวไหม,south,voice_5,voice_5,True
audio_data/south/voice_5/voice_5_aug_53.wav,3.157,16000,เอิ้วกินข้าว,กินข้าวไหม,south,voice_5,voice_5,True
audio_data/south/voice_5/voice_5_aug_54.wav,3.157,16000,เอิ้วกินข้าว,กินข้าวไหม,south,voice_5,voice_5,True
audio_data/south/voice_5/voice_5_aug_55.wav,3.157,16000,เอิ้วกินข้าว,กินข้าวไหม,south,voice_5,voice_5,True
audio_data/south/voice_5/voice_5_aug_56.wav,3.157,16000,เอิ้วกินข้าว,กินข้าวไหม,south,voice_5,voice_5,True
audio_data/south/voice_5/voice_5_aug_57.wav,3.157,16000,เอิ้วกินข้าว,กินข้าวไหม,south,voice_5,voice_5,True
audio_data/south/voice_5/voice_5_aug_58.wav,3.157,16000,เอิ้วกินข้าว,กินข้าวไหม,south,voice_5,voice_5,True
audio_data/south/voice_5/voice_5_aug_59.wav,3.157,16000,เอิ้วกินข้าว,กินข้าวไหม,south,voice_5,voice_5,True
audio_data/south/voice_5/voice_5_aug_6.wav,3.157,16000,เอิ้วกินข้าว,กินข้าวไหม,south,voice_5,voice_5,True
audio_data/south/voice_5/voice_5_aug_60.wav,3.157,16000,เอิ้วกินข้าว,กินข้าวไหม,south,voice_5,voice_5,True
audio_data/south/voice_5/voice_5_aug_61.wav,3.157,16000,เอิ้วกินข้าว,กินข้าวไหม,south,voice_5,voice_5,True
audio_data/south/voice_5/voice_5_aug_62.wav,3.157,16000,เอิ้วกินข้าว,กินข้าวไหม,south,voice_5,voice_5,True
audio_data/south/voice_5/voice_5_aug_63.wav,3.157,16000,เอิ้วกินข้าว,กินข้าวไหม,south,voice_5,voice_5,True
audio_data/south/voice_5/voice_5_aug_64.wav,3.157,16000,เอิ้วกินข้าว,กินข้าวไหม,south,voice_5,voice_5,True
audio_data/south/voice_5/voice_5_aug_65.wav,3.157,16000,เอิ้วกินข้าว,กินข้าวไหม,south,voice_5,voice_5,True
audio_data/south/voice_5/voice_5_aug_66.wav,3.157,16000,เอิ้วกินข้าว,กินข้าวไหม,south,voice_5,voice_5,True
audio_data/south/voice_5/voice_5_aug_67.wav,3.157,16000,เอิ้วกินข้าว,กินข้าวไหม,south,voice_5,voice_5,True
audio_data/south/voice_5/voice_5_aug_68.wav,3.157,16000,เอิ้วกินข้าว,กินข้าวไหม,south,voice_5,voice_5,True
audio_data/south/voice_5/voice_5_aug_69.wav,3.157,16000,เอิ้วกินข้าว,กินข้าวไหม,south,voice_5,voice_5,True
audio_data/south/voice_5/voice_5_aug_7.wav,3.157,16000,เอิ้วกินข้าว,กินข้าวไหม,south,voice_5,voice_5,True
audio_data/south/voice_5/voice_5_aug_70.wav,3.157,16000,เอิ้วกินข้าว,กินข้าวไหม,south,voice_5,voice_5,True
audio_data/south/voice_5/voice_5_aug_71.wav,3.157,16000,เอิ้วกินข้าว,กินข้าวไหม,south,voice_5,voice_5,True
audio_data/south/voice_5/voice_5_aug_72.wav,3.157,16000,เอิ้วกินข้าว,กินข้าวไหม,south,voice_5,voice_5,True
audio_data/south/voice_5/voice_5_aug_73.wav,3.157,16000,เอิ้วกินข้าว,กินข้าวไหม,south,voice_5,voice_5,True
audio_data/south/voice_5/voice_5_aug_74.wav,3.157,16000,เอิ้วกินข้าว,กินข้าวไหม,south,voice_5,voice_5,True
audio_data/south/voice_5/voice_5_aug_75.wav,3.157,16000,เอิ้วกินข้าว,กินข้าวไหม,south,voice_5,voice_5,True
audio_data/south/voice_5/voice_5_aug_76.wav,3.157,16000,เอิ้วกินข้าว,กินข้าวไหม,south,voice_5,voice_5,True
audio_data/south/voice_5/voice_5_aug_77.wav,3.157,16000,เอิ้วกินข้าว,กินข้าวไหม,south,voice_5,voice_5,True
audio_data/south/voice_5/voice_5_aug_78.wav,3.157,16000,เอิ้วกินข้าว,กินข้าวไหม,south,voice_5,voice_5,True
audio_data/south/voice_5/voice_5_aug_79.wav,3.157,16000,เอิ้วกินข้าว,กินข้าวไหม,south,voice_5,voice_5,True
audio_data/south/voice_5/voice_5_aug_8.wav,3.157,16000,เอิ้วกินข้าว,กินข้าวไหม,south,voice_5,voice_5,True
audio_data/south/voice_5/voice_5_aug_80.wav,3.157,16000,เอิ้วกินข้าว,กินข้าวไหม,south,voice_5,voice_5,True
audio_data/south/voice_5/voice_5_aug_81.wav,3.157,16000,เอิ้วกินข้าว,กินข้าวไหม,south,voice_5,voice_5,True
audio_data/south/voice_5/voice_5_aug_82.wav,3.157,16000,เอิ้วกินข้าว,กินข้าวไหม,south,voice_5,voice_5,True
audio_data/south/voice_5/voice_5_aug_83.wav,3.157,16000,เอิ้วกินข้าว,กินข้าวไหม,south,voice_5,voice_5,True
audio_data/south/voice_5/voice_5_aug_84.wav,3.157,16000,เอิ้วกินข้าว,กินข้าวไหม,south,voice_5,voice_5,True
audio_data/south/voice_5/voice_5_aug_85.wav,3.157,16000,เอิ้วกินข้าว,กินข้าวไหม,south,voice_5,voice_5,True
audio_data/south/voice_5/voice_5_aug_86.wav,3.157,16000,เอิ้วกินข้าว,กินข้าวไหม,south,voice_5,voice_5,True
audio_data/south/voice_5/voice_5_aug_87.wav,3.157,16000,เอิ้วกินข้าว,กินข้าวไหม,south,voice_5,voice_5,True
audio_data/south/voice_5/voice_5_aug_88.wav,3.157,16000,เอิ้วกินข้าว,กินข้าวไหม,south,voice_5,voice_5,True
audio_data/south/voice_5/voice_5_aug_89.wav,3.157,16000,เอิ้วกินข้าว,กินข้าวไหม,south,voice_5,voice_5,True
audio_data/south/voice_5/voice_5_aug_9.wav,3.157,16000,เอิ้วกินข้าว,กินข้าวไหม,south,voice_5,voice_5,True
audio_data/south/voice_5/voice_5_aug_90.wav,3.157,16000,เอิ้วกินข้าว,กินข้าวไหม,south,voice_5,voice_5,True
audio_data/south/voice_5/voice_5_aug_91.wav,3.157,16000,เอิ้วกินข้าว,กินข้าวไหม,south,voice_5,voice_5,True
audio_data/south/voice_5/voice_5_aug_92.wav,3.157,16000,เอิ้วกินข้าว,กินข้าวไหม,south,voice_5,voice_5,True
audio_data/south/voice_5/voice_5_aug_93.wav,3.157,16000,เอิ้วกินข้าว,กินข้าวไหม,south,voice_5,voice_5,True
audio_data/south/voice_5/voice_5_aug_94.wav,3.157,16000,เอิ้วกินข้าว,กินข้าวไหม,south,voice_5,voice_5,True
audio_data/south/voice_5/voice_5_aug_95.wav,3.157,16000,เอิ้วกินข้าว,กินข้าวไหม,south,voice_5,voice_5,True
audio_data/south/voice_5/voice_5_aug_96.wav,3.157,16000,เอิ้วกินข้าว,กินข้าวไหม,south,voice_5,voice_5,True
audio_data/south/voice_5/voice_5_aug_97.wav,3.157,16000,เอิ้วกินข้าว,กินข้าวไหม,south,voice_5,voice_5,True
audio_data/south/voice_5/voice_5_aug_98.wav,3.157,16000,เอิ้วกินข้าว,กินข้าวไหม,south,voice_5,voice_5,True
audio_data/south/voice_5/voice_5_aug_99.wav,3.157,16000,เอิ้วกินข้าว,กินข้าวไหม,south,voice_5,voice_5,True
audio_data/south/voice_50/voice_50_1.wav,2.411,16000,บะลักกัก,ใหญ่โตมาก,south,voice_50,voice_50_1,False
audio_data/south/voice_50/voice_50_aug_1.wav,2.411,16000,บะลักกัก,ใหญ่โตมาก,south,voice_50,voice_50,True
audio_data/south/voice_50/voice_50_aug_10.wav,2.411,16000,บะลักกัก,ใหญ่โตมาก,south,voice_50,voice_50,True
audio_data/south/voice_50/voice_50_aug_100.wav,2.411,16000,บะลักกัก,ใหญ่โตมาก,south,voice_50,voice_50,True
audio_data/south/voice_50/voice_50_aug_11.wav,2.411,16000,บะลักกัก,ใหญ่โตมาก,south,voice_50,voice_50,True
audio_data/south/voice_50/voice_50_aug_12.wav,2.411,16000,บะลักกัก,ใหญ่โตมาก,south,voice_50,voice_50,True
audio_data/south/voice_50/voice_50_aug_13.wav,2.411,16000,บะลักกัก,ใหญ่โตมาก,south,voice_50,voice_50,True
audio_data/south/voice_50/voice_50_aug_14.wav,2.411,16000,บะลักกัก,ใหญ่โตมาก,south,voice_50,voice_50,True
audio_data/south/voice_50/voice_50_aug_15.wav,2.411,16000,บะลักกัก,ใหญ่โตมาก,south,voice_50,voice_50,True
audio_data/south/voice_50/voice_50_aug_16.wav,2.411,16000,บะลักกัก,ใหญ่โตมาก,south,voice_50,voice_50,True
audio_data/south/voice_50/voice_50_aug_17.wav,2.411,16000,บะลักกัก,ใหญ่โตมาก,south,voice_50,voice_50,True
audio_data/south/voice_50/voice_50_aug_18.wav,2.411,16000,บะลักกัก,ใหญ่โตมาก,south,voice_50,voice_50,True
audio_data/south/voice_50/voice_50_aug_19.wav,2.411,16000,บะลักกัก,ใหญ่โตมาก,south,voice_50,voice_50,True
audio_data/south/voice_50/voice_50_aug_2.wav,2.411,16000,บะลักกัก,ใหญ่โตมาก,south,voice_50,voice_50,True
audio_data/south/voice_50/voice_50_aug_20.wav,2.411,16000,บะลักกัก,ใหญ่โตมาก,south,voice_50,voice_50,True
audio_data/south/voice_50/voice_50_aug_21.wav,2.411,16000,บะลักกัก,ใหญ่โตมาก,south,voice_50,voice_50,True
audio_data/south/voice_50/voice_50_aug_22.wav,2.411,16000,บะลักกัก,ใหญ่โตมาก,south,voice_50,voice_50,True
audio_data/south/voice_50/voice_50_aug_23.wav,2.411,16000,บะลักกัก,ใหญ่โตมาก,south,voice_50,voice_50,True
audio_data/south/voice_50/voice_50_aug_24.wav,2.411,16000,บะลักกัก,ใหญ่โตมาก,south,voice_50,voice_50,True
audio_data/south/voice_50/voice_50_aug_25.wav,2.411,16000,บะลักกัก,ใหญ่โตมาก,south,voice_50,voice_50,True
audio_data/south/voice_50/voice_50_aug_26.wav,2.411,16000,บะลักกัก,ใหญ่โตมาก,south,voice_50,voice_50,True
audio_data/south/voice_50/voice_50_aug_27.wav,2.411,16000,บะลักกัก,ใหญ่โตมาก,south,voice_50,voice_50,True
audio_data/south/voice_50/voice_50_aug_28.wav,2.411,16000,บะลักกัก,ใหญ่โตมาก,south,voice_50,voice_50,True
audio_data/south/voice_50/voice_50_aug_29.wav,2.411,16000,บะลักกัก,ใหญ่โตมาก,south,voice_50,voice_50,True
audio_data/south/voice_50/voice_50_aug_3.wav,2.411,16000,บะลักกัก,ใหญ่โตมาก,south,voice_50,voice_50,True
audio_data/south/voice_50/voice_50_aug_30.wav,2.411,16000,บะลักกัก,ใหญ่โตมาก,south,voice_50,voice_50,True
audio_data/south/voice_50/voice_50_aug_31.wav,2.411,16000,บะลักกัก,ใหญ่โตมาก,south,voice_50,voice_50,True
audio_data/south/voice_50/voice_50_aug_32.wav,2.411,16000,บะลักกัก,ใหญ่โตมาก,south,voice_50,voice_50,True
audio_data/south/voice_50/voice_50_aug_33.wav,2.411,16000,บะลักกัก,ใหญ่โตมาก,south,voice_50,voice_50,True
audio_data/south/voice_50/voice_50_aug_34.wav,2.411,16000,บะลักกัก,ใหญ่โตมาก,south,voice_50,voice_50,True
audio_data/south/voice_50/voice_50_aug_35.wav,2.411,16000,บะลักกัก,ใหญ่โตมาก,south,voice_50,voice_50,True
audio_data/south/voice_50/voice_50_aug_36.wav,2.411,16000,บะลักกัก,ใหญ่โตมาก,south,voice_50,voice_50,True
audio_data/south/voice_50/voice_50_aug_37.wav,2.411,16000,บะลักกัก,ใหญ่โตมาก,south,voice_50,voice_50,True
audio_data/south/voice_50/voice_50_aug_38.wav,2.411,16000,บะลักกัก,ใหญ่โตมาก,south,voice_50,voice_50,True
audio_data/south/voice_50/voice_50_aug_39.wav,2.411,16000,บะลักกัก,ใหญ่โตมาก,south,voice_50,voice_50,True
audio_data/south/voice_50/voice_50_aug_4.wav,2.411,16000,บะลักกัก,ใหญ่โตมาก,south,voice_50,voice_50,True
audio_data/south/voice_50/voice_50_aug_40.wav,2.411,16000,บะลักกัก,ใหญ่โตมาก,south,voice_50,voice_50,True
audio_data/south/voice_50/voice_50_aug_41.wav,2.411,16000,บะลักกัก,ใหญ่โตมาก,south,voice_50,voice_50,True
audio_data/south/voice_50/voice_50_aug_42.wav,2.411,16000,บะลักกัก,ใหญ่โตมาก,south,voice_50,voice_50,True
audio_data/south/voice_50/voice_50_aug_43.wav,2.411,16000,บะลักกัก,ใหญ่โตมาก,south,voice_50,voice_50,True
audio_data/south/voice_50/voice_50_aug_44.wav,2.411,16000,บะลักกัก,ใหญ่โตมาก,south,voice_50,voice_50,True
audio_data/south/voice_50/voice_50_aug_45.wav,2.411,16000,บะลักกัก,ใหญ่โตมาก,south,voice_50,voice_50,True
audio_data/south/voice_50/voice_50_aug_46.wav,2.411,16000,บะลักกัก,ใหญ่โตมาก,south,voice_50,voice_50,True
audio_data/south/voice_50/voice_50_aug_47.wav,2.411,16000,บะลักกัก,ใหญ่โตมาก,south,voice_50,voice_50,True
audio_data/south/voice_50/voice_50_aug_48.wav,2.411,16000,บะลักกัก,ใหญ่โตมาก,south,voice_50,voice_50,True
audio_data/south/voice_50/voice_50_aug_49.wav,2.411,16000,บะลักกัก,ใหญ่โตมาก,south,voice_50,voice_50,True
audio_data/south/voice_50/voice_50_aug_5.wav,2.411,16000,บะลักกัก,ใหญ่โตมาก,south,voice_50,voice_50,True
audio_data/south/voice_50/voice_50_aug_50.wav,2.411,16000,บะลักกัก,ใหญ่โตมาก,south,voice_50,voice_50,True
audio_data/south/voice_50/voice_50_aug_51.wav,2.411,16000,บะลักกัก,ใหญ่โตมาก,south,voice_50,voice_50,True
audio_data/south/voice_50/voice_50_aug_52.wav,2.411,16000,บะลักกัก,ใหญ่โตมาก,south,voice_50,voice_50,True
audio_data/south/voice_50/voice_50_aug_53.wav,2.411,16000,บะลักกัก,ใหญ่โตมาก,south,voice_50,voice_50,True
audio_data/south/voice_50/voice_50_aug_54.wav,2.411,16000,บะลักกัก,ใหญ่โตมาก,south,voice_50,voice_50,True
audio_data/south/voice_50/voice_50_aug_55.wav,2.411,16000,บะลักกัก,ใหญ่โตมาก,south,voice_50,voice_50,True
audio_data/south/voice_50/voice_50_aug_56.wav,2.411,16000,บะลักกัก,ใหญ่โตมาก,south,voice_50,voice_50,True
audio_data/south/voice_50/voice_50_aug_57.wav,2.411,16000,บะลักกัก,ใหญ่โตมาก,south,voice_50,voice_50,True
audio_data/south/voice_50/voice_50_aug_58.wav,2.411,16000,บะลักกัก,ใหญ่โตมาก,south,voice_50,voice_50,True
audio_data/south/voice_50/voice_50_aug_59.wav,2.411,16000,บะลักกัก,ใหญ่โตมาก,south,voice_50,voice_50,True
audio_data/south/voice_50/voice_50_aug_6.wav,2.411,16000,บะลักกัก,ใหญ่โตมาก,south,voice_50,voice_50,True
audio_data/south/voice_50/voice_50_aug_60.wav,2.411,16000,บะลักกัก,ใหญ่โตมาก,south,voice_50,voice_50,True
audio_data/south/voice_50/voice_50_aug_61.wav,2.411,16000,บะลักกัก,ใหญ่โตมาก,south,voice_50,voice_50,True
audio_data/south/voice_50/voice_50_aug_62.wav,2.411,16000,บะลักกัก,ใหญ่โตมาก,south,voice_50,voice_50,True
audio_data/south/voice_50/voice_50_aug_63.wav,2.411,16000,บะลักกัก,ใหญ่โตมาก,south,voice_50,voice_50,True
audio_data/south/voice_50/voice_50_aug_64.wav,2.411,16000,บะลักกัก,ใหญ่โตมาก,south,voice_50,voice_50,True
audio_data/south/voice_50/voice_50_aug_65.wav,2.411,16000,บะลักกัก,ใหญ่โตมาก,south,voice_50,voice_50,True
audio_data/south/voice_50/voice_50_aug_66.wav,2.411,16000,บะลักกัก,ใหญ่โตมาก,south,voice_50,voice_50,True
audio_data/south/voice_50/voice_50_aug_67.wav,2.411,16000,บะลักกัก,ใหญ่โตมาก,south,voice_50,voice_50,True
audio_data/south/voice_50/voice_50_aug_68.wav,2.411,16000,บะลักกัก,ใหญ่โตมาก,south,voice_50,voice_50,True
audio_data/south/voice_50/voice_50_aug_69.wav,2.411,16000,บะลักกัก,ใหญ่โตมาก,south,voice_50,voice_50,True
audio_data/south/voice_50/voice_50_aug_7.wav,2.411,16000,บะลักกัก,ใหญ่โตมาก,south,voice_50,voice_50,True
audio_data/south/voice_50/voice_50_aug_70.wav,2.411,16000,บะลักกัก,ใหญ่โตมาก,south,voice_50,voice_50,True
audio_data/south/voice_50/voice_50_aug_71.wav,2.411,16000,บะลักกัก,ใหญ่โตมาก,south,voice_50,voice_50,True
audio_data/south/voice_50/voice_50_aug_72.wav,2.411,16000,บะลักกัก,ใหญ่โตมาก,south,voice_50,voice_50,True
audio_data/south/voice_50/voice_50_aug_73.wav,2.411,16000,บะลักกัก,ใหญ่โตมาก,south,voice_50,voice_50,True
audio_data/south/voice_50/voice_50_aug_74.wav,2.411,16000,บะลักกัก,ใหญ่โตมาก,south,voice_50,voice_50,True
audio_data/south/voice_50/voice_50_aug_75.wav,2.411,16000,บะลักกัก,ใหญ่โตมาก,south,voice_50,voice_50,True
audio_data/south/voice_50/voice_50_aug_76.wav,2.411,16000,บะลักกัก,ใหญ่โตมาก,south,voice_50,voice_50,True
audio_data/south/voice_50/voice_50_aug_77.wav,2.411,16000,บะลักกัก,ใหญ่โตมาก,south,voice_50,voice_50,True
audio_data/south/voice_50/voice_50_aug_78.wav,2.411,16000,บะลักกัก,ใหญ่โตมาก,south,voice_50,voice_50,True
audio_data/south/voice_50/voice_50_aug_79.wav,2.411,16000,บะลักกัก,ใหญ่โตมาก,south,voice_50,voice_50,True
audio_data/south/voice_50/voice_50_aug_8.wav,2.411,16000,บะลักกัก,ใหญ่โตมาก,south,voice_50,voice_50,True
audio_data/south/voice_50/voice_50_aug_80.wav,2.411,16000,บะลักกัก,ใหญ่โตมาก,south,voice_50,voice_50,True
audio_data/south/voice_50/voice_50_aug_81.wav,2.411,16000,บะลักกัก,ใหญ่โตมาก,south,voice_50,voice_50,True
audio_data/south/voice_50/voice_50_aug_82.wav,2.411,16000,บะลักกัก,ใหญ่โตมาก,south,voice_50,voice_50,True
audio_data/south/voice_50/voice_50_aug_83.wav,2.411,16000,บะลักกัก,ใหญ่โตมาก,south,voice_50,voice_50,True
audio_data/south/voice_50/voice_50_aug_84.wav,2.411,16000,บะลักกัก,ใหญ่โตมาก,south,voice_50,voice_50,True
audio_data/south/voice_50/voice_50_aug_85.wav,2.411,16000,บะลักกัก,ใหญ่โตมาก,south,voice_50,voice_50,True
audio_data/south/voice_50/voice_50_aug_86.wav,2.411,16000,บะลักกัก,ใหญ่โตมาก,south,voice_50,voice_50,True
audio_data/south/voice_50/voice_50_aug_87.wav,2.411,16000,บะลักกัก,ใหญ่โตมาก,south,voice_50,voice_50,True
audio_data/south/voice_50/voice_50_aug_88.wav,2.411,16000,บะลักกัก,ใหญ่โตมาก,south,voice_50,voice_50,True
audio_data/south/voice_50/voice_50_aug_89.wav,2.411,16000,บะลักกัก,ใหญ่โตมาก,south,voice_50,voice_50,True
audio_data/south/voice_50/voice_50_aug_9.wav,2.411,16000,บะลักกัก,ใหญ่โตมาก,south,voice_50,voice_50,True
audio_data/south/voice_50/voice_50_aug_90.wav,2.411,16000,บะลักกัก,ใหญ่โตมาก,south,voice_50,voice_50,True
audio_data/south/voice_50/voice_50_aug_91.wav,2.411,16000,บะลักกัก,ใหญ่โตมาก,south,voice_50,voice_50,True
audio_data/south/voice_50/voice_50_aug_92.wav,2.411,16000,บะลักกัก,ใหญ่โตมาก,south,voice_50,voice_50,True
audio_data/south/voice_50/voice_50_aug_93.wav,2.411,16000,บะลักกัก,ใหญ่โตมาก,south,voice_50,voice_50,True
audio_data/south/voice_50/voice_50_aug_94.wav,2.411,16000,บะลักกัก,ใหญ่โตมาก,south,voice_50,voice_50,True
audio_data/south/voice_50/voice_50_aug_95.wav,2.411,16000,บะลักกัก,ใหญ่โตมาก,south,voice_50,voice_50,True
audio_data/south/voice_50/voice_50_aug_96.wav,2.411,16000,บะลักกัก,ใหญ่โตมาก,south,voice_50,voice_50,True
audio_data/south/voice_50/voice_50_aug_97.wav,2.411,16000,บะลักกัก,ใหญ่โตมาก,south,voice_50,voice_50,True
audio_data/south/voice_50/voice_50_aug_98.wav,2.411,16000,บะลักกัก,ใหญ่โตมาก,south,voice_50,voice_50,True
audio_data/south/voice_50/voice_50_aug_99.wav,2.411,16000,บะลักกัก,ใหญ่โตมาก,south,voice_50,voice_50,True
audio_data/south/voice_6/voice_6_1.wav,3.477,16000,ตื่นแต่หัวเช้า,ตื่นแต่เช้า,south,voice_6,voice_6_1,False
audio_data/south/voice_6/voice_6_aug_1.wav,3.477,16000,ตื่นแต่หัวเช้า,ตื่นแต่เช้า,south,voice_6,voice_6,True
audio_data/south/voice_6/voice_6_aug_10.wav,3.477,16000,ตื่นแต่หัวเช้า,ตื่นแต่เช้า,south,voice_6,voice_6,True
audio_data/south/voice_6/voice_6_aug_100.wav,3.477,16000,ตื่นแต่หัวเช้า,ตื่นแต่เช้า,south,voice_6,voice_6,True
audio_data/south/voice_6/voice_6_aug_11.wav,3.477,16000,ตื่นแต่หัวเช้า,ตื่นแต่เช้า,south,voice_6,voice_6,True
audio_data/south/voice_6/voice_6_aug_12.wav,3.477,16000,ตื่นแต่หัวเช้า,ตื่นแต่เช้า,south,voice_6,voice_6,True
audio_data/south/voice_6/voice_6_aug_13.wav,3.477,16000,ตื่นแต่หัวเช้า,ตื่นแต่เช้า,south,voice_6,voice_6,True
audio_data/south/voice_6/voice_6_aug_14.wav,3.477,16000,ตื่นแต่หัวเช้า,ตื่นแต่เช้า,south,voice_6,voice_6,True
audio_data/south/voice_6/voice_6_aug_15.wav,3.477,16000,ตื่นแต่หัวเช้า,ตื่นแต่เช้า,south,voice_6,voice_6,True
audio_data/south/voice_6/voice_6_aug_16.wav,3.477,16000,ตื่นแต่หัวเช้า,ตื่นแต่เช้า,south,voice_6,voice_6,True
audio_data/south/voice_6/voice_6_aug_17.wav,3.477,16000,ตื่นแต่หัวเช้า,ตื่นแต่เช้า,south,voice_6,voice_6,True
audio_data/south/voice_6/voice_6_aug_18.wav,3.477,16000,ตื่นแต่หัวเช้า,ตื่นแต่เช้า,south,voice_6,voice_6,True
audio_data/south/voice_6/voice_6_aug_19.wav,3.477,16000,ตื่นแต่หัวเช้า,ตื่นแต่เช้า,south,voice_6,voice_6,True
audio_data/south/voice_6/voice_6_aug_2.wav,3.477,16000,ตื่นแต่หัวเช้า,ตื่นแต่เช้า,south,voice_6,voice_6,True
audio_data/south/voice_6/voice_6_aug_20.wav,3.477,16000,ตื่นแต่หัวเช้า,ตื่นแต่เช้า,south,voice_6,voice_6,True
audio_data/south/voice_6/voice_6_aug_21.wav,3.477,16000,ตื่นแต่หัวเช้า,ตื่นแต่เช้า,south,voice_6,voice_6,True
audio_data/south/voice_6/voice_6_aug_22.wav,3.477,16000,ตื่นแต่หัวเช้า,ตื่นแต่เช้า,south,voice_6,voice_6,True
audio_data/south/voice_6/voice_6_aug_23.wav,3.477,16000,ตื่นแต่หัวเช้า,ตื่นแต่เช้า,south,voice_6,voice_6,True
audio_data/south/voice_6/voice_6_aug_24.wav,3.477,16000,ตื่นแต่หัวเช้า,ตื่นแต่เช้า,south,voice_6,voice_6,True
audio_data/south/voice_6/voice_6_aug_25.wav,3.477,16000,ตื่นแต่หัวเช้า,ตื่นแต่เช้า,south,voice_6,voice_6,True
audio_data/south/voice_6/voice_6_aug_26.wav,3.477,16000,ตื่นแต่หัวเช้า,ตื่นแต่เช้า,south,voice_6,voice_6,True
audio_data/south/voice_6/voice_6_aug_27.wav,3.477,16000,ตื่นแต่หัวเช้า,ตื่นแต่เช้า,south,voice_6,voice_6,True
audio_data/south/voice_6/voice_6_aug_28.wav,3.477,16000,ตื่นแต่หัวเช้า,ตื่นแต่เช้า,south,voice_6,voice_6,True
audio_data/south/voice_6/voice_6_aug_29.wav,3.477,16000,ตื่นแต่หัวเช้า,ตื่นแต่เช้า,south,voice_6,voice_6,True
audio_data/south/voice_6/voice_6_aug_3.wav,3.477,16000,ตื่นแต่หัวเช้า,ตื่นแต่เช้า,south,voice_6,voice_6,True
audio_data/south/voice_6/voice_6_aug_30.wav,3.477,16000,ตื่นแต่หัวเช้า,ตื่นแต่เช้า,south,voice_6,voice_6,True
audio_data/south/voice_6/voice_6_aug_31.wav,3.477,16000,ตื่นแต่หัวเช้า,ตื่นแต่เช้า,south,voice_6,voice_6,True
audio_data/south/voice_6/voice_6_aug_32.wav,3.477,16000,ตื่นแต่หัวเช้า,ตื่นแต่เช้า,south,voice_6,voice_6,True
audio_data/south/voice_6/voice_6_aug_33.wav,3.477,16000,ตื่นแต่หัวเช้า,ตื่นแต่เช้า,south,voice_6,voice_6,True
audio_data/south/voice_6/voice_6_aug_34.wav,3.477,16000,ตื่นแต่หัวเช้า,ตื่นแต่เช้า,south,voice_6,voice_6,True
audio_data/south/voice_6/voice_6_aug_35.wav,3.477,16000,ตื่นแต่หัวเช้า,ตื่นแต่เช้า,south,voice_6,voice_6,True
audio_data/south/voice_6/voice_6_aug_36.wav,3.477,16000,ตื่นแต่หัวเช้า,ตื่นแต่เช้า,south,voice_6,voice_6,True
audio_data/south/voice_6/voice_6_aug_37.wav,3.477,16000,ตื่นแต่หัวเช้า,ตื่นแต่เช้า,south,voice_6,voice_6,True
audio_data/south/voice_6/voice_6_aug_38.wav,3.477,16000,ตื่นแต่หัวเช้า,ตื่นแต่เช้า,south,voice_6,voice_6,True
audio_data/south/voice_6/voice_6_aug_39.wav,3.477,16000,ตื่นแต่หัวเช้า,ตื่นแต่เช้า,south,voice_6,voice_6,True
audio_data/south/voice_6/voice_6_aug_4.wav,3.477,16000,ตื่นแต่หัวเช้า,ตื่นแต่เช้า,south,voice_6,voice_6,True
audio_data/south/voice_6/voice_6_aug_40.wav,3.477,16000,ตื่นแต่หัวเช้า,ตื่นแต่เช้า,south,voice_6,voice_6,True
audio_data/south/voice_6/voice_6_aug_41.wav,3.477,16000,ตื่นแต่หัวเช้า,ตื่นแต่เช้า,south,voice_6,voice_6,True
audio_data/south/voice_6/voice_6_aug_42.wav,3.477,16000,ตื่นแต่หัวเช้า,ตื่นแต่เช้า,south,voice_6,voice_6,True
audio_data/south/voice_6/voice_6_aug_43.wav,3.477,16000,ตื่นแต่หัวเช้า,ตื่นแต่เช้า,south,voice_6,voice_6,True
audio_data/south/voice_6/voice_6_aug_44.wav,3.477,16000,ตื่นแต่หัวเช้า,ตื่นแต่เช้า,south,voice_6,voice_6,True
audio_data/south/voice_6/voice_6_aug_45.wav,3.477,16000,ตื่นแต่หัวเช้า,ตื่นแต่เช้า,south,voice_6,voice_6,True
audio_data/south/voice_6/voice_6_aug_46.wav,3.477,16000,ตื่นแต่หัวเช้า,ตื่นแต่เช้า,south,voice_6,voice_6,True
audio_data/south/voice_6/voice_6_aug_47.wav,3.477,16000,ตื่นแต่หัวเช้า,ตื่นแต่เช้า,south,voice_6,voice_6,True
audio_data/south/voice_6/voice_6_aug_48.wav,3.477,16000,ตื่นแต่หัวเช้า,ตื่นแต่เช้า,south,voice_6,voice_6,True
audio_data/south/voice_6/voice_6_aug_49.wav,3.477,16000,ตื่นแต่หัวเช้า,ตื่นแต่เช้า,south,voice_6,voice_6,True
audio_data/south/voice_6/voice_6_aug_5.wav,3.477,16000,ตื่นแต่หัวเช้า,ตื่นแต่เช้า,south,voice_6,voice_6,True
audio_data/south/voice_6/voice_6_aug_50.wav,3.477,16000,ตื่นแต่หัวเช้า,ตื่นแต่เช้า,south,voice_6,voice_6,True
audio_data/south/voice_6/voice_6_aug_51.wav,3.477,16000,ตื่นแต่หัวเช้า,ตื่นแต่เช้า,south,voice_6,voice_6,True
audio_data/south/voice_6/voice_6_aug_52.wav,3.477,16000,ตื่นแต่หัวเช้า,ตื่นแต่เช้า,south,voice_6,voice_6,True
audio_data/south/voice_6/voice_6_aug_53.wav,3.477,16000,ตื่นแต่หัวเช้า,ตื่นแต่เช้า,south,voice_6,voice_6,True
audio_data/south/voice_6/voice_6_aug_54.wav,3.477,16000,ตื่นแต่หัวเช้า,ตื่นแต่เช้า,south,voice_6,voice_6,True
audio_data/south/voice_6/voice_6_aug_55.wav,3.477,16000,ตื่นแต่หัวเช้า,ตื่นแต่เช้า,south,voice_6,voice_6,True
audio_data/south/voice_6/voice_6_aug_56.wav,3.477,16000,ตื่นแต่หัวเช้า,ตื่นแต่เช้า,south,voice_6,voice_6,True
audio_data/south/voice_6/voice_6_aug_57.wav,3.477,16000,ตื่นแต่หัวเช้า,ตื่นแต่เช้า,south,voice_6,voice_6,True
audio_data/south/voice_6/voice_6_aug_58.wav,3.477,16000,ตื่นแต่หัวเช้า,ตื่นแต่เช้า,south,voice_6,voice_6,True
audio_data/south/voice_6/voice_6_aug_59.wav,3.477,16000,ตื่นแต่หัวเช้า,ตื่นแต่เช้า,south,voice_6,voice_6,True
audio_data/south/voice_6/voice_6_aug_6.wav,3.477,16000,ตื่นแต่หัวเช้า,ตื่นแต่เช้า,south,voice_6,voice_6,True
audio_data/south/voice_6/voice_6_aug_60.wav,3.477,16000,ตื่นแต่หัวเช้า,ตื่นแต่เช้า,south,voice_6,voice_6,True
audio_data/south/voice_6/voice_6_aug_61.wav,3.477,16000,ตื่นแต่หัวเช้า,ตื่นแต่เช้า,south,voice_6,voice_6,True
audio_data/south/voice_6/voice_6_aug_62.wav,3.477,16000,ตื่นแต่หัวเช้า,ตื่นแต่เช้า,south,voice_6,voice_6,True
audio_data/south/voice_6/voice_6_aug_63.wav,3.477,16000,ตื่นแต่หัวเช้า,ตื่นแต่เช้า,south,voice_6,voice_6,True
audio_data/south/voice_6/voice_6_aug_64.wav,3.477,16000,ตื่นแต่หัวเช้า,ตื่นแต่เช้า,south,voice_6,voice_6,True
audio_data/south/voice_6/voice_6_aug_65.wav,3.477,16000,ตื่นแต่หัวเช้า,ตื่นแต่เช้า,south,voice_6,voice_6,True
audio_data/south/voice_6/voice_6_aug_66.wav,3.477,16000,ตื่นแต่หัวเช้า,ตื่นแต่เช้า,south,voice_6,voice_6,True
audio_data/south/voice_6/voice_6_aug_67.wav,3.477,16000,ตื่นแต่หัวเช้า,ตื่นแต่เช้า,south,voice_6,voice_6,True
audio_data/south/voice_6/voice_6_aug_68.wav,3.477,16000,ตื่นแต่หัวเช้า,ตื่นแต่เช้า,south,voice_6,voice_6,True
audio_data/south/voice_6/voice_6_aug_69.wav,3.477,16000,ตื่นแต่หัวเช้า,ตื่นแต่เช้า,south,voice_6,voice_6,True
audio_data/south/voice_6/voice_6_aug_7.wav,3.477,16000,ตื่นแต่หัวเช้า,ตื่นแต่เช้า,south,voice_6,voice_6,True
audio_data/south/voice_6/voice_6_aug_70.wav,3.477,16000,ตื่นแต่หัวเช้า,ตื่นแต่เช้า,south,voice_6,voice_6,True
audio_data/south/voice_6/voice_6_aug_71.wav,3.477,16000,ตื่นแต่หัวเช้า,ตื่นแต่เช้า,south,voice_6,voice_6,True
audio_data/south/voice_6/voice_6_aug_72.wav,3.477,16000,ตื่นแต่หัวเช้า,ตื่นแต่เช้า,south,voice_6,voice_6,True
audio_data/south/voice_6/voice_6_aug_73.wav,3.477,16000,ตื่นแต่หัวเช้า,ตื่นแต่เช้า,south,voice_6,voice_6,True
audio_data/south/voice_6/voice_6_aug_74.wav,3.477,16000,ตื่นแต่หัวเช้า,ตื่นแต่เช้า,south,voice_6,voice_6,True
audio_data/south/voice_6/voice_6_aug_75.wav,3.477,16000,ตื่นแต่หัวเช้า,ตื่นแต่เช้า,south,voice_6,voice_6,True
audio_data/south/voice_6/voice_6_aug_76.wav,3.477,16000,ตื่นแต่หัวเช้า,ตื่นแต่เช้า,south,voice_6,voice_6,True
audio_data/south/voice_6/voice_6_aug_77.wav,3.477,16000,ตื่นแต่หัวเช้า,ตื่นแต่เช้า,south,voice_6,voice_6,True
audio_data/south/voice_6/voice_6_aug_78.wav,3.477,16000,ตื่นแต่หัวเช้า,ตื่นแต่เช้า,south,voice_6,voice_6,True
audio_data/south/voice_6/voice_6_aug_79.wav,3.477,16000,ตื่นแต่หัวเช้า,ตื่นแต่เช้า,south,voice_6,voice_6,True
audio_data/south/voice_6/voice_6_aug_8.wav,3.477,16000,ตื่นแต่หัวเช้า,ตื่นแต่เช้า,south,voice_6,voice_6,True
audio_data/south/voice_6/voice_6_aug_80.wav,3.477,16000,ตื่นแต่หัวเช้า,ตื่นแต่เช้า,south,voice_6,voice_6,True
audio_data/south/voice_6/voice_6_aug_81.wav,3.477,16000,ตื่นแต่หัวเช้า,ตื่นแต่เช้า,south,voice_6,voice_6,True
audio_data/south/voice_6/voice_6_aug_82.wav,3.477,16000,ตื่นแต่หัวเช้า,ตื่นแต่เช้า,south,voice_6,voice_6,True
audio_data/south/voice_6/voice_6_aug_83.wav,3.477,16000,ตื่นแต่หัวเช้า,ตื่นแต่เช้า,south,voice_6,voice_6,True
audio_data/south/voice_6/voice_6_aug_84.wav,3.477,16000,ตื่นแต่หัวเช้า,ตื่นแต่เช้า,south,voice_6,voice_6,True
audio_data/south/voice_6/voice_6_aug_85.wav,3.477,16000,ตื่นแต่หัวเช้า,ตื่นแต่เช้า,south,voice_6,voice_6,True
audio_data/south/voice_6/voice_6_aug_86.wav,3.477,16000,ตื่นแต่หัวเช้า,ตื่นแต่เช้า,south,voice_6,voice_6,True
audio_data/south/voice_6/voice_6_aug_87.wav,3.477,16000,ตื่นแต่หัวเช้า,ตื่นแต่เช้า,south,voice_6,voice_6,True
audio_data/south/voice_6/voice_6_aug_88.wav,3.477,16000,ตื่นแต่หัวเช้า,ตื่นแต่เช้า,south,voice_6,voice_6,True
audio_data/south/voice_6/voice_6_aug_89.wav,3.477,16000,ตื่นแต่หัวเช้า,ตื่นแต่เช้า,south,voice_6,voice_6,True
audio_data/south/voice_6/voice_6_aug_9.wav,3.477,16000,ตื่นแต่หัวเช้า,ตื่นแต่เช้า,south,voice_6,voice_6,True
audio_data/south/voice_6/voice_6_aug_90.wav,3.477,16000,ตื่นแต่หัวเช้า,ตื่นแต่เช้า,south,voice_6,voice_6,True
audio_data/south/voice_6/voice_6_aug_91.wav,3.477,16000,ตื่นแต่หัวเช้า,ตื่นแต่เช้า,south,voice_6,voice_6,True
audio_data/south/voice_6/voice_6_aug_92.wav,3.477,16000,ตื่นแต่หัวเช้า,ตื่นแต่เช้า,south,voice_6,voice_6,True
audio_data/south/voice_6/voice_6_aug_93.wav,3.477,16000,ตื่นแต่หัวเช้า,ตื่นแต่เช้า,south,voice_6,voice_6,True
audio_data/south/voice_6/voice_6_aug_94.wav,3.477,16000,ตื่นแต่หัวเช้า,ตื่นแต่เช้า,south,voice_6,voice_6,True
audio_data/south/voice_6/voice_6_aug_95.wav,3.477,16000,ตื่นแต่หัวเช้า,ตื่นแต่เช้า,south,voice_6,voice_6,True
audio_data/south/voice_6/voice_6_aug_96.wav,3.477,16000,ตื่นแต่หัวเช้า,ตื่นแต่เช้า,south,voice_6,voice_6,True
audio_data/south/voice_6/voice_6_aug_97.wav,3.477,16000,ตื่นแต่หัวเช้า,ตื่นแต่เช้า,south,voice_6,voice_6,True
audio_data/south/voice_6/voice_6_aug_98.wav,3.477,16000,ตื่นแต่หัวเช้า,ตื่นแต่เช้า,south,voice_6,voice_6,True
audio_data/south/voice_6/voice_6_aug_99.wav,3.477,16000,ตื่นแต่หัวเช้า,ตื่นแต่เช้า,south,voice_6,voice_6,True
audio_data/south/voice_7/voice_7_1.wav,3.2,16000,ขี้เกียจลุกจังฮู้,ขี้เกียจลุกจังเลย,south,voice_7,voice_7_1,False
audio_data/south/voice_7/voice_7_aug_1.wav,3.2,16000,ขี้เกียจลุกจังฮู้,ขี้เกียจลุกจังเลย,south,voice_7,voice_7,True
audio_data/south/voice_7/voice_7_aug_10.wav,3.2,16000,ขี้เกียจลุกจังฮู้,ขี้เกียจลุกจังเลย,south,voice_7,voice_7,True
audio_data/south/voice_7/voice_7_aug_100.wav,3.2,16000,ขี้เกียจลุกจังฮู้,ขี้เกียจลุกจังเลย,south,voice_7,voice_7,True
audio_data/south/voice_7/voice_7_aug_11.wav,3.2,16000,ขี้เกียจลุกจังฮู้,ขี้เกียจลุกจังเลย,south,voice_7,voice_7,True
audio_data/south/voice_7/voice_7_aug_12.wav,3.2,16000,ขี้เกียจลุกจังฮู้,ขี้เกียจลุกจังเลย,south,voice_7,voice_7,True
audio_data/south/voice_7/voice_7_aug_13.wav,3.2,16000,ขี้เกียจลุกจังฮู้,ขี้เกียจลุกจังเลย,south,voice_7,voice_7,True
audio_data/south/voice_7/voice_7_aug_14.wav,3.2,16000,ขี้เกียจลุกจังฮู้,ขี้เกียจลุกจังเลย,south,voice_7,voice_7,True
audio_data/south/voice_7/voice_7_aug_15.wav,3.2,16000,ขี้เกียจลุกจังฮู้,ขี้เกียจลุกจังเลย,south,voice_7,voice_7,True
audio_data/south/voice_7/voice_7_aug_16.wav,3.2,16000,ขี้เกียจลุกจังฮู้,ขี้เกียจลุกจังเลย,south,voice_7,voice_7,True
audio_data/south/voice_7/voice_7_aug_17.wav,3.2,16000,ขี้เกียจลุกจังฮู้,ขี้เกียจลุกจังเลย,south,voice_7,voice_7,True
audio_data/south/voice_7/voice_7_aug_18.wav,3.2,16000,ขี้เกียจลุกจังฮู้,ขี้เกียจลุกจังเลย,south,voice_7,voice_7,True
audio_data/south/voice_7/voice_7_aug_19.wav,3.2,16000,ขี้เกียจลุกจังฮู้,ขี้เกียจลุกจังเลย,south,voice_7,voice_7,True
audio_data/south/voice_7/voice_7_aug_2.wav,3.2,16000,ขี้เกียจลุกจังฮู้,ขี้เกียจลุกจังเลย,south,voice_7,voice_7,True
audio_data/south/voice_7/voice_7_aug_20.wav,3.2,16000,ขี้เกียจลุกจังฮู้,ขี้เกียจลุกจังเลย,south,voice_7,voice_7,True
audio_data/south/voice_7/voice_7_aug_21.wav,3.2,16000,ขี้เกียจลุกจังฮู้,ขี้เกียจลุกจังเลย,south,voice_7,voice_7,True
audio_data/south/voice_7/voice_7_aug_22.wav,3.2,16000,ขี้เกียจลุกจังฮู้,ขี้เกียจลุกจังเลย,south,voice_7,voice_7,True
audio_data/south/voice_7/voice_7_aug_23.wav,3.2,16000,ขี้เกียจลุกจังฮู้,ขี้เกียจลุกจังเลย,south,voice_7,voice_7,True
audio_data/south/voice_7/voice_7_aug_24.wav,3.2,16000,ขี้เกียจลุกจังฮู้,ขี้เกียจลุกจังเลย,south,voice_7,voice_7,True
audio_data/south/voice_7/voice_7_aug_25.wav,3.2,16000,ขี้เกียจลุกจังฮู้,ขี้เกียจลุกจังเลย,south,voice_7,voice_7,True
audio_data/south/voice_7/voice_7_aug_26.wav,3.2,16000,ขี้เกียจลุกจังฮู้,ขี้เกียจลุกจังเลย,south,voice_7,voice_7,True
audio_data/south/voice_7/voice_7_aug_27.wav,3.2,16000,ขี้เกียจลุกจังฮู้,ขี้เกียจลุกจังเลย,south,voice_7,voice_7,True
audio_data/south/voice_7/voice_7_aug_28.wav,3.2,16000,ขี้เกียจลุกจังฮู้,ขี้เกียจลุกจังเลย,south,voice_7,voice_7,True
audio_data/south/voice_7/voice_7_aug_29.wav,3.2,16000,ขี้เกียจลุกจังฮู้,ขี้เกียจลุกจังเลย,south,voice_7,voice_7,True
audio_data/south/voice_7/voice_7_aug_3.wav,3.2,16000,ขี้เกียจลุกจังฮู้,ขี้เกียจลุกจังเลย,south,voice_7,voice_7,True
audio_data/south/voice_7/voice_7_aug_30.wav,3.2,16000,ขี้เกียจลุกจังฮู้,ขี้เกียจลุกจังเลย,south,voice_7,voice_7,True
audio_data/south/voice_7/voice_7_aug_31.wav,3.2,16000,ขี้เกียจลุกจังฮู้,ขี้เกียจลุกจังเลย,south,voice_7,voice_7,True
audio_data/south/voice_7/voice_7_aug_32.wav,3.2,16000,ขี้เกียจลุกจังฮู้,ขี้เกียจลุกจังเลย,south,voice_7,voice_7,True
audio_data/south/voice_7/voice_7_aug_33.wav,3.2,16000,ขี้เกียจลุกจังฮู้,ขี้เกียจลุกจังเลย,south,voice_7,voice_7,True
audio_data/south/voice_7/voice_7_aug_34.wav,3.2,16000,ขี้เกียจลุกจังฮู้,ขี้เกียจลุกจังเลย,south,voice_7,voice_7,True
audio_data/south/voice_7/voice_7_aug_35.wav,3.2,16000,ขี้เกียจลุกจังฮู้,ขี้เกียจลุกจังเลย,south,voice_7,voice_7,True
audio_data/south/voice_7/voice_7_aug_36.wav,3.2,16000,ขี้เกียจลุกจังฮู้,ขี้เกียจลุกจังเลย,south,voice_7,voice_7,True
audio_data/south/voice_7/voice_7_aug_37.wav,3.2,16000,ขี้เกียจลุกจังฮู้,ขี้เกียจลุกจังเลย,south,voice_7,voice_7,True
audio_data/south/voice_7/voice_7_aug_38.wav,3.2,16000,ขี้เกียจลุกจังฮู้,ขี้เกียจลุกจังเลย,south,voice_7,voice_7,True
audio_data/south/voice_7/voice_7_aug_39.wav,3.2,16000,ขี้เกียจลุกจังฮู้,ขี้เกียจลุกจังเลย,south,voice_7,voice_7,True
audio_data/south/voice_7/voice_7_aug_4.wav,3.2,16000,ขี้เกียจลุกจังฮู้,ขี้เกียจลุกจังเลย,south,voice_7,voice_7,True
audio_data/south/voice_7/voice_7_aug_40.wav,3.2,16000,ขี้เกียจลุกจังฮู้,ขี้เกียจลุกจังเลย,south,voice_7,voice_7,True
audio_data/south/voice_7/voice_7_aug_41.wav,3.2,16000,ขี้เกียจลุกจังฮู้,ขี้เกียจลุกจังเลย,south,voice_7,voice_7,True
audio_data/south/voice_7/voice_7_aug_42.wav,3.2,16000,ขี้เกียจลุกจังฮู้,ขี้เกียจลุกจังเลย,south,voice_7,voice_7,True
audio_data/south/voice_7/voice_7_aug_43.wav,3.2,16000,ขี้เกียจลุกจังฮู้,ขี้เกียจลุกจังเลย,south,voice_7,voice_7,True
audio_data/south/voice_7/voice_7_aug_44.wav,3.2,16000,ขี้เกียจลุกจังฮู้,ขี้เกียจลุกจังเลย,south,voice_7,voice_7,True
audio_data/south/voice_7/voice_7_aug_45.wav,3.2,16000,ขี้เกียจลุกจังฮู้,ขี้เกียจลุกจังเลย,south,voice_7,voice_7,True
audio_data/south/voice_7/voice_7_aug_46.wav,3.2,16000,ขี้เกียจลุกจังฮู้,ขี้เกียจลุกจังเลย,south,voice_7,voice_7,True
audio_data/south/voice_7/voice_7_aug_47.wav,3.2,16000,ขี้เกียจลุกจังฮู้,ขี้เกียจลุกจังเลย,south,voice_7,voice_7,True
audio_data/south/voice_7/voice_7_aug_48.wav,3.2,16000,ขี้เกียจลุกจังฮู้,ขี้เกียจลุกจังเลย,south,voice_7,voice_7,True
audio_data/south/voice_7/voice_7_aug_49.wav,3.2,16000,ขี้เกียจลุกจังฮู้,ขี้เกียจลุกจังเลย,south,voice_7,voice_7,True
audio_data/south/voice_7/voice_7_aug_5.wav,3.2,16000,ขี้เกียจลุกจังฮู้,ขี้เกียจลุกจังเลย,south,voice_7,voice_7,True
audio_data/south/voice_7/voice_7_aug_50.wav,3.2,16000,ขี้เกียจลุกจังฮู้,ขี้เกียจลุกจังเลย,south,voice_7,voice_7,True
audio_data/south/voice_7/voice_7_aug_51.wav,3.2,16000,ขี้เกียจลุกจังฮู้,ขี้เกียจลุกจังเลย,south,voice_7,voice_7,True
audio_data/south/voice_7/voice_7_aug_52.wav,3.2,16000,ขี้เกียจลุกจังฮู้,ขี้เกียจลุกจังเลย,south,voice_7,voice_7,True
audio_data/south/voice_7/voice_7_aug_53.wav,3.2,16000,ขี้เกียจลุกจังฮู้,ขี้เกียจลุกจังเลย,south,voice_7,voice_7,True
audio_data/south/voice_7/voice_7_aug_54.wav,3.2,16000,ขี้เกียจลุกจังฮู้,ขี้เกียจลุกจังเลย,south,voice_7,voice_7,True
audio_data/south/voice_7/voice_7_aug_55.wav,3.2,16000,ขี้เกียจลุกจังฮู้,ขี้เกียจลุกจังเลย,south,voice_7,voice_7,True
audio_data/south/voice_7/voice_7_aug_56.wav,3.2,16000,ขี้เกียจลุกจังฮู้,ขี้เกียจลุกจังเลย,south,voice_7,voice_7,True
audio_data/south/voice_7/voice_7_aug_57.wav,3.2,16000,ขี้เกียจลุกจังฮู้,ขี้เกียจลุกจังเลย,south,voice_7,voice_7,True
audio_data/south/voice_7/voice_7_aug_58.wav,3.2,16000,ขี้เกียจลุกจังฮู้,ขี้เกียจลุกจังเลย,south,voice_7,voice_7,True
audio_data/south/voice_7/voice_7_aug_59.wav,3.2,16000,ขี้เกียจลุกจังฮู้,ขี้เกียจลุกจังเลย,south,voice_7,voice_7,True
audio_data/south/voice_7/voice_7_aug_6.wav,3.2,16000,ขี้เกียจลุกจังฮู้,ขี้เกียจลุกจังเลย,south,voice_7,voice_7,True
audio_data/south/voice_7/voice_7_aug_60.wav,3.2,16000,ขี้เกียจลุกจังฮู้,ขี้เกียจลุกจังเลย,south,voice_7,voice_7,True
audio_data/south/voice_7/voice_7_aug_61.wav,3.2,16000,ขี้เกียจลุกจังฮู้,ขี้เกียจลุกจังเลย,south,voice_7,voice_7,True
audio_data/south/voice_7/voice_7_aug_62.wav,3.2,16000,ขี้เกียจลุกจังฮู้,ขี้เกียจลุกจังเลย,south,voice_7,voice_7,True
audio_data/south/voice_7/voice_7_aug_63.wav,3.2,16000,ขี้เกียจลุกจังฮู้,ขี้เกียจลุกจังเลย,south,voice_7,voice_7,True
audio_data/south/voice_7/voice_7_aug_64.wav,3.2,16000,ขี้เกียจลุกจังฮู้,ขี้เกียจลุกจังเลย,south,voice_7,voice_7,True
audio_data/south/voice_7/voice_7_aug_65.wav,3.2,16000,ขี้เกียจลุกจังฮู้,ขี้เกียจลุกจังเลย,south,voice_7,voice_7,True
audio_data/south/voice_7/voice_7_aug_66.wav,3.2,16000,ขี้เกียจลุกจังฮู้,ขี้เกียจลุกจังเลย,south,voice_7,voice_7,True
audio_data/south/voice_7/voice_7_aug_67.wav,3.2,16000,ขี้เกียจลุกจังฮู้,ขี้เกียจลุกจังเลย,south,voice_7,voice_7,True
audio_data/south/voice_7/voice_7_aug_68.wav,3.2,16000,ขี้เกียจลุกจังฮู้,ขี้เกียจลุกจังเลย,south,voice_7,voice_7,True
audio_data/south/voice_7/voice_7_aug_69.wav,3.2,16000,ขี้เกียจลุกจังฮู้,ขี้เกียจลุกจังเลย,south,voice_7,voice_7,True
audio_data/south/voice_7/voice_7_aug_7.wav,3.2,16000,ขี้เกียจลุกจังฮู้,ขี้เกียจลุกจังเลย,south,voice_7,voice_7,True
audio_data/south/voice_7/voice_7_aug_70.wav,3.2,16000,ขี้เกียจลุกจังฮู้,ขี้เกียจลุกจังเลย,south,voice_7,voice_7,True
audio_data/south/voice_7/voice_7_aug_71.wav,3.2,16000,ขี้เกียจลุกจังฮู้,ขี้เกียจลุกจังเลย,south,voice_7,voice_7,True
audio_data/south/voice_7/voice_7_aug_72.wav,3.2,16000,ขี้เกียจลุกจังฮู้,ขี้เกียจลุกจังเลย,south,voice_7,voice_7,True
audio_data/south/voice_7/voice_7_aug_73.wav,3.2,16000,ขี้เกียจลุกจังฮู้,ขี้เกียจลุกจังเลย,south,voice_7,voice_7,True
audio_data/south/voice_7/voice_7_aug_74.wav,3.2,16000,ขี้เกียจลุกจังฮู้,ขี้เกียจลุกจังเลย,south,voice_7,voice_7,True
audio_data/south/voice_7/voice_7_aug_75.wav,3.2,16000,ขี้เกียจลุกจังฮู้,ขี้เกียจลุกจังเลย,south,voice_7,voice_7,True
audio_data/south/voice_7/voice_7_aug_76.wav,3.2,16000,ขี้เกียจลุกจังฮู้,ขี้เกียจลุกจังเลย,south,voice_7,voice_7,True
audio_data/south/voice_7/voice_7_aug_77.wav,3.2,16000,ขี้เกียจลุกจังฮู้,ขี้เกียจลุกจังเลย,south,voice_7,voice_7,True
audio_data/south/voice_7/voice_7_aug_78.wav,3.2,16000,ขี้เกียจลุกจังฮู้,ขี้เกียจลุกจังเลย,south,voice_7,voice_7,True
audio_data/south/voice_7/voice_7_aug_79.wav,3.2,16000,ขี้เกียจลุกจังฮู้,ขี้เกียจลุกจังเลย,south,voice_7,voice_7,True
audio_data/south/voice_7/voice_7_aug_8.wav,3.2,16000,ขี้เกียจลุกจังฮู้,ขี้เกียจลุกจังเลย,south,voice_7,voice_7,True
audio_data/south/voice_7/voice_7_aug_80.wav,3.2,16000,ขี้เกียจลุกจังฮู้,ขี้เกียจลุกจังเลย,south,voice_7,voice_7,True
audio_data/south/voice_7/voice_7_aug_81.wav,3.2,16000,ขี้เกียจลุกจังฮู้,ขี้เกียจลุกจังเลย,south,voice_7,voice_7,True
audio_data/south/voice_7/voice_7_aug_82.wav,3.2,16000,ขี้เกียจลุกจังฮู้,ขี้เกียจลุกจังเลย,south,voice_7,voice_7,True
audio_data/south/voice_7/voice_7_aug_83.wav,3.2,16000,ขี้เกียจลุกจังฮู้,ขี้เกียจลุกจังเลย,south,voice_7,voice_7,True
audio_data/south/voice_7/voice_7_aug_84.wav,3.2,16000,ขี้เกียจลุกจังฮู้,ขี้เกียจลุกจังเลย,south,voice_7,voice_7,True
audio_data/south/voice_7/voice_7_aug_85.wav,3.2,16000,ขี้เกียจลุกจังฮู้,ขี้เกียจลุกจังเลย,south,voice_7,voice_7,True
audio_data/south/voice_7/voice_7_aug_86.wav,3.2,16000,ขี้เกียจลุกจังฮู้,ขี้เกียจลุกจังเลย,south,voice_7,voice_7,True
audio_data/south/voice_7/voice_7_aug_87.wav,3.2,16000,ขี้เกียจลุกจังฮู้,ขี้เกียจลุกจังเลย,south,voice_7,voice_7,True
audio_data/south/voice_7/voice_7_aug_88.wav,3.2,16000,ขี้เกียจลุกจังฮู้,ขี้เกียจลุกจังเลย,south,voice_7,voice_7,True
audio_data/south/voice_7/voice_7_aug_89.wav,3.2,16000,ขี้เกียจลุกจังฮู้,ขี้เกียจลุกจังเลย,south,voice_7,voice_7,True
audio_data/south/voice_7/voice_7_aug_9.wav,3.2,16000,ขี้เกียจลุกจังฮู้,ขี้เกียจลุกจังเลย,south,voice_7,voice_7,True
audio_data/south/voice_7/voice_7_aug_90.wav,3.2,16000,ขี้เกียจลุกจังฮู้,ขี้เกียจลุกจังเลย,south,voice_7,voice_7,True
audio_data/south/voice_7/voice_7_aug_91.wav,3.2,16000,ขี้เกียจลุกจังฮู้,ขี้เกียจลุกจังเลย,south,voice_7,voice_7,True
audio_data/south/voice_7/voice_7_aug_92.wav,3.2,16000,ขี้เกียจลุกจังฮู้,ขี้เกียจลุกจังเลย,south,voice_7,voice_7,True
audio_data/south/voice_7/voice_7_aug_93.wav,3.2,16000,ขี้เกียจลุกจังฮู้,ขี้เกียจลุกจังเลย,south,voice_7,voice_7,True
audio_data/south/voice_7/voice_7_aug_94.wav,3.2,16000,ขี้เกียจลุกจังฮู้,ขี้เกียจลุกจังเลย,south,voice_7,voice_7,True
audio_data/south/voice_7/voice_7_aug_95.wav,3.2,16000,ขี้เกียจลุกจังฮู้,ขี้เกียจลุกจังเลย,south,voice_7,voice_7,True
audio_data/south/voice_7/voice_7_aug_96.wav,3.2,16000,ขี้เกียจลุกจังฮู้,ขี้เกียจลุกจังเลย,south,voice_7,voice_7,True
audio_data/south/voice_7/voice_7_aug_97.wav,3.2,16000,ขี้เกียจลุกจังฮู้,ขี้เกียจลุกจังเลย,south,voice_7,voice_7,True
audio_data/south/voice_7/voice_7_aug_98.wav,3.2,16000,ขี้เกียจลุกจังฮู้,ขี้เกียจลุกจังเลย,south,voice_7,voice_7,True
audio_data/south/voice_7/voice_7_aug_99.wav,3.2,16000,ขี้เกียจลุกจังฮู้,ขี้เกียจลุกจังเลย,south,voice_7,voice_7,True
audio_data/south/voice_8/voice_8_1.wav,3.499,16000,เนือยช่วยทำอะไรให้กินที,หิวมากช่วยทำอะไรให้กินหน่อย,south,voice_8,voice_8_1,False
audio_data/south/voice_8/voice_8_aug_1.wav,3.499,16000,เนือยช่วยทำอะไรให้กินที,หิวมากช่วยทำอะไรให้กินหน่อย,south,voice_8,voice_8,True
audio_data/south/voice_8/voice_8_aug_10.wav,3.499,16000,เนือยช่วยทำอะไรให้กินที,หิวมากช่วยทำอะไรให้กินหน่อย,south,voice_8,voice_8,True
audio_data/south/voice_8/voice_8_aug_100.wav,3.499,16000,เนือยช่วยทำอะไรให้กินที,หิวมากช่วยทำอะไรให้กินหน่อย,south,voice_8,voice_8,True
audio_data/south/voice_8/voice_8_aug_11.wav,3.499,16000,เนือยช่วยทำอะไรให้กินที,หิวมากช่วยทำอะไรให้กินหน่อย,south,voice_8,voice_8,True
audio_data/south/voice_8/voice_8_aug_12.wav,3.499,16000,เนือยช่วยทำอะไรให้กินที,หิวมากช่วยทำอะไรให้กินหน่อย,south,voice_8,voice_8,True
audio_data/south/voice_8/voice_8_aug_13.wav,3.499,16000,เนือยช่วยทำอะไรให้กินที,หิวมากช่วยทำอะไรให้กินหน่อย,south,voice_8,voice_8,True
audio_data/south/voice_8/voice_8_aug_14.wav,3.499,16000,เนือยช่วยทำอะไรให้กินที,หิวมากช่วยทำอะไรให้กินหน่อย,south,voice_8,voice_8,True
audio_data/south/voice_8/voice_8_aug_15.wav,3.499,16000,เนือยช่วยทำอะไรให้กินที,หิวมากช่วยทำอะไรให้กินหน่อย,south,voice_8,voice_8,True
audio_data/south/voice_8/voice_8_aug_16.wav,3.499,16000,เนือยช่วยทำอะไรให้กินที,หิวมากช่วยทำอะไรให้กินหน่อย,south,voice_8,voice_8,True
audio_data/south/voice_8/voice_8_aug_17.wav,3.499,16000,เนือยช่วยทำอะไรให้กินที,หิวมากช่วยทำอะไรให้กินหน่อย,south,voice_8,voice_8,True
audio_data/south/voice_8/voice_8_aug_18.wav,3.499,16000,เนือยช่วยทำอะไรให้กินที,หิวมากช่วยทำอะไรให้กินหน่อย,south,voice_8,voice_8,True
audio_data/south/voice_8/voice_8_aug_19.wav,3.499,16000,เนือยช่วยทำอะไรให้กินที,หิวมากช่วยทำอะไรให้กินหน่อย,south,voice_8,voice_8,True
audio_data/south/voice_8/voice_8_aug_2.wav,3.499,16000,เนือยช่วยทำอะไรให้กินที,หิวมากช่วยทำอะไรให้กินหน่อย,south,voice_8,voice_8,True
audio_data/south/voice_8/voice_8_aug_20.wav,3.499,16000,เนือยช่วยทำอะไรให้กินที,หิวมากช่วยทำอะไรให้กินหน่อย,south,voice_8,voice_8,True
audio_data/south/voice_8/voice_8_aug_21.wav,3.499,16000,เนือยช่วยทำอะไรให้กินที,หิวมากช่วยทำอะไรให้กินหน่อย,south,voice_8,voice_8,True
audio_data/south/voice_8/voice_8_aug_22.wav,3.499,16000,เนือยช่วยทำอะไรให้กินที,หิวมากช่วยทำอะไรให้กินหน่อย,south,voice_8,voice_8,True
audio_data/south/voice_8/voice_8_aug_23.wav,3.499,16000,เนือยช่วยทำอะไรให้กินที,หิวมากช่วยทำอะไรให้กินหน่อย,south,voice_8,voice_8,True
audio_data/south/voice_8/voice_8_aug_24.wav,3.499,16000,เนือยช่วยทำอะไรให้กินที,หิวมากช่วยทำอะไรให้กินหน่อย,south,voice_8,voice_8,True
audio_data/south/voice_8/voice_8_aug_25.wav,3.499,16000,เนือยช่วยทำอะไรให้กินที,หิวมากช่วยทำอะไรให้กินหน่อย,south,voice_8,voice_8,True
audio_data/south/voice_8/voice_8_aug_26.wav,3.499,16000,เนือยช่วยทำอะไรให้กินที,หิวมากช่วยทำอะไรให้กินหน่อย,south,voice_8,voice_8,True
audio_data/south/voice_8/voice_8_aug_27.wav,3.499,16000,เนือยช่วยทำอะไรให้กินที,หิวมากช่วยทำอะไรให้กินหน่อย,south,voice_8,voice_8,True
audio_data/south/voice_8/voice_8_aug_28.wav,3.499,16000,เนือยช่วยทำอะไรให้กินที,หิวมากช่วยทำอะไรให้กินหน่อย,south,voice_8,voice_8,True
audio_data/south/voice_8/voice_8_aug_29.wav,3.499,16000,เนือยช่วยทำอะไรให้กินที,หิวมากช่วยทำอะไรให้กินหน่อย,south,voice_8,voice_8,True
audio_data/south/voice_8/voice_8_aug_3.wav,3.499,16000,เนือยช่วยทำอะไรให้กินที,หิวมากช่วยทำอะไรให้กินหน่อย,south,voice_8,voice_8,True
audio_data/south/voice_8/voice_8_aug_30.wav,3.499,16000,เนือยช่วยทำอะไรให้กินที,หิวมากช่วยทำอะไรให้กินหน่อย,south,voice_8,voice_8,True
audio_data/south/voice_8/voice_8_aug_31.wav,3.499,16000,เนือยช่วยทำอะไรให้กินที,หิวมากช่วยทำอะไรให้กินหน่อย,south,voice_8,voice_8,True
audio_data/south/voice_8/voice_8_aug_32.wav,3.499,16000,เนือยช่วยทำอะไรให้กินที,หิวมากช่วยทำอะไรให้กินหน่อย,south,voice_8,voice_8,True
audio_data/south/voice_8/voice_8_aug_33.wav,3.499,16000,เนือยช่วยทำอะไรให้กินที,หิวมากช่วยทำอะไรให้กินหน่อย,south,voice_8,voice_8,True
audio_data/south/voice_8/voice_8_aug_34.wav,3.499,16000,เนือยช่วยทำอะไรให้กินที,หิวมากช่วยทำอะไรให้กินหน่อย,south,voice_8,voice_8,True
audio_data/south/voice_8/voice_8_aug_35.wav,3.499,16000,เนือยช่วยทำอะไรให้กินที,หิวมากช่วยทำอะไรให้กินหน่อย,south,voice_8,voice_8,True
audio_data/south/voice_8/voice_8_aug_36.wav,3.499,16000,เนือยช่วยทำอะไรให้กินที,หิวมากช่วยทำอะไรให้กินหน่อย,south,voice_8,voice_8,True
audio_data/south/voice_8/voice_8_aug_37.wav,3.499,16000,เนือยช่วยทำอะไรให้กินที,หิวมากช่วยทำอะไรให้กินหน่อย,south,voice_8,voice_8,True
audio_data/south/voice_8/voice_8_aug_38.wav,3.499,16000,เนือยช่วยทำอะไรให้กินที,หิวมากช่วยทำอะไรให้กินหน่อย,south,voice_8,voice_8,True
audio_data/south/voice_8/voice_8_aug_39.wav,3.499,16000,เนือยช่วยทำอะไรให้กินที,หิวมากช่วยทำอะไรให้กินหน่อย,south,voice_8,voice_8,True
audio_data/south/voice_8/voice_8_aug_4.wav,3.499,16000,เนือยช่วยทำอะไรให้กินที,หิวมากช่วยทำอะไรให้กินหน่อย,south,voice_8,voice_8,True
audio_data/south/voice_8/voice_8_aug_40.wav,3.499,16000,เนือยช่วยทำอะไรให้กินที,หิวมากช่วยทำอะไรให้กินหน่อย,south,voice_8,voice_8,True
audio_data/south/voice_8/voice_8_aug_41.wav,3.499,16000,เนือยช่วยทำอะไรให้กินที,หิวมากช่วยทำอะไรให้กินหน่อย,south,voice_8,voice_8,True
audio_data/south/voice_8/voice_8_aug_42.wav,3.499,16000,เนือยช่วยทำอะไรให้กินที,หิวมากช่วยทำอะไรให้กินหน่อย,south,voice_8,voice_8,True
audio_data/south/voice_8/voice_8_aug_43.wav,3.499,16000,เนือยช่วยทำอะไรให้กินที,หิวมากช่วยทำอะไรให้กินหน่อย,south,voice_8,voice_8,True
audio_data/south/voice_8/voice_8_aug_44.wav,3.499,16000,เนือยช่วยทำอะไรให้กินที,หิวมากช่วยทำอะไรให้กินหน่อย,south,voice_8,voice_8,True
audio_data/south/voice_8/voice_8_aug_45.wav,3.499,16000,เนือยช่วยทำอะไรให้กินที,หิวมากช่วยทำอะไรให้กินหน่อย,south,voice_8,voice_8,True
audio_data/south/voice_8/voice_8_aug_46.wav,3.499,16000,เนือยช่วยทำอะไรให้กินที,หิวมากช่วยทำอะไรให้กินหน่อย,south,voice_8,voice_8,True
audio_data/south/voice_8/voice_8_aug_47.wav,3.499,16000,เนือยช่วยทำอะไรให้กินที,หิวมากช่วยทำอะไรให้กินหน่อย,south,voice_8,voice_8,True
audio_data/south/voice_8/voice_8_aug_48.wav,3.499,16000,เนือยช่วยทำอะไรให้กินที,หิวมากช่วยทำอะไรให้กินหน่อย,south,voice_8,voice_8,True
audio_data/south/voice_8/voice_8_aug_49.wav,3.499,16000,เนือยช่วยทำอะไรให้กินที,หิวมากช่วยทำอะไรให้กินหน่อย,south,voice_8,voice_8,True
audio_data/south/voice_8/voice_8_aug_5.wav,3.499,16000,เนือยช่วยทำอะไรให้กินที,หิวมากช่วยทำอะไรให้กินหน่อย,south,voice_8,voice_8,True
audio_data/south/voice_8/voice_8_aug_50.wav,3.499,16000,เนือยช่วยทำอะไรให้กินที,หิวมากช่วยทำอะไรให้กินหน่อย,south,voice_8,voice_8,True
audio_data/south/voice_8/voice_8_aug_51.wav,3.499,16000,เนือยช่วยทำอะไรให้กินที,หิวมากช่วยทำอะไรให้กินหน่อย,south,voice_8,voice_8,True
audio_data/south/voice_8/voice_8_aug_52.wav,3.499,16000,เนือยช่วยทำอะไรให้กินที,หิวมากช่วยทำอะไรให้กินหน่อย,south,voice_8,voice_8,True
audio_data/south/voice_8/voice_8_aug_53.wav,3.499,16000,เนือยช่วยทำอะไรให้กินที,หิวมากช่วยทำอะไรให้กินหน่อย,south,voice_8,voice_8,True
audio_data/south/voice_8/voice_8_aug_54.wav,3.499,16000,เนือยช่วยทำอะไรให้กินที,หิวมากช่วยทำอะไรให้กินหน่อย,south,voice_8,voice_8,True
audio_data/south/voice_8/voice_8_aug_55.wav,3.499,16000,เนือยช่วยทำอะไรให้กินที,หิวมากช่วยทำอะไรให้กินหน่อย,south,voice_8,voice_8,True
audio_data/south/voice_8/voice_8_aug_56.wav,3.499,16000,เนือยช่วยทำอะไรให้กินที,หิวมากช่วยทำอะไรให้กินหน่อย,south,voice_8,voice_8,True
audio_data/south/voice_8/voice_8_aug_57.wav,3.499,16000,เนือยช่วยทำอะไรให้กินที,หิวมากช่วยทำอะไรให้กินหน่อย,south,voice_8,voice_8,True
audio_data/south/voice_8/voice_8_aug_58.wav,3.499,16000,เนือยช่วยทำอะไรให้กินที,หิวมากช่วยทำอะไรให้กินหน่อย,south,voice_8,voice_8,True
audio_data/south/voice_8/voice_8_aug_59.wav,3.499,16000,เนือยช่วยทำอะไรให้กินที,หิวมากช่วยทำอะไรให้กินหน่อย,south,voice_8,voice_8,True
audio_data/south/voice_8/voice_8_aug_6.wav,3.499,16000,เนือยช่วยทำอะไรให้กินที,หิวมากช่วยทำอะไรให้กินหน่อย,south,voice_8,voice_8,True
audio_data/south/voice_8/voice_8_aug_60.wav,3.499,16000,เนือยช่วยทำอะไรให้กินที,หิวมากช่วยทำอะไรให้กินหน่อย,south,voice_8,voice_8,True
audio_data/south/voice_8/voice_8_aug_61.wav,3.499,16000,เนือยช่วยทำอะไรให้กินที,หิวมากช่วยทำอะไรให้กินหน่อย,south,voice_8,voice_8,True
audio_data/south/voice_8/voice_8_aug_62.wav,3.499,16000,เนือยช่วยทำอะไรให้กินที,หิวมากช่วยทำอะไรให้กินหน่อย,south,voice_8,voice_8,True
audio_data/south/voice_8/voice_8_aug_63.wav,3.499,16000,เนือยช่วยทำอะไรให้กินที,หิวมากช่วยทำอะไรให้กินหน่อย,south,voice_8,voice_8,True
audio_data/south/voice_8/voice_8_aug_64.wav,3.499,16000,เนือยช่วยทำอะไรให้กินที,หิวมากช่วยทำอะไรให้กินหน่อย,south,voice_8,voice_8,True
audio_data/south/voice_8/voice_8_aug_65.wav,3.499,16000,เนือยช่วยทำอะไรให้กินที,หิวมากช่วยทำอะไรให้กินหน่อย,south,voice_8,voice_8,True
audio_data/south/voice_8/voice_8_aug_66.wav,3.499,16000,เนือยช่วยทำอะไรให้กินที,หิวมากช่วยทำอะไรให้กินหน่อย,south,voice_8,voice_8,True
audio_data/south/voice_8/voice_8_aug_67.wav,3.499,16000,เนือยช่วยทำอะไรให้กินที,หิวมากช่วยทำอะไรให้กินหน่อย,south,voice_8,voice_8,True
audio_data/south/voice_8/voice_8_aug_68.wav,3.499,16000,เนือยช่วยทำอะไรให้กินที,หิวมากช่วยทำอะไรให้กินหน่อย,south,voice_8,voice_8,True
audio_data/south/voice_8/voice_8_aug_69.wav,3.499,16000,เนือยช่วยทำอะไรให้กินที,หิวมากช่วยทำอะไรให้กินหน่อย,south,voice_8,voice_8,True
audio_data/south/voice_8/voice_8_aug_7.wav,3.499,16000,เนือยช่วยทำอะไรให้กินที,หิวมากช่วยทำอะไรให้กินหน่อย,south,voice_8,voice_8,True
audio_data/south/voice_8/voice_8_aug_70.wav,3.499,16000,เนือยช่วยทำอะไรให้กินที,หิวมากช่วยทำอะไรให้กินหน่อย,south,voice_8,voice_8,True
audio_data/south/voice_8/voice_8_aug_71.wav,3.499,16000,เนือยช่วยทำอะไรให้กินที,หิวมากช่วยทำอะไรให้กินหน่อย,south,voice_8,voice_8,True
audio_data/south/voice_8/voice_8_aug_72.wav,3.499,16000,เนือยช่วยทำอะไรให้กินที,หิวมากช่วยทำอะไรให้กินหน่อย,south,voice_8,voice_8,True
audio_data/south/voice_8/voice_8_aug_73.wav,3.499,16000,เนือยช่วยทำอะไรให้กินที,หิวมากช่วยทำอะไรให้กินหน่อย,south,voice_8,voice_8,True
audio_data/south/voice_8/voice_8_aug_74.wav,3.499,16000,เนือยช่วยทำอะไรให้กินที,หิวมากช่วยทำอะไรให้กินหน่อย,south,voice_8,voice_8,True
audio_data/south/voice_8/voice_8_aug_75.wav,3.499,16000,เนือยช่วยทำอะไรให้กินที,หิวมากช่วยทำอะไรให้กินหน่อย,south,voice_8,voice_8,True
audio_data/south/voice_8/voice_8_aug_76.wav,3.499,16000,เนือยช่วยทำอะไรให้กินที,หิวมากช่วยทำอะไรให้กินหน่อย,south,voice_8,voice_8,True
audio_data/south/voice_8/voice_8_aug_77.wav,3.499,16000,เนือยช่วยทำอะไรให้กินที,หิวมากช่วยทำอะไรให้กินหน่อย,south,voice_8,voice_8,True
audio_data/south/voice_8/voice_8_aug_78.wav,3.499,16000,เนือยช่วยทำอะไรให้กินที,หิวมากช่วยทำอะไรให้กินหน่อย,south,voice_8,voice_8,True
audio_data/south/voice_8/voice_8_aug_79.wav,3.499,16000,เนือยช่วยทำอะไรให้กินที,หิวมากช่วยทำอะไรให้กินหน่อย,south,voice_8,voice_8,True
audio_data/south/voice_8/voice_8_aug_8.wav,3.499,16000,เนือยช่วยทำอะไรให้กินที,หิวมากช่วยทำอะไรให้กินหน่อย,south,voice_8,voice_8,True
audio_data/south/voice_8/voice_8_aug_80.wav,3.499,16000,เนือยช่วยทำอะไรให้กินที,หิวมากช่วยทำอะไรให้กินหน่อย,south,voice_8,voice_8,True
audio_data/south/voice_8/voice_8_aug_81.wav,3.499,16000,เนือยช่วยทำอะไรให้กินที,หิวมากช่วยทำอะไรให้กินหน่อย,south,voice_8,voice_8,True
audio_data/south/voice_8/voice_8_aug_82.wav,3.499,16000,เนือยช่วยทำอะไรให้กินที,หิวมากช่วยทำอะไรให้กินหน่อย,south,voice_8,voice_8,True
audio_data/south/voice_8/voice_8_aug_83.wav,3.499,16000,เนือยช่วยทำอะไรให้กินที,หิวมากช่วยทำอะไรให้กินหน่อย,south,voice_8,voice_8,True
audio_data/south/voice_8/voice_8_aug_84.wav,3.499,16000,เนือยช่วยทำอะไรให้กินที,หิวมากช่วยทำอะไรให้กินหน่อย,south,voice_8,voice_8,True
audio_data/south/voice_8/voice_8_aug_85.wav,3.499,16000,เนือยช่วยทำอะไรให้กินที,หิวมากช่วยทำอะไรให้กินหน่อย,south,voice_8,voice_8,True
audio_data/south/voice_8/voice_8_aug_86.wav,3.499,16000,เนือยช่วยทำอะไรให้กินที,หิวมากช่วยทำอะไรให้กินหน่อย,south,voice_8,voice_8,True
audio_data/south/voice_8/voice_8_aug_87.wav,3.499,16000,เนือยช่วยทำอะไรให้กินที,หิวมากช่วยทำอะไรให้กินหน่อย,south,voice_8,voice_8,True
audio_data/south/voice_8/voice_8_aug_88.wav,3.499,16000,เนือยช่วยทำอะไรให้กินที,หิวมากช่วยทำอะไรให้กินหน่อย,south,voice_8,voice_8,True
audio_data/south/voice_8/voice_8_aug_89.wav,3.499,16000,เนือยช่วยทำอะไรให้กินที,หิวมากช่วยทำอะไรให้กินหน่อย,south,voice_8,voice_8,True
audio_data/south/voice_8/voice_8_aug_9.wav,3.499,16000,เนือยช่วยทำอะไรให้กินที,หิวมากช่วยทำอะไรให้กินหน่อย,south,voice_8,voice_8,True
audio_data/south/voice_8/voice_8_aug_90.wav,3.499,16000,เนือยช่วยทำอะไรให้กินที,หิวมากช่วยทำอะไรให้กินหน่อย,south,voice_8,voice_8,True
audio_data/south/voice_8/voice_8_aug_91.wav,3.499,16000,เนือยช่วยทำอะไรให้กินที,หิวมากช่วยทำอะไรให้กินหน่อย,south,voice_8,voice_8,True
audio_data/south/voice_8/voice_8_aug_92.wav,3.499,16000,เนือยช่วยทำอะไรให้กินที,หิวมากช่วยทำอะไรให้กินหน่อย,south,voice_8,voice_8,True
audio_data/south/voice_8/voice_8_aug_93.wav,3.499,16000,เนือยช่วยทำอะไรให้กินที,หิวมากช่วยทำอะไรให้กินหน่อย,south,voice_8,voice_8,True
audio_data/south/voice_8/voice_8_aug_94.wav,3.499,16000,เนือยช่วยทำอะไรให้กินที,หิวมากช่วยทำอะไรให้กินหน่อย,south,voice_8,voice_8,True
audio_data/south/voice_8/voice_8_aug_95.wav,3.499,16000,เนือยช่วยทำอะไรให้กินที,หิวมากช่วยทำอะไรให้กินหน่อย,south,voice_8,voice_8,True
audio_data/south/voice_8/voice_8_aug_96.wav,3.499,16000,เนือยช่วยทำอะไรให้กินที,หิวมากช่วยทำอะไรให้กินหน่อย,south,voice_8,voice_8,True
audio_data/south/voice_8/voice_8_aug_97.wav,3.499,16000,เนือยช่วยทำอะไรให้กินที,หิวมากช่วยทำอะไรให้กินหน่อย,south,voice_8,voice_8,True
audio_data/south/voice_8/voice_8_aug_98.wav,3.499,16000,เนือยช่วยทำอะไรให้กินที,หิวมากช่วยทำอะไรให้กินหน่อย,south,voice_8,voice_8,True
audio_data/south/voice_8/voice_8_aug_99.wav,3.499,16000,เนือยช่วยทำอะไรให้กินที,หิวมากช่วยทำอะไรให้กินหน่อย,south,voice_8,voice_8,True
audio_data/south/voice_9/voice_9_1.wav,2.859,16000,หวังเหวิดแม่,เป็นห่วงแม่,south,voice_9,voice_9_1,False
audio_data/south/voice_9/voice_9_aug_1.wav,2.859,16000,หวังเหวิดแม่,เป็นห่วงแม่,south,voice_9,voice_9,True
audio_data/south/voice_9/voice_9_aug_10.wav,2.859,16000,หวังเหวิดแม่,เป็นห่วงแม่,south,voice_9,voice_9,True
audio_data/south/voice_9/voice_9_aug_100.wav,2.859,16000,หวังเหวิดแม่,เป็นห่วงแม่,south,voice_9,voice_9,True
audio_data/south/voice_9/voice_9_aug_11.wav,2.859,16000,หวังเหวิดแม่,เป็นห่วงแม่,south,voice_9,voice_9,True
audio_data/south/voice_9/voice_9_aug_12.wav,2.859,16000,หวังเหวิดแม่,เป็นห่วงแม่,south,voice_9,voice_9,True
audio_data/south/voice_9/voice_9_aug_13.wav,2.859,16000,หวังเหวิดแม่,เป็นห่วงแม่,south,voice_9,voice_9,True
audio_data/south/voice_9/voice_9_aug_14.wav,2.859,16000,หวังเหวิดแม่,เป็นห่วงแม่,south,voice_9,voice_9,True
audio_data/south/voice_9/voice_9_aug_15.wav,2.859,16000,หวังเหวิดแม่,เป็นห่วงแม่,south,voice_9,voice_9,True
audio_data/south/voice_9/voice_9_aug_16.wav,2.859,16000,หวังเหวิดแม่,เป็นห่วงแม่,south,voice_9,voice_9,True
audio_data/south/voice_9/voice_9_aug_17.wav,2.859,16000,หวังเหวิดแม่,เป็นห่วงแม่,south,voice_9,voice_9,True
audio_data/south/voice_9/voice_9_aug_18.wav,2.859,16000,หวังเหวิดแม่,เป็นห่วงแม่,south,voice_9,voice_9,True
audio_data/south/voice_9/voice_9_aug_19.wav,2.859,16000,หวังเหวิดแม่,เป็นห่วงแม่,south,voice_9,voice_9,True
audio_data/south/voice_9/voice_9_aug_2.wav,2.859,16000,หวังเหวิดแม่,เป็นห่วงแม่,south,voice_9,voice_9,True
audio_data/south/voice_9/voice_9_aug_20.wav,2.859,16000,หวังเหวิดแม่,เป็นห่วงแม่,south,voice_9,voice_9,True
audio_data/south/voice_9/voice_9_aug_21.wav,2.859,16000,หวังเหวิดแม่,เป็นห่วงแม่,south,voice_9,voice_9,True
audio_data/south/voice_9/voice_9_aug_22.wav,2.859,16000,หวังเหวิดแม่,เป็นห่วงแม่,south,voice_9,voice_9,True
audio_data/south/voice_9/voice_9_aug_23.wav,2.859,16000,หวังเหวิดแม่,เป็นห่วงแม่,south,voice_9,voice_9,True
audio_data/south/voice_9/voice_9_aug_24.wav,2.859,16000,หวังเหวิดแม่,เป็นห่วงแม่,south,voice_9,voice_9,True
audio_data/south/voice_9/voice_9_aug_25.wav,2.859,16000,หวังเหวิดแม่,เป็นห่วงแม่,south,voice_9,voice_9,True
audio_data/south/voice_9/voice_9_aug_26.wav,2.859,16000,หวังเหวิดแม่,เป็นห่วงแม่,south,voice_9,voice_9,True
audio_data/south/voice_9/voice_9_aug_27.wav,2.859,16000,หวังเหวิดแม่,เป็นห่วงแม่,south,voice_9,voice_9,True
audio_data/south/voice_9/voice_9_aug_28.wav,2.859,16000,หวังเหวิดแม่,เป็นห่วงแม่,south,voice_9,voice_9,True
audio_data/south/voice_9/voice_9_aug_29.wav,2.859,16000,หวังเหวิดแม่,เป็นห่วงแม่,south,voice_9,voice_9,True
audio_data/south/voice_9/voice_9_aug_3.wav,2.859,16000,หวังเหวิดแม่,เป็นห่วงแม่,south,voice_9,voice_9,True
audio_data/south/voice_9/voice_9_aug_30.wav,2.859,16000,หวังเหวิดแม่,เป็นห่วงแม่,south,voice_9,voice_9,True
audio_data/south/voice_9/voice_9_aug_31.wav,2.859,16000,หวังเหวิดแม่,เป็นห่วงแม่,south,voice_9,voice_9,True
audio_data/south/voice_9/voice_9_aug_32.wav,2.859,16000,หวังเหวิดแม่,เป็นห่วงแม่,south,voice_9,voice_9,True
audio_data/south/voice_9/voice_9_aug_33.wav,2.859,16000,หวังเหวิดแม่,เป็นห่วงแม่,south,voice_9,voice_9,True
audio_data/south/voice_9/voice_9_aug_34.wav,2.859,16000,หวังเหวิดแม่,เป็นห่วงแม่,south,voice_9,voice_9,True
audio_data/south/voice_9/voice_9_aug_35.wav,2.859,16000,หวังเหวิดแม่,เป็นห่วงแม่,south,voice_9,voice_9,True
audio_data/south/voice_9/voice_9_aug_36.wav,2.859,16000,หวังเหวิดแม่,เป็นห่วงแม่,south,voice_9,voice_9,True
audio_data/south/voice_9/voice_9_aug_37.wav,2.859,16000,หวังเหวิดแม่,เป็นห่วงแม่,south,voice_9,voice_9,True
audio_data/south/voice_9/voice_9_aug_38.wav,2.859,16000,หวังเหวิดแม่,เป็นห่วงแม่,south,voice_9,voice_9,True
audio_data/south/voice_9/voice_9_aug_39.wav,2.859,16000,หวังเหวิดแม่,เป็นห่วงแม่,south,voice_9,voice_9,True
audio_data/south/voice_9/voice_9_aug_4.wav,2.859,16000,หวังเหวิดแม่,เป็นห่วงแม่,south,voice_9,voice_9,True
audio_data/south/voice_9/voice_9_aug_40.wav,2.859,16000,หวังเหวิดแม่,เป็นห่วงแม่,south,voice_9,voice_9,True
audio_data/south/voice_9/voice_9_aug_41.wav,2.859,16000,หวังเหวิดแม่,เป็นห่วงแม่,south,voice_9,voice_9,True
audio_data/south/voice_9/voice_9_aug_42.wav,2.859,16000,หวังเหวิดแม่,เป็นห่วงแม่,south,voice_9,voice_9,True
audio_data/south/voice_9/voice_9_aug_43.wav,2.859,16000,หวังเหวิดแม่,เป็นห่วงแม่,south,voice_9,voice_9,True
audio_data/south/voice_9/voice_9_aug_44.wav,2.859,16000,หวังเหวิดแม่,เป็นห่วงแม่,south,voice_9,voice_9,True
audio_data/south/voice_9/voice_9_aug_45.wav,2.859,16000,หวังเหวิดแม่,เป็นห่วงแม่,south,voice_9,voice_9,True
audio_data/south/voice_9/voice_9_aug_46.wav,2.859,16000,หวังเหวิดแม่,เป็นห่วงแม่,south,voice_9,voice_9,True
audio_data/south/voice_9/voice_9_aug_47.wav,2.859,16000,หวังเหวิดแม่,เป็นห่วงแม่,south,voice_9,voice_9,True
audio_data/south/voice_9/voice_9_aug_48.wav,2.859,16000,หวังเหวิดแม่,เป็นห่วงแม่,south,voice_9,voice_9,True
audio_data/south/voice_9/voice_9_aug_49.wav,2.859,16000,หวังเหวิดแม่,เป็นห่วงแม่,south,voice_9,voice_9,True
audio_data/south/voice_9/voice_9_aug_5.wav,2.859,16000,หวังเหวิดแม่,เป็นห่วงแม่,south,voice_9,voice_9,True
audio_data/south/voice_9/voice_9_aug_50.wav,2.859,16000,หวังเหวิดแม่,เป็นห่วงแม่,south,voice_9,voice_9,True
audio_data/south/voice_9/voice_9_aug_51.wav,2.859,16000,หวังเหวิดแม่,เป็นห่วงแม่,south,voice_9,voice_9,True
audio_data/south/voice_9/voice_9_aug_52.wav,2.859,16000,หวังเหวิดแม่,เป็นห่วงแม่,south,voice_9,voice_9,True
audio_data/south/voice_9/voice_9_aug_53.wav,2.859,16000,หวังเหวิดแม่,เป็นห่วงแม่,south,voice_9,voice_9,True
audio_data/south/voice_9/voice_9_aug_54.wav,2.859,16000,หวังเหวิดแม่,เป็นห่วงแม่,south,voice_9,voice_9,True
audio_data/south/voice_9/voice_9_aug_55.wav,2.859,16000,หวังเหวิดแม่,เป็นห่วงแม่,south,voice_9,voice_9,True
audio_data/south/voice_9/voice_9_aug_56.wav,2.859,16000,หวังเหวิดแม่,เป็นห่วงแม่,south,voice_9,voice_9,True
audio_data/south/voice_9/voice_9_aug_57.wav,2.859,16000,หวังเหวิดแม่,เป็นห่วงแม่,south,voice_9,voice_9,True
audio_data/south/voice_9/voice_9_aug_58.wav,2.859,16000,หวังเหวิดแม่,เป็นห่วงแม่,south,voice_9,voice_9,True
audio_data/south/voice_9/voice_9_aug_59.wav,2.859,16000,หวังเหวิดแม่,เป็นห่วงแม่,south,voice_9,voice_9,True
audio_data/south/voice_9/voice_9_aug_6.wav,2.859,16000,หวังเหวิดแม่,เป็นห่วงแม่,south,voice_9,voice_9,True
audio_data/south/voice_9/voice_9_aug_60.wav,2.859,16000,หวังเหวิดแม่,เป็นห่วงแม่,south,voice_9,voice_9,True
audio_data/south/voice_9/voice_9_aug_61.wav,2.859,16000,หวังเหวิดแม่,เป็นห่วงแม่,south,voice_9,voice_9,True
audio_data/south/voice_9/voice_9_aug_62.wav,2.859,16000,หวังเหวิดแม่,เป็นห่วงแม่,south,voice_9,voice_9,True
audio_data/south/voice_9/voice_9_aug_63.wav,2.859,16000,หวังเหวิดแม่,เป็นห่วงแม่,south,voice_9,voice_9,True
audio_data/south/voice_9/voice_9_aug_64.wav,2.859,16000,หวังเหวิดแม่,เป็นห่วงแม่,south,voice_9,voice_9,True
audio_data/south/voice_9/voice_9_aug_65.wav,2.859,16000,หวังเหวิดแม่,เป็นห่วงแม่,south,voice_9,voice_9,True
audio_data/south/voice_9/voice_9_aug_66.wav,2.859,16000,หวังเหวิดแม่,เป็นห่วงแม่,south,voice_9,voice_9,True
audio_data/south/voice_9/voice_9_aug_67.wav,2.859,16000,หวังเหวิดแม่,เป็นห่วงแม่,south,voice_9,voice_9,True
audio_data/south/voice_9/voice_9_aug_68.wav,2.859,16000,หวังเหวิดแม่,เป็นห่วงแม่,south,voice_9,voice_9,True
audio_data/south/voice_9/voice_9_aug_69.wav,2.859,16000,หวังเหวิดแม่,เป็นห่วงแม่,south,voice_9,voice_9,True
audio_data/south/voice_9/voice_9_aug_7.wav,2.859,16000,หวังเหวิดแม่,เป็นห่วงแม่,south,voice_9,voice_9,True
audio_data/south/voice_9/voice_9_aug_70.wav,2.859,16000,หวังเหวิดแม่,เป็นห่วงแม่,south,voice_9,voice_9,True
audio_data/south/voice_9/voice_9_aug_71.wav,2.859,16000,หวังเหวิดแม่,เป็นห่วงแม่,south,voice_9,voice_9,True
audio_data/south/voice_9/voice_9_aug_72.wav,2.859,16000,หวังเหวิดแม่,เป็นห่วงแม่,south,voice_9,voice_9,True
audio_data/south/voice_9/voice_9_aug_73.wav,2.859,16000,หวังเหวิดแม่,เป็นห่วงแม่,south,voice_9,voice_9,True
audio_data/south/voice_9/voice_9_aug_74.wav,2.859,16000,หวังเหวิดแม่,เป็นห่วงแม่,south,voice_9,voice_9,True
audio_data/south/voice_9/voice_9_aug_75.wav,2.859,16000,หวังเหวิดแม่,เป็นห่วงแม่,south,voice_9,voice_9,True
audio_data/south/voice_9/voice_9_aug_76.wav,2.859,16000,หวังเหวิดแม่,เป็นห่วงแม่,south,voice_9,voice_9,True
audio_data/south/voice_9/voice_9_aug_77.wav,2.859,16000,หวังเหวิดแม่,เป็นห่วงแม่,south,voice_9,voice_9,True
audio_data/south/voice_9/voice_9_aug_78.wav,2.859,16000,หวังเหวิดแม่,เป็นห่วงแม่,south,voice_9,voice_9,True
audio_data/south/voice_9/voice_9_aug_79.wav,2.859,16000,หวังเหวิดแม่,เป็นห่วงแม่,south,voice_9,voice_9,True
audio_data/south/voice_9/voice_9_aug_8.wav,2.859,16000,หวังเหวิดแม่,เป็นห่วงแม่,south,voice_9,voice_9,True
audio_data/south/voice_9/voice_9_aug_80.wav,2.859,16000,หวังเหวิดแม่,เป็นห่วงแม่,south,voice_9,voice_9,True
audio_data/south/voice_9/voice_9_aug_81.wav,2.859,16000,หวังเหวิดแม่,เป็นห่วงแม่,south,voice_9,voice_9,True
audio_data/south/voice_9/voice_9_aug_82.wav,2.859,16000,หวังเหวิดแม่,เป็นห่วงแม่,south,voice_9,voice_9,True
audio_data/south/voice_9/voice_9_aug_83.wav,2.859,16000,หวังเหวิดแม่,เป็นห่วงแม่,south,voice_9,voice_9,True
audio_data/south/voice_9/voice_9_aug_84.wav,2.859,16000,หวังเหวิดแม่,เป็นห่วงแม่,south,voice_9,voice_9,True
audio_data/south/voice_9/voice_9_aug_85.wav,2.859,16000,หวังเหวิดแม่,เป็นห่วงแม่,south,voice_9,voice_9,True
audio_data/south/voice_9/voice_9_aug_86.wav,2.859,16000,หวังเหวิดแม่,เป็นห่วงแม่,south,voice_9,voice_9,True
audio_data/south/voice_9/voice_9_aug_87.wav,2.859,16000,หวังเหวิดแม่,เป็นห่วงแม่,south,voice_9,voice_9,True
audio_data/south/voice_9/voice_9_aug_88.wav,2.859,16000,หวังเหวิดแม่,เป็นห่วงแม่,south,voice_9,voice_9,True
audio_data/south/voice_9/voice_9_aug_89.wav,2.859,16000,หวังเหวิดแม่,เป็นห่วงแม่,south,voice_9,voice_9,True
audio_data/south/voice_9/voice_9_aug_9.wav,2.859,16000,หวังเหวิดแม่,เป็นห่วงแม่,south,voice_9,voice_9,True
audio_data/south/voice_9/voice_9_aug_90.wav,2.859,16000,หวังเหวิดแม่,เป็นห่วงแม่,south,voice_9,voice_9,True
audio_data/south/voice_9/voice_9_aug_91.wav,2.859,16000,หวังเหวิดแม่,เป็นห่วงแม่,south,voice_9,voice_9,True
audio_data/south/voice_9/voice_9_aug_92.wav,2.859,16000,หวังเหวิดแม่,เป็นห่วงแม่,south,voice_9,voice_9,True
audio_data/south/voice_9/voice_9_aug_93.wav,2.859,16000,หวังเหวิดแม่,เป็นห่วงแม่,south,voice_9,voice_9,True
audio_data/south/voice_9/voice_9_aug_94.wav,2.859,16000,หวังเหวิดแม่,เป็นห่วงแม่,south,voice_9,voice_9,True
audio_data/south/voice_9/voice_9_aug_95.wav,2.859,16000,หวังเหวิดแม่,เป็นห่วงแม่,south,voice_9,voice_9,True
audio_data/south/voice_9/voice_9_aug_96.wav,2.859,16000,หวังเหวิดแม่,เป็นห่วงแม่,south,voice_9,voice_9,True
audio_data/south/voice_9/voice_9_aug_97.wav,2.859,16000,หวังเหวิดแม่,เป็นห่วงแม่,south,voice_9,voice_9,True
audio_data/south/voice_9/voice_9_aug_98.wav,2.859,16000,หวังเหวิดแม่,เป็นห่วงแม่,south,voice_9,voice_9,True
audio_data/south/voice_9/voice_9_aug_99.wav,2.859,16000,หวังเหวิดแม่,เป็นห่วงแม่,south,voice_9,voice_9,True
